Rank,Release Group,Worldwide,Domestic,Domestic_percent,Foreign,Foreign_percent,year
0,Mission: Impossible II,"54,63,88,108","21,54,09,889",39.40%,"33,09,78,219",60.60%,2000
1,Gladiator,"46,05,83,960","18,77,05,427",40.80%,"27,28,78,533",59.20%,2000
2,Cast Away,"42,96,32,142","23,36,32,142",54.40%,"19,60,00,000",45.60%,2000
3,What Women Want,"37,41,11,707","18,28,11,707",48.90%,"19,13,00,000",51.10%,2000
4,Dinosaur,"34,98,22,765","13,77,48,063",39.40%,"21,20,74,702",60.60%,2000
5,How the Grinch Stole Christmas,"34,58,42,198","26,07,45,620",75.40%,"8,50,96,578",24.60%,2000
6,Meet the Parents,"33,04,44,045","16,62,44,045",50.30%,"16,42,00,000",49.70%,2000
7,The Perfect Storm,"32,87,18,434","18,26,18,434",55.60%,"14,61,00,000",44.40%,2000
8,X0Men,"29,63,39,528","15,72,99,718",53.10%,"13,90,39,810",46.90%,2000
9,What Lies Beneath,"29,14,20,351","15,54,64,351",53.30%,"13,59,56,000",46.70%,2000
10,Scary Movie,"27,80,19,771","15,70,19,771",56.50%,"12,10,00,000",43.50%,2000
11,Charlie's Angels,"26,41,05,545","12,53,05,545",47.40%,"13,88,00,000",52.60%,2000
12,Erin Brockovich,"25,62,71,286","12,55,95,205",49%,"13,06,76,081",51%,2000
13,Unbreakable,"24,81,18,121","9,50,11,339",38.30%,"15,31,06,782",61.70%,2000
14,Gone in 60 Seconds,"23,72,02,299","10,16,48,571",42.90%,"13,55,53,728",57.10%,2000
15,Chicken Run,"22,48,34,564","10,68,34,564",47.50%,"11,80,00,000",52.50%,2000
16,Vertical Limit,"21,56,63,859","6,92,43,859",32.10%,"14,64,20,000",67.90%,2000
17,The Patriot,"21,52,94,342","11,33,30,342",52.60%,"10,19,64,000",47.40%,2000
18,"Crouching Tiger, Hidden Dragon","21,35,25,736","12,80,78,872",60%,"8,54,46,864",40%,2000
19,Miss Congeniality,"21,27,42,720","10,68,07,667",50.20%,"10,59,35,053",49.80%,2000
20,Traffic,"20,75,15,725","12,41,15,725",59.80%,"8,34,00,000",40.20%,2000
21,Hollow Man,"19,02,13,455","7,32,09,340",38.50%,"11,70,04,115",61.50%,2000
22,102 Dalmatians,"18,36,11,771","6,69,57,026",36.50%,"11,66,54,745",63.50%,2000
23,Big Momma's House,"17,39,59,438","11,75,59,438",67.60%,"5,64,00,000",32.40%,2000
24,The Emperor's New Groove,"16,93,27,687","8,93,02,687",52.70%,"8,00,25,000",47.30%,2000
25,Nutty Professor II: The Klumps,"16,63,39,890","12,33,09,890",74.10%,"4,30,30,000",25.90%,2000
26,Scream 3,"16,18,34,276","8,91,43,175",55.10%,"7,26,91,101",44.90%,2000
27,Chocolat,"15,26,99,946","7,15,09,363",46.80%,"8,11,90,583",53.20%,2000
28,"Me, Myself & Irene","14,92,70,999","9,05,70,999",60.70%,"5,87,00,000",39.30%,2000
29,The Beach,"14,40,56,873","3,97,85,027",27.60%,"10,42,71,846",72.40%,2000
30,Remember the Titans,"13,67,06,683","11,56,54,751",84.60%,"2,10,51,932",15.40%,2000
31,Pokémon the Movie 2000,"13,39,49,270","4,37,58,684",32.70%,"9,01,90,586",67.30%,2000
32,Space Cowboys,"12,88,84,132","9,04,64,773",70.20%,"3,84,19,359",29.80%,2000
33,U0571,"12,76,66,415","7,71,22,415",60.40%,"5,05,44,000",39.60%,2000
34,The Family Man,"12,47,45,083","7,57,93,305",60.80%,"4,89,51,778",39.20%,2000
35,Road Trip,"11,97,54,278","6,85,40,777",57.20%,"5,12,13,501",42.80%,2000
36,Coyote Ugly,"11,39,16,474","6,07,86,269",53.40%,"5,31,30,205",46.60%,2000
37,Final Destination,"11,28,80,294","5,33,31,147",47.20%,"5,95,49,147",52.80%,2000
38,The Exorcist 2000 Director's Cut,"11,20,53,066","3,96,71,011",35.40%,"7,23,82,055",64.60%,2000
39,Mission to Mars,"11,09,83,407","6,08,83,407",54.90%,"5,01,00,000",45.10%,2000
40,The Kid,"11,03,17,580","6,96,91,949",63.20%,"4,06,25,631",36.80%,2000
41,Billy Elliot,"10,92,80,263","2,19,95,263",20.10%,"8,72,85,000",79.90%,2000
42,Shaft,"10,71,96,498","7,03,34,258",65.60%,"3,68,62,240",34.40%,2000
43,The Whole Nine Yards,"10,63,71,651","5,72,62,492",53.80%,"4,91,09,159",46.20%,2000
44,The Cell,"10,41,55,843","6,13,34,059",58.90%,"4,28,21,784",41.10%,2000
45,Rugrats in Paris,"10,32,91,131","7,65,07,756",74.10%,"2,67,83,375",25.90%,2000
46,Shanghai Noon,"9,92,74,467","5,69,37,502",57.40%,"4,23,36,965",42.60%,2000
47,The Tigger Movie,"9,61,59,800","4,55,54,533",47.40%,"5,06,05,267",52.60%,2000
48,The 6th Day,"9,60,85,477","3,46,04,280",36%,"6,14,81,197",64%,2000
49,Romeo Must Die,"9,10,36,760","5,59,73,336",61.50%,"3,50,63,424",38.50%,2000
50,Fantasia 2000,"9,08,74,570","6,06,55,420",66.70%,"3,02,19,150",33.30%,2000
51,Autumn in New York,"9,07,26,668","3,77,61,915",41.60%,"5,29,64,753",58.40%,2000
52,Bring It On,"9,04,49,929","6,83,79,000",75.60%,"2,20,70,929",24.40%,2000
53,Bedazzled,"9,03,83,208","3,78,86,980",41.90%,"5,24,96,228",58.10%,2000
54,Snatch,"8,35,57,872","3,03,28,156",36.30%,"5,32,29,716",63.70%,2000
55,Men of Honor,"8,23,43,495","4,88,18,921",59.30%,"3,35,24,574",40.70%,2000
56,Finding Forrester,"8,00,49,764","5,18,04,714",64.70%,"2,82,45,050",35.30%,2000
57,The Road to El Dorado,"7,64,32,727","5,08,63,742",66.50%,"2,55,68,985",33.50%,2000
58,"Dude, Where's My Car?","7,31,80,723","4,67,29,800",63.90%,"2,64,50,923",36.10%,2000
59,"O Brother, Where Art Thou?","7,18,68,327","4,55,12,588",63.30%,"2,63,55,739",36.70%,2000
60,Rules of Engagement,"7,17,32,303","6,13,35,230",85.50%,"1,03,97,073",14.50%,2000
61,Frequency,"6,81,06,245","4,50,10,278",66.10%,"2,30,95,967",33.90%,2000
62,Thirteen Days,"6,65,79,890","3,45,92,089",52%,"3,19,87,801",48%,2000
63,Proof of Life,"6,27,61,005","3,25,98,931",51.90%,"3,01,62,074",48.10%,2000
64,Snow Day,"6,24,64,731","6,00,20,107",96.10%,"24,44,624",3.90%,2000
65,28 Days,"6,21,98,945","3,71,70,488",59.80%,"2,50,28,457",40.20%,2000
66,Taxi 2,"6,07,26,164","6,26,164",1%,"6,01,00,000",99%,2000
67,Keeping the Faith,"5,99,45,183","3,70,47,880",61.80%,"2,28,97,303",38.20%,2000
68,Next Friday,"5,98,27,328","5,73,28,603",95.80%,"24,98,725",4.20%,2000
69,The Flintstones in Viva Rock Vegas,"5,94,68,275","3,52,68,275",59.30%,"2,42,00,000",40.70%,2000
70,Little Nicky,"5,82,92,295","3,94,64,775",67.70%,"1,88,27,520",32.30%,2000
71,Pay It Forward,"5,57,07,411","3,35,19,628",60.20%,"2,21,87,783",39.80%,2000
72,Bounce,"5,34,25,292","3,68,05,288",68.90%,"1,66,20,004",31.10%,2000
73,Pitch Black,"5,31,87,659","3,92,40,659",73.80%,"1,39,47,000",26.20%,2000
74,Hanging Up,"5,18,80,044","3,60,50,230",69.50%,"1,58,29,814",30.50%,2000
75,The Skulls,"5,08,02,120","3,50,46,120",69%,"1,57,56,000",31%,2000
76,The Replacements,"5,00,54,511","4,47,37,059",89.40%,"53,17,452",10.60%,2000
77,Book of Shadows: Blair Witch 2,"4,77,37,094","2,64,37,094",55.40%,"2,13,00,000",44.60%,2000
78,Almost Famous,"4,73,83,689","3,25,34,850",68.70%,"1,48,48,839",31.30%,2000
79,The Watcher,"4,72,67,829","2,89,46,615",61.20%,"1,83,21,214",38.80%,2000
80,High Fidelity,"4,71,26,295","2,72,87,137",57.90%,"1,98,39,158",42.10%,2000
81,Dracula 2000,"4,70,53,625","3,30,22,767",70.20%,"1,40,30,858",29.80%,2000
82,The Gift,"4,45,67,606","1,20,08,642",26.90%,"3,25,58,964",73.10%,2000
83,Where the Heart Is,"4,08,63,718","3,37,72,838",82.60%,"70,90,880",17.40%,2000
84,Bless the Child,"4,04,43,010","2,93,81,494",72.60%,"1,10,61,516",27.40%,2000
85,The Art of War,"4,04,00,425","3,02,08,599",74.80%,"1,01,91,826",25.20%,2000
86,Dancer in the Dark,"4,00,31,879","41,84,036",10.50%,"3,58,47,843",89.50%,2000
87,The Legend of Bagger Vance,"3,94,59,427","3,09,19,168",78.40%,"85,40,259",21.60%,2000
88,Urban Legends: Final Cut,"3,85,74,362","2,14,68,807",55.70%,"1,71,05,555",44.30%,2000
89,The Original Kings of Comedy,"3,81,82,790","3,81,82,790",100%,0,0,2000
90,Titan A.E.,"3,67,54,634","2,27,53,426",61.90%,"1,40,01,208",38.10%,2000
91,Return to Me,"3,66,09,995","3,27,22,798",89.40%,"38,87,197",10.60%,2000
92,My Dog Skip,"3,55,47,761","3,41,34,641",96%,"14,13,120",4%,2000
93,The Adventures of Rocky & Bullwinkle,"3,51,34,820","2,60,05,820",74%,"91,29,000",26%,2000
94,American Psycho,"3,42,66,564","1,50,70,285",44%,"1,91,96,279",56%,2000
95,Dungeons & Dragons,"3,39,78,694","1,53,91,970",45.30%,"1,85,86,724",54.70%,2000
96,Red Planet,"3,34,63,969","1,74,80,890",52.20%,"1,59,83,079",47.80%,2000
97,Wonder Boys,"3,34,26,588","1,93,93,557",58%,"1,40,33,031",42%,2000
98,Reindeer Games,"3,21,68,970","2,33,68,995",72.60%,"87,99,975",27.40%,2000
99,Lost Souls,"3,13,55,910","1,68,15,253",53.60%,"1,45,40,657",46.40%,2000
100,Small Time Crooks,"2,99,34,477","1,72,66,359",57.70%,"1,26,68,118",42.30%,2000
101,Battlefield Earth,"2,97,25,663","2,14,71,685",72.20%,"82,53,978",27.80%,2000
102,Nurse Betty,"2,93,60,400","2,51,70,054",85.70%,"41,90,346",14.30%,2000
103,Boiler Room,"2,87,80,255","1,69,70,581",59%,"1,18,09,674",41%,2000
104,The Little Vampire,"2,79,65,865","1,35,72,400",48.50%,"1,43,93,465",51.50%,2000
105,Love & Basketball,"2,77,28,118","2,74,59,615",99%,"2,68,503",1%,2000
106,Cirque du Soleil: Journey of Man,"2,75,38,359","1,56,27,434",56.70%,"1,19,10,925",43.30%,2000
107,Center Stage,"2,63,85,941","1,72,00,925",65.20%,"91,85,016",34.80%,2000
108,Saving Grace,"2,63,30,482","1,21,78,602",46.30%,"1,41,51,880",53.70%,2000
109,Boys and Girls,"2,58,50,615","2,17,99,652",84.30%,"40,50,963",15.70%,2000
110,Down to You,"2,44,19,914","2,00,69,008",82.20%,"43,50,906",17.80%,2000
111,The Next Best Thing,"2,43,62,772","1,49,90,582",61.50%,"93,72,190",38.50%,2000
112,Dr. T & the Women,"2,28,44,291","1,31,13,041",57.40%,"97,31,250",42.60%,2000
113,The Contender,"2,23,61,811","1,78,72,723",79.90%,"44,89,088",20.10%,2000
114,Michael Jordan to the Max,"2,12,68,532","1,86,50,521",87.70%,"26,18,011",12.30%,2000
115,Best in Show,"2,07,89,556","1,87,15,392",90%,"20,74,164",10%,2000
116,Thomas and the Magic Railroad,"1,97,48,009","1,59,33,506",80.70%,"38,14,503",19.30%,2000
117,Get Carter,"1,94,12,993","1,49,67,182",77.10%,"44,45,811",22.90%,2000
118,The Ninth Gate,"1,86,61,336","1,86,61,336",100%,0,0,2000
119,Loser,"1,84,04,706","1,56,18,626",84.90%,"27,86,080",15.10%,2000
120,All the Pretty Horses,"1,81,33,495","1,55,40,353",85.70%,"25,93,142",14.30%,2000
121,Quills,"1,79,89,227","70,65,332",39.30%,"1,09,23,895",60.70%,2000
122,CyberWorld,"1,66,53,900","1,12,53,900",67.60%,"54,00,000",32.40%,2000
123,Digimon: The Movie,"1,66,43,191","96,31,153",57.90%,"70,12,038",42.10%,2000
124,The Dish,"1,65,75,074","25,52,992",15.40%,"1,40,22,082",84.60%,2000
125,Italian for Beginners,"1,63,49,568","45,44,753",27.80%,"1,18,04,815",72.20%,2000
126,Drowning Mona,"1,59,06,764","1,55,06,764",97.50%,"4,00,000",2.50%,2000
127,Highlander: Endgame,"1,58,43,608","1,28,11,858",80.90%,"30,31,750",19.10%,2000
128,Bait,"1,54,71,969","1,53,25,127",99.10%,"1,46,842",0.90%,2000
129,Supernova,"1,48,28,081","1,42,30,455",96%,"5,97,626",4%,2000
130,Malena,"1,44,93,284","34,48,233",23.80%,"1,10,45,051",76.20%,2000
131,I Dreamed of Africa,"1,44,00,327","66,51,522",46.20%,"77,48,805",53.80%,2000
132,What Planet Are You From?,"1,41,45,677","62,91,602",44.50%,"78,54,075",55.50%,2000
133,The Ladies Man,"1,37,43,212","1,36,16,610",99.10%,"1,26,602",0.90%,2000
134,Solarmax,"1,34,00,161","1,34,00,161",100%,0,0,2000
135,The Crew,"1,31,05,853","1,30,23,075",99.40%,"82,778",0.60%,2000
136,The Way of the Gun,"1,30,69,740","60,55,661",46.30%,"70,14,079",53.70%,2000
137,In the Mood for Love,"1,28,54,953","27,38,980",21.30%,"1,01,15,973",78.70%,2000
138,Gossip,"1,25,91,270","51,08,820",40.60%,"74,82,450",59.40%,2000
139,Ready to Rumble,"1,24,52,362","1,23,94,327",99.50%,"58,035",0.50%,2000
140,Drunken Master II,"1,15,55,430","1,15,55,430",100%,0,0,2000
141,You Can Count on Me,"1,12,42,521","94,16,804",83.80%,"18,25,717",16.20%,2000
142,Shadow of the Vampire,"1,11,55,214","82,93,784",74.30%,"28,61,430",25.70%,2000
143,Lucky Numbers,"1,08,90,222","1,00,42,516",92.20%,"8,47,706",7.80%,2000
144,Here on Earth,"1,08,73,148","1,05,22,168",96.80%,"3,50,980",3.20%,2000
145,Pollock,"1,05,58,970","85,98,593",81.40%,"19,60,377",18.60%,2000
146,Anatomy,"1,05,01,958","9,660",<0.1%,"1,04,92,298",99.90%,2000
147,The Virgin Suicides,"1,04,09,377","49,06,229",47.10%,"55,03,148",52.90%,2000
148,Woman on Top,"1,01,94,274","50,20,111",49.20%,"51,74,163",50.80%,2000
149,Godzilla 2000,"1,00,37,390","1,00,37,390",100%,0,0,2000
150,Whatever It Takes,"99,02,115","87,45,680",88.30%,"11,56,435",11.70%,2000
151,3 Strikes,"98,32,166","98,32,166",100%,0,0,2000
152,Bread and Tulips,"97,19,848","53,18,679",54.70%,"44,01,169",45.30%,2000
153,Ghost Dog: The Way of the Samurai,"93,80,473","33,08,029",35.30%,"60,72,444",64.70%,2000
154,State and Main,"92,06,279","69,44,471",75.40%,"22,61,808",24.60%,2000
155,Before Night Falls,"85,27,517","42,42,892",49.80%,"42,84,625",50.20%,2000
156,Butterfly,"77,33,894","20,92,682",27.10%,"56,41,212",72.90%,2000
157,Ants in the Pants,"76,25,967",0,0,"76,25,967",100%,2000
158,Requiem for a Dream,"73,90,108","36,35,482",49.20%,"37,54,626",50.80%,2000
159,Where the Money Is,"72,43,669","56,61,798",78.20%,"15,81,871",21.80%,2000
160,Screwed,"72,01,701","70,27,345",97.60%,"1,74,356",2.40%,2000
161,Widow of St. Pierre,"71,93,889","31,93,889",44.40%,"40,00,000",55.60%,2000
162,Croupier,"70,75,068","62,01,143",87.60%,"8,73,925",12.40%,2000
163,Duets,"66,20,242","47,39,023",71.60%,"18,81,219",28.40%,2000
164,Now or Never,"59,95,963",0,0,"59,95,963",100%,2000
165,Black & White,"55,41,431","52,77,299",95.20%,"2,64,132",4.80%,2000
166,The in Crowd,"52,80,035","52,80,035",100%,0,0,2000
167,The House of Mirth,"51,64,404","30,43,284",58.90%,"21,21,120",41.10%,2000
168,Otto 0 Der Katastrofenfilm,"50,58,355",0,0,"50,58,355",100%,2000
169,Whipped,"47,75,009","41,59,986",87.10%,"6,15,023",12.90%,2000
170,Held Up,"47,05,631","47,05,631",100%,0,0,2000
171,The Jungle Book 2000 Re0release,"44,66,472",0,0,"44,66,472",100%,2000
172,The Tao of Steve,"44,06,030","43,42,203",98.60%,"63,827",1.40%,2000
173,Mohabbatein,"42,79,351","10,70,000",25%,"32,09,351",75%,2000
174,East Is East,"41,77,818","41,77,818",100%,0,0,2000
175,Bossa Nova,"40,69,261","18,23,297",44.80%,"22,45,964",55.20%,2000
176,Erkan & Stefan,"40,26,949",0,0,"40,26,949",100%,2000
177,Pettson & Findus 0 Katten och gubbens år,"39,20,489",0,0,"39,20,489",100%,2000
178,Up at the Villa,"37,40,113","29,33,161",78.40%,"8,06,952",21.60%,2000
179,The Big Kahuna,"37,28,888","31,65,544",84.90%,"5,63,344",15.10%,2000
180,Price of Glory,"35,48,556","34,40,228",96.90%,"1,08,328",3.10%,2000
181,Gun Shy,"32,21,280","16,38,202",50.90%,"15,83,078",49.10%,2000
182,Beautiful,"31,69,930","31,57,348",99.60%,"12,582",0.40%,2000
183,Isn't She Great,"30,03,296","29,62,465",98.60%,"40,831",1.40%,2000
184,No More School,"28,70,533",0,0,"28,70,533",100%,2000
185,Flickering Lights,"27,60,019",0,0,"27,60,019",100%,2000
186,The Color of Paradise,"27,24,595","18,17,216",66.70%,"9,07,379",33.30%,2000
187,God's Army,"26,37,726","26,37,726",100%,0,0,2000
188,But I'm a Cheerleader,"25,95,216","22,05,627",85%,"3,89,589",15%,2000
189,Bamboozled,"24,63,650","22,74,979",92.30%,"1,88,671",7.70%,2000
190,East/West,"23,21,029","23,21,029",100%,0,0,2000
191,Shower,"21,50,929","11,57,764",53.80%,"9,93,165",46.20%,2000
192,Left Luggage,"21,11,280","10,69,540",50.70%,"10,41,740",49.30%,2000
193,Blood Simple 2000 Re0release,"20,68,701","17,01,855",82.30%,"3,66,846",17.70%,2000
194,Marlene,"20,61,924",0,0,"20,61,924",100%,2000
195,Hamlet,"20,46,433","15,77,287",77.10%,"4,69,146",22.90%,2000
196,The Broken Hearts Club: A Romantic Comedy,"20,19,121","17,46,585",86.50%,"2,72,536",13.50%,2000
197,Cecil B. Demented,"19,61,544","12,84,646",65.50%,"6,76,898",34.50%,2000
198,The Life and Times of Hank Greenberg,"17,12,385","17,12,385",100%,0,0,2000
199,The Girl on the Bridge,"17,08,839","17,08,839",100%,0,0,2000
0,Harry Potter and the Sorcerer's Stone,"97,47,55,371","31,75,75,550",32.60%,"65,71,79,821",67.40%,2001
1,The Lord of the Rings: The Fellowship of the Ring,"86,83,85,360","31,33,64,114",36.10%,"55,50,21,246",63.90%,2001
2,"Monsters, Inc.","52,87,73,250","25,58,73,250",48.40%,"27,29,00,000",51.60%,2001
3,Shrek,"48,45,96,038","26,78,51,831",55.30%,"21,67,44,207",44.70%,2001
4,Ocean's Eleven,"45,07,17,150","18,34,17,150",40.70%,"26,73,00,000",59.30%,2001
5,Pearl Harbor,"44,92,20,945","19,85,42,554",44.20%,"25,06,78,391",55.80%,2001
6,The Mummy Returns,"43,30,13,274","20,20,19,785",46.70%,"23,09,93,489",53.30%,2001
7,Jurassic Park III,"36,87,80,809","18,11,71,875",49.10%,"18,76,08,934",50.90%,2001
8,Planet of the Apes,"36,22,11,740","18,00,11,740",49.70%,"18,22,00,000",50.30%,2001
9,Hannibal,"35,16,92,268","16,50,92,268",46.90%,"18,66,00,000",53.10%,2001
10,Rush Hour 2,"34,73,25,802","22,61,64,286",65.10%,"12,11,61,516",34.90%,2001
11,A Beautiful Mind,"31,35,42,341","17,07,42,341",54.50%,"14,28,00,000",45.50%,2001
12,American Pie 2,"28,75,53,595","14,51,03,595",50.50%,"14,24,50,000",49.50%,2001
13,Bridget Jones's Diary,"28,19,29,795","7,15,43,427",25.40%,"21,03,86,368",74.60%,2001
14,Spirited Away,"27,49,25,095","1,00,55,859",3.70%,"26,48,69,236",96.30%,2001
15,Lara Croft: Tomb Raider,"27,47,03,340","13,11,68,070",47.70%,"14,35,35,270",52.30%,2001
16,A.I. Artificial Intelligence,"23,59,26,552","7,86,16,689",33.30%,"15,73,09,863",66.70%,2001
17,The Others,"20,99,47,037","9,65,22,687",46%,"11,34,24,350",54%,2001
18,The Fast and the Furious,"20,72,83,925","14,45,33,925",69.70%,"6,27,50,000",30.30%,2001
19,Vanilla Sky,"20,33,88,341","10,06,18,344",49.50%,"10,27,69,997",50.50%,2001
20,Cats & Dogs,"20,06,87,492","9,33,85,515",46.50%,"10,73,01,977",53.50%,2001
21,Atlantis: The Lost Empire,"18,60,53,725","8,40,56,472",45.20%,"10,19,97,253",54.80%,2001
22,Moulin Rouge!,"17,92,13,434","5,73,86,607",32%,"12,18,26,827",68%,2001
23,Dr. Dolittle 2,"17,61,04,344","11,29,52,899",64.10%,"6,31,51,445",35.90%,2001
24,Amélie,"17,39,21,954","3,32,25,499",19.10%,"14,06,96,455",80.90%,2001
25,Black Hawk Down,"17,29,89,651","10,86,38,745",62.80%,"6,43,50,906",37.20%,2001
26,The Princess Diaries,"16,53,35,153","10,82,48,956",65.50%,"5,70,86,197",34.50%,2001
27,Spy Kids,"14,79,34,180","11,27,19,001",76.20%,"3,52,15,179",23.80%,2001
28,The Mexican,"14,78,45,033","6,68,45,033",45.20%,"8,10,00,000",54.80%,2001
29,Swordfish,"14,70,80,413","6,97,72,969",47.40%,"7,73,07,444",52.60%,2001
30,Spy Game,"14,30,49,560","6,23,62,560",43.60%,"8,06,87,000",56.40%,2001
31,Legally Blonde,"14,17,74,679","9,65,20,674",68.10%,"4,52,54,005",31.90%,2001
32,Scary Movie 2,"14,12,20,678","7,13,08,997",50.50%,"6,99,11,681",49.50%,2001
33,Shallow Hal,"14,10,69,860","7,08,39,203",50.20%,"7,02,30,657",49.80%,2001
34,America's Sweethearts,"13,83,07,673","9,36,07,673",67.70%,"4,47,00,000",32.30%,2001
35,Save the Last Dance,"13,17,06,809","9,10,57,006",69.10%,"4,06,49,803",30.90%,2001
36,A Knight's Tale,"11,74,87,473","5,65,69,702",48.10%,"6,09,17,771",51.90%,2001
37,The Score,"11,35,79,918","7,11,07,711",62.60%,"4,24,72,207",37.40%,2001
38,Along Came a Spider,"10,51,78,561","7,40,78,174",70.40%,"3,11,00,387",29.60%,2001
39,Training Day,"10,48,76,233","7,66,31,907",73.10%,"2,82,44,326",26.90%,2001
40,Jimmy Neutron: Boy Genius,"10,29,92,536","8,09,36,232",78.60%,"2,20,56,304",21.40%,2001
41,Don't Say a Word,"10,00,20,092","5,50,01,642",55%,"4,50,18,450",45%,2001
42,Evolution,"9,83,76,292","3,83,45,494",39%,"6,00,30,798",61%,2001
43,I Am Sam,"9,78,18,139","4,03,11,852",41.20%,"5,75,06,287",58.80%,2001
44,Enemy at the Gates,"9,69,76,270","5,14,01,758",53%,"4,55,74,512",47%,2001
45,The Wedding Planner,"9,47,28,529","6,04,00,856",63.80%,"3,43,27,673",36.20%,2001
46,Behind Enemy Lines,"9,17,53,202","5,88,56,790",64.10%,"3,28,96,412",35.90%,2001
47,Gosford Park,"8,77,54,044","4,13,08,615",47.10%,"4,64,45,429",52.90%,2001
48,Ali,"8,77,13,825","5,82,03,105",66.40%,"2,95,10,720",33.60%,2001
49,Rat Race,"8,54,98,534","5,66,18,055",66.20%,"2,88,80,479",33.80%,2001
50,Final Fantasy: The Spirits Within,"8,51,31,830","3,21,31,830",37.70%,"5,30,00,000",62.30%,2001
51,The Animal,"8,47,72,742","5,77,43,062",68.10%,"2,70,29,680",31.90%,2001
52,Blow,"8,32,82,296","5,29,90,775",63.60%,"3,02,91,521",36.40%,2001
53,Exit Wounds,"7,99,58,599","5,17,58,599",64.70%,"2,82,00,000",35.30%,2001
54,Serendipity,"7,75,16,304","5,02,94,317",64.90%,"2,72,21,987",35.10%,2001
55,Kate & Leopold,"7,60,19,048","4,71,21,859",62%,"2,88,97,189",38%,2001
56,Manitou's Shoe,"7,54,82,094",0,0,"7,54,82,094",100%,2001
57,From Hell,"7,45,58,115","3,16,02,566",42.40%,"4,29,55,549",57.60%,2001
58,The One,"7,26,89,126","4,39,05,746",60.40%,"2,87,83,380",39.60%,2001
59,The Royal Tenenbaums,"7,14,41,250","5,23,64,010",73.30%,"1,90,77,240",26.70%,2001
60,Down to Earth,"7,11,86,502","6,41,86,502",90.20%,"70,00,000",9.80%,2001
61,Brotherhood of the Wolf,"7,07,52,904","1,12,60,096",15.90%,"5,94,92,808",84.10%,2001
62,Thir13en Ghosts,"6,84,67,960","4,18,67,960",61.10%,"2,66,00,000",38.90%,2001
63,Pokémon 3 the Movie: Spell of the Unown,"6,84,11,275","1,70,52,128",24.90%,"5,13,59,147",75.10%,2001
64,Bandits,"6,76,31,903","4,15,75,141",61.50%,"2,60,56,762",38.50%,2001
65,Not Another Teen Movie,"6,64,68,332","3,82,52,284",57.50%,"2,82,16,048",42.50%,2001
66,Sweet November,"6,57,54,228","2,52,88,103",38.50%,"4,04,66,125",61.50%,2001
67,K0PAX,"6,50,01,485","5,03,38,485",77.40%,"1,46,63,000",22.60%,2001
68,Kiss of the Dragon,"6,44,37,847","3,68,45,124",57.20%,"2,75,92,723",42.80%,2001
69,Captain Corelli's Mandolin,"6,21,12,895","2,55,43,895",41.10%,"3,65,69,000",58.90%,2001
70,Zoolander,"6,07,80,981","4,51,72,250",74.30%,"1,56,08,731",25.70%,2001
71,The Crimson Rivers,"6,00,94,966","5,94,966",1%,"5,95,00,000",99%,2001
72,Jeepers Creepers,"5,92,17,789","3,79,04,175",64%,"2,13,13,614",36%,2001
73,Heartbreakers,"5,77,56,408","4,03,36,607",69.80%,"1,74,19,801",30.20%,2001
74,15 Minutes,"5,63,59,980","2,44,03,552",43.30%,"3,19,56,428",56.70%,2001
75,Driven,"5,47,44,738","3,27,20,065",59.80%,"2,20,24,673",40.20%,2001
76,Domestic Disturbance,"5,42,49,294","4,52,46,095",83.40%,"90,03,199",16.60%,2001
77,The Closet,"5,01,04,745","66,78,894",13.30%,"4,34,25,851",86.70%,2001
78,Monster's Ball,"4,49,09,486","3,12,73,922",69.60%,"1,36,35,564",30.40%,2001
79,Recess: School's Out,"4,44,60,850","3,67,06,141",82.60%,"77,54,709",17.40%,2001
80,Hardball,"4,41,02,389","4,02,22,729",91.20%,"38,79,660",8.80%,2001
81,In the Bedroom,"4,33,68,779","3,59,30,604",82.80%,"74,38,175",17.20%,2001
82,See Spot Run,"4,30,57,552","3,33,57,476",77.50%,"97,00,076",22.50%,2001
83,Shaolin Soccer,"4,27,76,760","4,89,600",1.10%,"4,22,87,160",98.90%,2001
84,Black Knight,"3,99,76,235","3,34,26,971",83.60%,"65,49,264",16.40%,2001
85,Memento,"3,97,23,096","2,55,44,867",64.30%,"1,41,78,229",35.70%,2001
86,Crocodile Dundee in Los Angeles,"3,94,38,674","2,56,35,682",65%,"1,38,02,992",35%,2001
87,Haunted Castle,"3,90,93,166","1,36,51,656",34.90%,"2,54,41,510",65.10%,2001
88,Someone Like You,"3,86,89,940","2,73,43,067",70.70%,"1,13,46,873",29.30%,2001
89,What's the Worst That Could Happen?,"3,84,64,131","3,22,69,834",83.90%,"61,94,297",16.10%,2001
90,The Majestic,"3,73,17,558","2,78,07,266",74.50%,"95,10,292",25.50%,2001
91,Valentine,"3,66,84,136","2,03,84,136",55.60%,"1,63,00,000",44.40%,2001
92,Joy Ride,"3,66,42,838","2,19,74,919",60%,"1,46,67,919",40%,2001
93,Riding in Cars with Boys,"3,57,43,308","3,01,65,536",84.40%,"55,77,772",15.60%,2001
94,Original Sin,"3,54,02,320","1,65,34,221",46.70%,"1,88,68,099",53.30%,2001
95,Jay and Silent Bob Strike Back,"3,37,88,161","3,00,85,147",89%,"37,03,014",11%,2001
96,And Your Mother Too,"3,36,16,692","1,38,39,658",41.20%,"1,97,77,034",58.80%,2001
97,The Musketeer,"3,25,33,802","2,70,73,640",83.20%,"54,60,162",16.80%,2001
98,Double Take,"3,16,03,059","2,98,31,583",94.40%,"17,71,476",5.60%,2001
99,How High,"3,12,83,740","3,11,78,740",99.70%,"1,05,000",0.30%,2001
100,Beauty and the Beast 2000 IMAX Release,"3,10,33,346","2,54,87,190",82.10%,"55,46,156",17.90%,2001
101,Joe Dirt,"3,09,87,695","2,70,87,695",87.40%,"39,00,000",12.60%,2001
102,Hearts in Atlantis,"3,09,19,415","2,41,85,781",78.20%,"67,33,634",21.80%,2001
103,Monsoon Wedding,"3,07,87,356","1,38,85,966",45.10%,"1,69,01,390",54.90%,2001
104,Angel Eyes,"2,97,15,606","2,41,74,218",81.40%,"55,41,388",18.60%,2001
105,The Pledge,"2,94,19,291","1,97,33,089",67.10%,"96,86,202",32.90%,2001
106,Baby Boy,"2,93,81,649","2,87,34,552",97.80%,"6,47,097",2.20%,2001
107,Heist,"2,85,10,652","2,35,10,841",82.50%,"49,99,811",17.50%,2001
108,The Tailor of Panama,"2,80,08,462","1,37,29,742",49%,"1,42,78,720",51%,2001
109,The Brothers,"2,79,58,191","2,74,57,409",98.20%,"5,00,782",1.80%,2001
110,The Last Castle,"2,76,42,707","1,82,44,060",66%,"93,98,647",34%,2001
111,Saving Silverman,"2,60,86,706","1,94,02,030",74.40%,"66,84,676",25.60%,2001
112,Corky Romano,"2,52,72,752","2,39,80,304",94.90%,"12,92,448",5.10%,2001
113,The Shipping News,"2,46,90,441","1,14,34,216",46.30%,"1,32,56,225",53.70%,2001
114,Joe Somebody,"2,45,16,772","2,27,71,646",92.90%,"17,45,126",7.10%,2001
115,Nowhere in Africa,"2,43,22,180","61,80,200",25.40%,"1,81,41,980",74.60%,2001
116,Tanguy,"2,42,72,365",0,0,"2,42,72,365",100%,2001
117,Life as a House,"2,39,03,791","1,56,67,270",65.50%,"82,36,521",34.50%,2001
118,The Glass House,"2,36,19,609","1,81,50,259",76.80%,"54,69,350",23.20%,2001
119,Tomcats,"2,34,30,766","1,35,58,739",57.90%,"98,72,027",42.10%,2001
120,Kingdom Come,"2,33,96,049","2,32,49,649",99.40%,"1,46,400",0.60%,2001
121,Two Can Play That Game,"2,23,91,450","2,22,35,901",99.30%,"1,55,549",0.70%,2001
122,Winged Migration,"2,14,93,351","9,24,651",4.30%,"2,05,68,700",95.70%,2001
123,Amores Perros,"2,09,08,467","54,08,467",25.90%,"1,55,00,000",74.10%,2001
124,Mulholland Drive,"2,01,17,339","72,20,243",35.90%,"1,28,97,096",64.10%,2001
125,Himalaya 2001 Re0release,"1,99,60,881","24,87,878",12.50%,"1,74,73,003",87.50%,2001
126,Crazy/Beautiful,"1,99,37,988","1,69,37,988",85%,"30,00,000",15%,2001
127,Get Over It,"1,99,00,366","1,15,76,464",58.20%,"83,23,902",41.80%,2001
128,Summer Catch,"1,97,72,447","1,97,53,553",99.90%,"18,894",<0.1%,2001
129,Shackleton's Antarctic Adventure,"1,96,13,216","1,55,53,324",79.30%,"40,59,892",20.70%,2001
130,Rock Star,"1,93,34,145","1,70,08,282",88%,"23,25,863",12%,2001
131,O,"1,92,60,537","1,60,25,437",83.20%,"32,35,100",16.80%,2001
132,The Man Who Wasn't There,"1,89,16,623","75,04,257",39.70%,"1,14,12,366",60.30%,2001
133,The Curse of the Jade Scorpion,"1,89,14,307","75,17,191",39.70%,"1,13,97,116",60.30%,2001
134,3000 Miles to Graceland,"1,87,20,175","1,57,49,959",84.10%,"29,70,216",15.90%,2001
135,Max Keeble's Big Move,"1,86,34,654","1,72,94,293",92.80%,"13,40,361",7.20%,2001
136,"Godzilla, Mothra and King Ghidorah: Giant Monsters All0Out Attack","1,86,23,382",0,0,"1,86,23,382",100%,2001
137,Antitrust,"1,81,95,610","1,13,28,094",62.30%,"68,67,516",37.70%,2001
138,Jason X,"1,69,51,798","1,31,21,555",77.40%,"38,30,243",22.60%,2001
139,Sugar & Spice,"1,69,08,947","1,33,05,101",78.70%,"36,03,846",21.30%,2001
140,Just Visiting,"1,61,76,732","47,81,539",29.60%,"1,13,95,193",70.40%,2001
141,Iris,"1,61,53,953","55,94,617",34.60%,"1,05,59,336",65.40%,2001
142,Lantana,"1,57,47,450","46,23,189",29.40%,"1,11,24,261",70.60%,2001
143,Enigma 2001 Re0release,"1,57,05,007","43,01,582",27.40%,"1,14,03,425",72.60%,2001
144,With a Friend Like Harry...,"1,54,72,186","38,30,441",24.80%,"1,16,41,745",75.20%,2001
145,Brother,"1,52,50,594","4,50,594",3%,"1,48,00,000",97%,2001
146,Josie and the Pussycats,"1,48,66,015","1,42,71,015",96%,"5,95,000",4%,2001
147,Out Cold,"1,47,82,676","1,39,06,394",94.10%,"8,76,282",5.90%,2001
148,Iron Monkey,"1,46,94,904","1,46,94,904",100%,0,0,2001
149,Together,"1,45,72,229","10,34,829",7.10%,"1,35,37,400",92.90%,2001
150,Freddy Got Fingered,"1,43,33,252","1,42,54,993",99.50%,"78,259",0.50%,2001
151,Osmosis Jones,"1,40,26,418","1,35,96,911",96.90%,"4,29,507",3.10%,2001
152,Ghosts of Mars,"1,40,10,832","87,09,640",62.20%,"53,01,192",37.80%,2001
153,American Outlaws,"1,36,78,913","1,33,42,790",97.50%,"3,36,123",2.50%,2001
154,One Night at McCool's,"1,34,73,370","62,90,673",46.70%,"71,82,697",53.30%,2001
155,Vidocq,"1,32,40,767",0,0,"1,32,40,767",100%,2001
156,Head Over Heels,"1,31,27,022","1,04,24,470",79.40%,"27,02,552",20.60%,2001
157,Formula 51,"1,28,81,605","52,04,007",40.40%,"76,77,598",59.60%,2001
158,The Girl from Paris,"1,28,12,396","1,83,266",1.40%,"1,26,29,130",98.60%,2001
159,Apocalypse Now Redux,"1,25,43,269","46,26,290",36.90%,"79,16,979",63.10%,2001
160,Say It Isn't So,"1,23,20,393","55,20,393",44.80%,"68,00,000",55.20%,2001
161,The Son's Room,"1,17,67,402","10,16,340",8.60%,"1,07,51,062",91.40%,2001
162,Les rois mages,"1,17,02,020",0,0,"1,17,02,020",100%,2001
163,The Experiment,"1,14,55,141",0,0,"1,14,55,141",100%,2001
164,Kabhi Khushi Kabhie Gham...,"1,13,29,690","29,02,000",25.60%,"84,27,690",74.40%,2001
165,The Little Polar Bear,"1,12,43,547",0,0,"1,12,43,547",100%,2001
166,Inuyasha the Movie: Affections Touching Across Time,"1,05,39,779",0,0,"1,05,39,779",100%,2001
167,Town & Country,"1,03,72,291","67,19,973",64.80%,"36,52,318",35.20%,2001
168,Wasabi,"1,03,66,360","97,220",0.90%,"1,02,69,140",99.10%,2001
169,The Wash,"1,02,29,331","1,00,97,538",98.70%,"1,31,793",1.30%,2001
170,Sexy Beast,"1,00,45,677","69,46,056",69.10%,"30,99,621",30.90%,2001
171,Girls on Top,"1,00,38,662",0,0,"1,00,38,662",100%,2001
172,The Deep End,"1,00,31,529","88,23,109",88%,"12,08,420",12%,2001
173,Mad Love,"93,06,362","2,80,046",3%,"90,26,316",97%,2001
174,Kandahar,"89,14,751","14,18,314",15.90%,"74,96,437",84.10%,2001
175,Son of the Bride,"87,72,695","6,24,757",7.10%,"81,47,938",92.90%,2001
176,Ghost World,"87,64,007","62,17,849",70.90%,"25,46,158",29.10%,2001
177,The Forsaken,"87,04,851","72,88,451",83.70%,"14,16,400",16.30%,2001
178,Tini: The New Life of Violetta,"86,78,476",0,0,"86,78,476",100%,2001
179,The Prince and the Pirate,"85,79,972",0,0,"85,79,972",100%,2001
180,Bones,"83,78,853","73,16,658",87.30%,"10,62,195",12.70%,2001
181,Merry Christmas,"82,28,560",0,0,"82,28,560",100%,2001
182,The Hole,"76,44,361",0,0,"76,44,361",100%,2001
183,Sex and Lucía,"76,40,680","15,94,779",20.90%,"60,45,901",79.10%,2001
184,Monkeybone,"76,22,365","54,11,999",71%,"22,10,366",29%,2001
185,Mean Machine,"73,10,206","92,770",1.30%,"72,17,436",98.70%,2001
186,The Slurb,"68,54,681",0,0,"68,54,681",100%,2001
187,China: The Panda Adventure,"67,84,985","39,21,642",57.80%,"28,63,343",42.20%,2001
188,The Road Home,"67,80,490","12,80,490",18.90%,"55,00,000",81.10%,2001
189,The Piano Teacher,"67,49,315","10,12,069",15%,"57,37,246",85%,2001
190,Under the Sand,"65,31,687","14,52,698",22.20%,"50,78,989",77.80%,2001
191,The Devil's Backbone,"64,59,020","7,55,249",11.70%,"57,03,771",88.30%,2001
192,Megiddo: The Omega Code 2,"60,47,691","60,47,691",100%,0,0,2001
193,Chaos,"60,42,938",0,0,"60,42,938",100%,2001
194,Tom Thumb,"58,67,304",0,0,"58,67,304",100%,2001
195,The Golden Bowl,"57,53,678","30,50,532",53%,"27,03,146",47%,2001
196,A Fish Tale,"55,95,327","5,63,911",10.10%,"50,31,416",89.90%,2001
197,Made,"54,80,653","53,13,300",96.90%,"1,67,353",3.10%,2001
198,Read My Lips,"53,93,526","14,71,911",27.30%,"39,21,615",72.70%,2001
199,Charlotte Gray,"53,23,109","7,41,394",13.90%,"45,81,715",86.10%,2001
0,The Lord of the Rings: The Two Towers,"92,30,15,234","33,97,89,881",36.80%,"58,32,25,353",63.20%,2002
1,Harry Potter and the Chamber of Secrets,"87,89,79,634","26,19,88,482",29.80%,"61,69,91,152",70.20%,2002
2,Spider0Man,"82,17,08,551","40,37,06,375",49.10%,"41,80,02,176",50.90%,2002
3,Star Wars: Episode II 0 Attack of the Clones,"64,52,56,452","30,21,91,252",46.80%,"34,30,65,200",53.20%,2002
4,Men in Black II,"44,18,18,803","19,04,18,803",43.10%,"25,14,00,000",56.90%,2002
5,Die Another Day,"43,19,71,116","16,09,42,139",37.30%,"27,10,28,977",62.70%,2002
6,Signs,"40,82,47,917","22,79,66,634",55.80%,"18,02,81,283",44.20%,2002
7,Ice Age,"38,32,57,136","17,63,87,405",46%,"20,68,69,731",54%,2002
8,My Big Fat Greek Wedding,"36,87,44,044","24,14,38,208",65.50%,"12,73,05,836",34.50%,2002
9,Minority Report,"35,83,72,926","13,20,72,926",36.90%,"22,63,00,000",63.10%,2002
10,Catch Me If You Can,"35,21,14,312","16,46,15,351",46.80%,"18,74,98,961",53.20%,2002
11,Chicago,"30,67,76,732","17,06,87,518",55.60%,"13,60,89,214",44.40%,2002
12,Austin Powers in Goldmember,"29,69,38,801","21,33,07,889",71.80%,"8,36,30,912",28.20%,2002
13,xXx,"27,74,48,382","14,21,09,382",51.20%,"13,53,39,000",48.80%,2002
14,Scooby0Doo,"27,56,50,703","15,32,94,164",55.60%,"12,23,56,539",44.40%,2002
15,Lilo & Stitch,"27,31,44,151","14,57,94,338",53.40%,"12,73,49,813",46.60%,2002
16,The Ring,"24,93,48,933","12,91,28,133",51.80%,"12,02,20,800",48.20%,2002
17,8 Mile,"24,28,75,078","11,67,50,901",48.10%,"12,61,24,177",51.90%,2002
18,The Bourne Identity,"21,40,34,224","12,16,61,683",56.80%,"9,23,72,541",43.20%,2002
19,Red Dragon,"20,91,96,298","9,31,49,898",44.50%,"11,60,46,400",55.50%,2002
20,Two Weeks Notice,"19,90,43,242","9,33,54,851",46.90%,"10,56,88,391",53.10%,2002
21,Panic Room,"19,63,97,415","9,63,97,334",49.10%,"10,00,00,081",50.90%,2002
22,The Sum of All Fears,"19,39,21,372","11,89,07,036",61.30%,"7,50,14,336",38.70%,2002
23,Gangs of New York,"19,37,72,504","7,78,12,000",40.20%,"11,59,60,504",59.80%,2002
24,Road to Perdition,"18,10,01,478","10,44,54,762",57.70%,"7,65,46,716",42.30%,2002
25,Sweet Home Alabama,"18,06,22,424","12,72,23,418",70.40%,"5,33,99,006",29.60%,2002
26,The Scorpion King,"17,87,99,308","9,10,47,077",50.90%,"8,77,52,231",49.10%,2002
27,Hero,"17,73,95,557","5,37,10,019",30.30%,"12,36,85,538",69.70%,2002
28,The Santa Clause 2,"17,28,55,065","13,92,36,327",80.60%,"3,36,18,738",19.40%,2002
29,Mr. Deeds,"17,12,69,535","12,62,93,452",73.70%,"4,49,76,083",26.30%,2002
30,Stuart Little 2,"16,99,56,806","6,49,56,806",38.20%,"10,50,00,000",61.80%,2002
31,Blade II,"15,50,10,032","8,23,48,319",53.10%,"7,26,61,713",46.90%,2002
32,Maid in Manhattan,"15,49,06,693","9,40,11,225",60.70%,"6,08,95,468",39.30%,2002
33,About a Boy,"13,05,49,455","4,13,85,278",31.70%,"8,91,64,177",68.30%,2002
34,Space Station 3D,"12,83,63,881","9,33,83,953",72.70%,"3,49,79,928",27.30%,2002
35,The Time Machine,"12,37,29,176","5,68,32,494",45.90%,"6,68,96,682",54.10%,2002
36,Spirit: Stallion of the Cimarron,"12,25,63,539","7,32,80,117",59.80%,"4,92,83,422",40.20%,2002
37,The Pianist,"12,00,72,577","3,25,72,577",27.10%,"8,75,00,000",72.90%,2002
38,Spy Kids 2: Island of Lost Dreams,"11,97,23,358","8,58,46,429",71.70%,"3,38,76,929",28.30%,2002
39,Unfaithful,"11,91,37,784","5,27,75,765",44.30%,"6,63,62,019",55.70%,2002
40,Snow Dogs,"11,50,35,090","8,11,72,560",70.60%,"3,38,62,530",29.40%,2002
41,We Were Soldiers,"11,46,60,784","7,81,22,718",68.10%,"3,65,38,066",31.90%,2002
42,Insomnia,"11,37,14,830","6,73,55,513",59.20%,"4,63,59,317",40.80%,2002
43,Return to Never Land,"10,98,62,682","4,84,30,258",44.10%,"6,14,32,424",55.90%,2002
44,Treasure Planet,"10,95,78,115","3,81,76,783",34.80%,"7,14,01,332",65.20%,2002
45,The Hours,"10,88,46,072","4,16,75,994",38.30%,"6,71,70,078",61.70%,2002
46,Asterix & Obelix: Mission Cleopatra,"10,80,12,365",0,0,"10,80,12,365",100%,2002
47,About Schmidt,"10,58,34,556","6,50,16,287",61.40%,"4,08,18,269",38.60%,2002
48,The Tuxedo,"10,43,91,623","5,05,47,998",48.40%,"5,38,43,625",51.60%,2002
49,Resident Evil,"10,29,84,862","4,01,19,709",39%,"6,28,65,153",61%,2002
50,John Q,"10,22,44,770","7,17,56,802",70.20%,"3,04,87,968",29.80%,2002
51,40 Days and 40 Nights,"9,51,46,283","3,79,50,822",39.90%,"5,71,95,461",60.10%,2002
52,Changing Lanes,"9,49,35,764","6,68,18,548",70.40%,"2,81,17,216",29.60%,2002
53,28 Days Later,"8,27,19,885","4,50,64,915",54.50%,"3,76,54,970",45.50%,2002
54,Reign of Fire,"8,21,50,183","4,30,61,982",52.40%,"3,90,88,201",47.60%,2002
55,The Rookie,"8,06,93,537","7,56,00,072",93.70%,"50,93,465",6.30%,2002
56,Jackass: The Movie,"7,94,93,831","6,42,55,312",80.80%,"1,52,38,519",19.20%,2002
57,Collateral Damage,"7,83,82,433","4,00,77,257",51.10%,"3,83,05,176",48.90%,2002
58,Showtime,"7,77,41,732","3,80,82,712",49%,"3,96,59,020",51%,2002
59,Windtalkers,"7,76,28,265","4,09,14,068",52.70%,"3,67,14,197",47.30%,2002
60,Barbershop,"7,70,63,924","7,57,82,105",98.30%,"12,81,819",1.70%,2002
61,Bend It Like Beckham,"7,65,83,333","3,25,43,449",42.50%,"4,40,39,884",57.50%,2002
62,The Count of Monte Cristo,"7,53,95,048","5,42,34,062",71.90%,"2,11,60,986",28.10%,2002
63,Divine Secrets of the Ya0Ya Sisterhood,"7,38,39,240","6,95,99,016",94.30%,"42,40,224",5.70%,2002
64,E.T. the Extra0Terrestrial 20th Anniversary,"6,91,77,751","3,53,06,015",51%,"3,38,71,736",49%,2002
65,The Sweetest Thing,"6,86,96,770","2,47,18,164",36%,"4,39,78,606",64%,2002
66,Ghost Ship,"6,83,49,884","3,01,13,491",44.10%,"3,82,36,393",55.90%,2002
67,Star Trek: Nemesis,"6,73,36,470","4,32,54,409",64.20%,"2,40,82,061",35.80%,2002
68,Bad Company,"6,59,77,295","3,01,60,161",45.70%,"3,58,17,134",54.30%,2002
69,K019: The Widowmaker,"6,57,16,126","3,51,68,966",53.50%,"3,05,47,160",46.50%,2002
70,High Crimes,"6,37,81,810","4,15,43,917",65.10%,"2,22,37,893",34.90%,2002
71,Like Mike,"6,22,74,780","5,14,32,760",82.60%,"1,08,42,020",17.40%,2002
72,Crossroads,"6,11,41,030","3,71,91,304",60.80%,"2,39,49,726",39.20%,2002
73,The Wild Thornberrys,"6,06,94,737","4,01,08,697",66.10%,"2,05,86,040",33.90%,2002
74,Bowling for Columbine,"5,80,08,423","2,15,76,018",37.20%,"3,64,32,405",62.80%,2002
75,Drumline,"5,75,88,485","5,63,99,184",97.90%,"11,89,301",2.10%,2002
76,Murder by Numbers,"5,67,14,147","3,19,45,749",56.30%,"2,47,68,398",43.70%,2002
77,Frida,"5,62,98,474","2,58,85,000",46%,"3,04,13,474",54%,2002
78,The Mothman Prophecies,"5,51,57,539","3,57,46,370",64.80%,"1,94,11,169",35.20%,2002
79,Analyze That,"5,50,03,135","3,21,30,627",58.40%,"2,28,72,508",41.60%,2002
80,The Hot Chick,"5,46,39,553","3,50,81,594",64.20%,"1,95,57,959",35.80%,2002
81,The Cat Returns,"5,34,52,680",0,0,"5,34,52,652",100%,2002
82,Big Fat Liar,"5,29,70,014","4,83,60,547",91.30%,"46,09,467",8.70%,2002
83,Dragonfly,"5,23,23,400","3,03,23,400",58%,"2,20,00,000",42%,2002
84,One Hour Photo,"5,22,23,306","3,15,97,131",60.50%,"2,06,26,175",39.50%,2002
85,Blue Crush,"5,18,43,679","4,03,90,647",77.90%,"1,14,53,032",22.10%,2002
86,Enough,"5,18,06,184","4,00,07,742",77.20%,"1,17,98,442",22.80%,2002
87,I Spy,"5,13,86,477","3,35,61,137",65.30%,"1,78,25,340",34.70%,2002
88,Talk to Her 2002 Re0release,"5,10,01,550","92,85,469",18.20%,"4,17,16,081",81.80%,2002
89,A Walk to Remember,"4,74,94,916","4,12,81,092",86.90%,"62,13,824",13.10%,2002
90,Eight Legged Freaks,"4,58,67,333","1,73,22,606",37.80%,"2,85,44,727",62.20%,2002
91,Queen of the Damned,"4,54,79,110","3,03,36,800",66.70%,"1,51,42,310",33.30%,2002
92,The Transporter,"4,39,28,932","2,52,96,447",57.60%,"1,86,32,485",42.40%,2002
93,The Master of Disguise,"4,34,11,001","4,03,88,794",93%,"30,22,207",7%,2002
94,Orange County,"4,33,25,009","4,10,76,018",94.80%,"22,48,991",5.20%,2002
95,8 Women,"4,24,26,583","30,98,776",7.30%,"3,93,27,807",92.70%,2002
96,Undercover Brother,"4,16,04,473","3,90,89,928",94%,"25,14,545",6%,2002
97,Pinocchio,"4,13,14,585","36,75,719",8.90%,"3,76,38,866",91.10%,2002
98,Clockstoppers,"3,87,93,283","3,69,89,956",95.40%,"18,03,327",4.60%,2002
99,Van Wilder,"3,82,75,483","2,13,05,259",55.70%,"1,69,70,224",44.30%,2002
100,The Banger Sisters,"3,80,68,353","3,03,07,416",79.60%,"77,60,937",20.40%,2002
101,Halloween: Resurrection,"3,76,64,855","3,03,54,442",80.60%,"73,10,413",19.40%,2002
102,Swimfan,"3,44,11,240","2,85,64,995",83%,"58,46,245",17%,2002
103,Darkness,"3,39,88,736","2,21,63,442",65.20%,"1,18,25,294",34.80%,2002
104,Friday After Next,"3,35,26,835","3,32,53,609",99.20%,"2,73,226",0.80%,2002
105,The Crocodile Hunter: Collision Course,"3,30,82,548","2,84,42,574",86%,"46,39,974",14%,2002
106,Confessions of a Dangerous Mind,"3,30,13,805","1,60,07,718",48.50%,"1,70,06,087",51.50%,2002
107,Adaptation.,"3,28,01,173","2,24,98,520",68.60%,"1,03,02,653",31.40%,2002
108,Hart's War,"3,22,87,044","1,90,77,641",59.10%,"1,32,09,403",40.90%,2002
109,Blood Work,"3,17,94,718","2,62,35,081",82.50%,"55,59,637",17.50%,2002
110,The New Guy,"3,11,67,388","2,97,60,152",95.50%,"14,07,236",4.50%,2002
111,City of God,"3,06,41,770","75,64,459",24.70%,"2,30,77,311",75.30%,2002
112,Solaris,"3,00,02,758","1,49,73,382",49.90%,"1,50,29,376",50.10%,2002
113,The Four Feathers,"2,98,82,645","1,83,06,166",61.30%,"1,15,76,479",38.70%,2002
114,City by the Sea,"2,94,14,087","2,24,49,000",76.30%,"69,65,087",23.70%,2002
115,Christmas on the Nile,"2,93,20,869",0,0,"2,93,20,869",100%,2002
116,Far from Heaven,"2,90,27,914","1,59,01,849",54.80%,"1,31,26,065",45.20%,2002
117,Family Honor,"2,89,03,789",0,0,"2,89,03,789",100%,2002
118,Brown Sugar,"2,83,16,451","2,73,63,891",96.60%,"9,52,560",3.40%,2002
119,The Spanish Apartment,"2,81,93,749","10,67,438",3.80%,"2,71,26,311",96.20%,2002
120,Pokemon 4Ever: Celebi 0 Voice of the Forest,"2,80,23,563","17,27,447",6.20%,"2,62,96,116",93.80%,2002
121,The Quiet American,"2,76,74,124","1,29,88,801",46.90%,"1,46,85,323",53.10%,2002
122,The Crime of Padre Amaro,"2,69,96,738","57,17,044",21.20%,"2,12,79,694",78.80%,2002
123,All About the Benjamins,"2,63,06,533","2,59,16,319",98.50%,"3,90,214",1.50%,2002
124,Rollerball,"2,58,52,764","1,89,90,798",73.50%,"68,61,966",26.50%,2002
125,Jonah: A VeggieTales Movie,"2,56,15,231","2,55,81,229",99.90%,"34,002",0.10%,2002
126,The Way Home,"2,49,52,738","4,45,367",1.80%,"2,45,07,371",98.20%,2002
127,Punch0Drunk Love,"2,46,65,649","1,78,44,216",72.30%,"68,21,433",27.70%,2002
128,The Guru,"2,41,28,852","30,95,506",12.80%,"2,10,33,346",87.20%,2002
129,Dark Water,"2,40,10,000",0,0,"2,40,10,000",100%,2002
130,25th Hour,"2,39,28,503","1,30,84,595",54.70%,"1,08,43,908",45.30%,2002
131,Sex Is Zero,"2,39,15,279",0,0,"2,39,15,279",100%,2002
132,Eight Crazy Nights,"2,38,33,131","2,35,86,598",99%,"2,46,533",1%,2002
133,Detective Conan: The Phantom of Baker Street,"2,37,86,606",0,0,"2,37,86,606",100%,2002
134,Antwone Fisher,"2,33,67,586","2,10,78,145",90.20%,"22,89,441",9.80%,2002
135,Ali G Indahouse,"2,32,80,529",0,0,"2,32,80,529",100%,2002
136,Super Troopers,"2,31,82,223","1,84,92,362",79.80%,"46,89,861",20.20%,2002
137,"The Legend of Al, John and Jack","2,30,39,985",0,0,"2,30,39,985",100%,2002
138,Phone,"2,17,84,403",0,0,"2,17,84,403",100%,2002
139,White Oleander,"2,16,72,284","1,63,57,770",75.50%,"53,14,514",24.50%,2002
140,Pokémon Heroes,"2,08,67,919","7,46,381",3.60%,"2,01,21,538",96.40%,2002
141,Serving Sara,"2,01,46,150","1,69,30,185",84%,"32,15,965",16%,2002
142,Asterix & Obelix: Mission Cleopatra 2002 Re0release,"2,00,15,611","31,15,188",15.60%,"1,69,00,423",84.40%,2002
143,Ballistic: Ecks vs. Sever,"1,99,24,033","1,43,07,963",71.80%,"56,16,070",28.20%,2002
144,S1m0ne,"1,95,76,023","96,88,676",49.50%,"98,87,347",50.50%,2002
145,The Lion King 2002 IMAX Release,"1,94,86,215","1,56,86,215",80.50%,"38,00,000",19.50%,2002
146,Tuck Everlasting,"1,93,44,615","1,91,61,999",99.10%,"1,82,616",0.90%,2002
147,Half Past Dead,"1,92,33,280","1,55,67,860",80.90%,"36,65,420",19.10%,2002
148,Martin Lawrence Live: Runteldat,"1,91,84,820","1,91,84,820",100%,0,0,2002
149,Feardotcom,"1,89,02,015","1,32,58,249",70.10%,"56,43,766",29.90%,2002
150,Empire,"1,85,91,272","1,76,00,423",94.70%,"9,90,849",5.30%,2002
151,The Country Bears,"1,80,12,097","1,69,90,825",94.30%,"10,21,272",5.70%,2002
152,Jail Breakers,"1,77,97,711",0,0,"1,77,97,711",100%,2002
153,The Last Kiss,"1,77,20,347","10,48,950",5.90%,"1,66,71,397",94.10%,2002
154,Frailty,"1,74,23,030","1,31,10,448",75.20%,"43,12,582",24.80%,2002
155,The Importance of Being Earnest,"1,72,90,970","83,84,929",48.50%,"89,06,041",51.50%,2002
156,Kung Pow: Enter the Fist,"1,69,94,625","1,60,37,962",94.40%,"9,56,663",5.60%,2002
157,Dead Weight,"1,69,87,957",0,0,"1,69,87,957",100%,2002
158,Life or Something Like It,"1,68,72,671","1,44,48,589",85.60%,"24,24,082",14.40%,2002
159,The Good Girl,"1,68,56,124","1,40,18,296",83.20%,"28,37,828",16.80%,2002
160,Femme Fatale,"1,68,38,910","66,30,252",39.40%,"1,02,08,658",60.60%,2002
161,They,"1,64,46,271","1,28,40,842",78.10%,"36,05,429",21.90%,2002
162,The Powerpuff Girls Movie,"1,64,26,471","1,14,12,414",69.50%,"50,14,057",30.50%,2002
163,The Magdalene Sisters,"1,63,73,112","3,06,989",1.90%,"1,60,66,123",98.10%,2002
164,The Emperor's Club,"1,63,18,449","1,41,18,751",86.50%,"21,99,698",13.50%,2002
165,Rabbit0Proof Fence,"1,62,17,411","61,99,600",38.20%,"1,00,17,811",61.80%,2002
166,Birthday Girl,"1,61,71,098","51,42,576",31.80%,"1,10,28,522",68.20%,2002
167,To Be and to Have,"1,60,63,920","7,77,129",4.80%,"1,52,86,791",95.20%,2002
168,Doraemon: Nobita and the Robot Kingdom,"1,60,53,687",0,0,"1,60,53,687",100%,2002
169,Public Enemy,"1,58,97,574",0,0,"1,58,97,574",100%,2002
170,Hey Arnold! The Movie,"1,52,49,308","1,37,28,902",90%,"15,20,406",10%,2002
171,Boat Trip,"1,50,20,293","86,00,126",57.30%,"64,20,167",42.70%,2002
172,Undisputed,"1,49,46,150","1,27,64,657",85.40%,"21,81,493",14.60%,2002
173,Possession,"1,48,15,898","1,01,13,733",68.30%,"47,02,165",31.70%,2002
174,Hollywood Ending,"1,45,69,744","48,50,753",33.30%,"97,18,991",66.70%,2002
175,Stealing Harvard,"1,42,77,032","1,40,36,406",98.30%,"2,40,626",1.70%,2002
176,Godzilla Against Mechagodzilla,"1,41,22,958",0,0,"1,41,22,958",100%,2002
177,Wet Dreams,"1,39,36,317",0,0,"1,39,36,317",100%,2002
178,Dirty Pretty Things,"1,39,04,766","81,12,414",58.30%,"57,92,352",41.70%,2002
179,Juwanna Mann,"1,38,02,599","1,36,70,733",99%,"1,31,866",1%,2002
180,Trapped,"1,34,14,416","70,73,251",52.70%,"63,41,165",47.30%,2002
181,Toei Spring Anime Fair,"1,31,07,237",0,0,"1,31,07,237",100%,2002
182,Long Time Dead,"1,31,02,295",0,0,"1,31,02,295",100%,2002
183,Knockaround Guys,"1,28,06,614","1,17,15,637",91.50%,"10,90,977",8.50%,2002
184,Narc,"1,26,33,747","1,04,65,659",82.80%,"21,68,088",17.20%,2002
185,The Other Side of the Bed,"1,26,30,208",0,0,"1,26,30,208",100%,2002
186,Sorority Boys,"1,25,17,488","1,02,00,032",81.50%,"23,17,456",18.50%,2002
187,Nine Queens,"1,24,13,888","12,22,889",9.90%,"1,11,90,999",90.10%,2002
188,Abandon,"1,23,02,219","1,07,27,683",87.20%,"15,74,536",12.80%,2002
189,The Eye,"1,21,65,016","5,12,049",4.20%,"1,16,52,967",95.80%,2002
190,2009: Lost Memories,"1,20,49,825",0,0,"1,20,49,825",100%,2002
191,The Rules of Attraction,"1,18,19,244","65,32,619",55.30%,"52,86,625",44.70%,2002
192,Mohou0han,"1,17,02,775",0,0,"1,17,02,775",100%,2002
193,The Order,"1,15,60,806","76,60,806",66.30%,"39,00,000",33.70%,2002
194,Adrenaline Rush: The Science of Risk,"1,10,11,932","1,09,94,028",99.80%,"17,904",0.20%,2002
195,Extreme Ops,"1,09,59,475","48,42,259",44.20%,"61,17,216",55.80%,2002
196,Champion,"1,05,69,737",0,0,"1,05,69,737",100%,2002
197,Bibi Blocksberg,"1,03,25,928",0,0,"1,03,25,928",100%,2002
198,Kamen Rider Ryuki: Episode Final,"1,01,12,538",0,0,"1,01,12,538",100%,2002
199,Pulse: A Stomp Odyssey,"1,00,86,514","1,00,86,514",100%,0,0,2002
0,The Lord of the Rings: The Return of the King,"1,14,07,03,091","37,70,27,325",33.10%,"76,36,54,686",66.90%,2003
1,Finding Nemo,"87,10,14,978","33,97,14,978",39%,"53,13,00,000",61%,2003
2,The Matrix Reloaded,"73,94,12,035","28,15,76,461",38.10%,"45,78,35,574",61.90%,2003
3,Pirates of the Caribbean: The Curse of the Black Pearl,"65,42,64,015","30,54,13,918",46.70%,"34,88,50,097",53.30%,2003
4,Bruce Almighty,"48,45,92,874","24,28,29,261",50.10%,"24,17,63,613",49.90%,2003
5,The Last Samurai,"45,46,27,263","11,11,27,263",24.40%,"34,35,00,000",75.60%,2003
6,Terminator 3: Rise of the Machines,"43,33,71,112","15,03,71,112",34.70%,"28,30,00,000",65.30%,2003
7,The Matrix Revolutions,"42,73,43,298","13,93,13,948",32.60%,"28,80,29,350",67.40%,2003
8,X2: X0Men United,"40,77,11,549","21,49,49,694",52.70%,"19,27,61,855",47.30%,2003
9,Bad Boys II,"27,33,39,556","13,86,08,444",50.70%,"13,47,31,112",49.30%,2003
10,Something's Gotta Give,"26,53,28,738","12,47,28,738",47%,"14,06,00,000",53%,2003
11,Charlie's Angels: Full Throttle,"25,91,75,788","10,08,30,111",38.90%,"15,83,45,677",61.10%,2003
12,The Village,"25,66,97,520","11,41,97,520",44.50%,"14,25,00,000",55.50%,2003
13,Brother Bear,"25,03,97,798","8,53,36,277",34.10%,"16,50,61,521",65.90%,2003
14,Hulk,"24,52,85,165","13,21,77,234",53.90%,"11,31,07,931",46.10%,2003
15,Love Actually,"24,49,31,766","5,96,96,144",24.40%,"18,52,35,622",75.60%,2003
16,2 Fast 2 Furious,"23,63,50,661","12,71,54,901",53.80%,"10,91,95,760",46.20%,2003
17,American Wedding,"23,27,22,935","10,45,65,114",44.90%,"12,81,57,821",55.10%,2003
18,Scary Movie 3,"22,06,73,217","11,00,03,217",49.80%,"11,06,70,000",50.20%,2003
19,Elf,"22,04,43,451","17,33,98,518",78.70%,"4,70,44,933",21.30%,2003
20,Master and Commander: The Far Side of the World,"21,16,22,535","9,39,27,920",44.40%,"11,76,94,615",55.60%,2003
21,S.W.A.T.,"20,77,25,639","11,69,34,650",56.30%,"9,07,90,989",43.70%,2003
22,Spy Kids 3: Game Over,"19,70,11,982","11,17,61,982",56.70%,"8,52,50,000",43.30%,2003
23,Anger Management,"19,57,45,823","13,56,45,823",69.30%,"6,01,00,000",30.70%,2003
24,Cheaper by the Dozen,"19,02,12,113","13,86,14,544",72.90%,"5,15,97,569",27.10%,2003
25,The Haunted Mansion,"18,22,90,266","7,58,47,266",41.60%,"10,64,43,000",58.40%,2003
26,Kill Bill: Vol. 1,"18,08,99,045","7,00,99,045",38.80%,"11,08,00,000",61.20%,2003
27,The League of Extraordinary Gentlemen,"17,92,65,204","6,64,65,204",37.10%,"11,28,00,000",62.90%,2003
28,Daredevil,"17,91,79,718","10,25,43,518",57.20%,"7,66,36,200",42.80%,2003
29,How to Lose a Guy in 10 Days,"17,75,03,042","10,58,13,373",59.60%,"7,16,89,014",40.40%,2003
30,The Italian Job,"17,60,70,171","10,61,28,601",60.30%,"6,99,41,570",39.70%,2003
31,Cold Mountain,"17,30,13,509","9,56,36,509",55.30%,"7,73,77,000",44.70%,2003
32,Bringing Down the House,"16,47,29,679","13,27,16,677",80.60%,"3,20,13,002",19.40%,2003
33,Daddy Day Care,"16,44,33,867","10,42,97,061",63.40%,"6,01,36,806",36.60%,2003
34,Freaky Friday,"16,08,46,332","11,02,30,332",68.50%,"5,06,16,000",31.50%,2003
35,Johnny English,"16,04,66,000","2,80,82,366",17.50%,"13,23,83,634",82.50%,2003
36,Lara Croft: Tomb Raider 0 The Cradle of Life,"16,00,99,222","6,56,60,196",41%,"9,44,39,026",59%,2003
37,Mystic River,"15,65,95,191","9,01,35,191",57.60%,"6,64,60,000",42.40%,2003
38,Bayside Shakedown 2,"15,51,38,312",0,0,"15,51,38,312",100%,2003
39,Seabiscuit,"14,83,36,445","12,02,77,854",81.10%,"2,80,58,591",18.90%,2003
40,Gothika,"14,15,91,324","5,96,94,580",42.20%,"8,18,96,744",57.80%,2003
41,Mona Lisa Smile,"14,13,37,989","6,38,60,942",45.20%,"7,74,77,047",54.80%,2003
42,The Jungle Book 2,"13,57,03,599","4,79,01,582",35.30%,"8,78,02,017",64.70%,2003
43,The Cat in the Hat,"13,39,60,541","10,11,49,285",75.50%,"3,28,11,256",24.50%,2003
44,School of Rock,"13,10,95,614","8,12,61,177",62%,"4,98,34,437",38%,2003
45,"Legally Blonde 2: Red, White & Blonde","12,49,14,842","9,01,86,328",72.20%,"3,47,28,514",27.80%,2003
46,Big Fish,"12,32,18,424","6,68,09,693",54.20%,"5,64,08,731",45.80%,2003
47,Peter Pan,"12,19,75,011","4,84,62,608",39.70%,"7,35,12,403",60.30%,2003
48,Intolerable Cruelty,"12,08,01,243","3,53,27,628",29.20%,"8,54,73,615",70.80%,2003
49,Lost in Translation,"11,86,85,453","4,45,85,453",37.60%,"7,41,00,000",62.40%,2003
50,Paycheck,"11,72,48,958","5,37,90,451",45.90%,"6,34,58,507",54.10%,2003
51,Freddy vs. Jason,"11,66,32,628","8,26,22,655",70.80%,"3,40,09,973",29.20%,2003
52,The Texas Chainsaw Massacre,"10,70,71,655","8,05,71,655",75.30%,"2,65,00,000",24.70%,2003
53,Just Married,"10,15,64,935","5,61,27,162",55.30%,"4,54,37,773",44.70%,2003
54,The Recruit,"10,11,91,884","5,28,02,140",52.20%,"4,83,89,744",47.80%,2003
55,Once Upon a Time in Mexico,"9,80,96,026","5,63,59,780",57.50%,"4,17,36,246",42.50%,2003
56,Phone Booth,"9,78,37,138","4,65,66,212",47.60%,"5,12,70,926",52.40%,2003
57,Underworld,"9,57,08,457","5,19,70,690",54.30%,"4,37,37,767",45.70%,2003
58,Calendar Girls,"9,34,00,759","3,10,41,759",33.20%,"6,23,59,000",66.80%,2003
59,Final Destination 2,"9,09,41,129","4,69,61,214",51.60%,"4,39,79,915",48.40%,2003
60,Identity,"9,02,59,536","5,21,59,536",57.80%,"3,81,00,000",42.20%,2003
61,Kangaroo Jack,"8,89,29,111","6,69,34,963",75.30%,"2,19,94,148",24.70%,2003
62,Shanghai Knights,"8,83,23,487","6,04,76,872",68.50%,"2,78,46,615",31.50%,2003
63,Old School,"8,71,35,520","7,55,85,093",86.70%,"1,15,50,427",13.30%,2003
64,Tears of the Sun,"8,64,68,162","4,37,34,876",50.60%,"4,27,33,286",49.40%,2003
65,Sinbad: Legend of the Seven Seas,"8,07,73,077","2,64,83,452",32.80%,"5,42,89,625",67.20%,2003
66,The Rundown,"8,06,57,921","4,77,26,342",59.20%,"3,29,31,579",40.80%,2003
67,Runaway Jury,"8,01,54,140","4,94,43,628",61.70%,"3,07,10,512",38.30%,2003
68,Good Bye Lenin!,"7,93,16,957","40,64,200",5.10%,"7,52,52,757",94.90%,2003
69,Bad Santa,"7,64,88,889","6,00,60,328",78.50%,"1,64,28,561",21.50%,2003
70,Dreamcatcher,"7,57,15,436","3,37,15,436",44.50%,"4,20,00,000",55.50%,2003
71,The Core,"7,34,98,611","3,11,86,896",42.40%,"4,23,11,715",57.60%,2003
72,Holes,"7,14,06,573","6,74,06,573",94.40%,"40,00,000",5.60%,2003
73,Looney Tunes: Back in Action,"6,85,14,844","2,09,91,364",30.60%,"4,75,23,480",69.40%,2003
74,Open Range,"6,82,96,293","5,83,31,254",85.40%,"99,65,039",14.60%,2003
75,Stuck on You,"6,57,84,503","3,38,32,741",51.40%,"3,19,51,762",48.60%,2003
76,Matchstick Men,"6,55,65,672","3,69,06,460",56.30%,"2,86,59,212",43.70%,2003
77,Taxi 3,"6,54,97,208","4,97,208",0.80%,"6,50,00,000",99.20%,2003
78,Jeepers Creepers 2,"6,31,02,666","3,56,67,218",56.50%,"2,74,35,448",43.50%,2003
79,Piglet's Big Movie,"6,28,70,546","2,31,03,423",36.70%,"3,97,67,123",63.30%,2003
80,Honey,"6,22,28,395","3,03,08,417",48.70%,"3,19,19,978",51.30%,2003
81,21 Grams,"6,04,27,839","1,62,90,476",27%,"4,41,37,363",73%,2003
82,Under the Tuscan Sun,"5,88,78,723","4,36,10,723",74.10%,"1,52,68,000",25.90%,2003
83,Agent Cody Banks,"5,87,95,814","4,79,38,330",81.50%,"1,08,57,484",18.50%,2003
84,Monster,"5,84,69,210","3,44,69,210",59%,"2,40,00,000",41%,2003
85,Cradle 2 the Grave,"5,64,89,558","3,47,12,347",61.40%,"2,17,77,211",38.60%,2003
86,The Lizzie McGuire Movie,"5,55,34,455","4,27,34,455",77%,"1,28,00,000",23%,2003
87,Out of Time,"5,54,95,563","4,10,88,845",74%,"1,44,06,718",26%,2003
88,Rugrats Go Wild,"5,52,50,496","3,94,02,572",71.30%,"1,58,47,924",28.70%,2003
89,Radio,"5,32,93,628","5,23,33,738",98.20%,"9,59,890",1.80%,2003
90,Hollywood Homicide,"5,11,42,659","3,09,40,691",60.50%,"2,02,01,968",39.50%,2003
91,What a Girl Wants,"5,07,32,139","3,61,05,433",71.20%,"1,46,26,706",28.80%,2003
92,The Jungle Book 2 2003 Re0release,"5,06,00,160",0,0,"5,06,00,160",100%,2003
93,National Security,"5,00,97,949","3,63,81,186",72.60%,"1,37,16,763",27.40%,2003
94,Secondhand Lions,"4,82,49,017","4,20,70,939",87.20%,"61,78,078",12.80%,2003
95,Darkness Falls,"4,74,88,536","3,25,51,396",68.50%,"1,49,37,140",31.50%,2003
96,Torque,"4,65,46,197","2,12,15,059",45.60%,"2,53,31,138",54.40%,2003
97,The Hunted,"4,60,61,847","3,42,44,097",74.30%,"1,18,17,750",25.70%,2003
98,Good Boy,"4,53,12,217","3,76,67,746",83.10%,"76,44,471",16.90%,2003
99,Uptown Girls,"4,46,17,342","3,71,82,494",83.30%,"74,34,848",16.70%,2003
100,A Man Apart,"4,43,50,926","2,67,36,098",60.30%,"1,76,14,828",39.70%,2003
101,Timeline,"4,39,35,763","1,94,81,943",44.30%,"2,44,53,820",55.70%,2003
102,Basic,"4,27,92,561","2,67,93,311",62.60%,"1,59,99,250",37.40%,2003
103,Whale Rider,"4,10,62,976","2,07,79,666",50.60%,"2,02,83,310",49.40%,2003
104,Down with Love,"3,94,68,111","2,03,05,251",51.40%,"1,91,62,860",48.60%,2003
105,Dumb and Dumberer: When Harry Met Lloyd,"3,92,67,515","2,62,76,465",66.90%,"1,29,91,050",33.10%,2003
106,The Life of David Gale,"3,89,55,598","1,99,55,598",51.20%,"1,90,00,000",48.80%,2003
107,Head of State,"3,86,20,484","3,81,25,247",98.70%,"4,95,237",1.30%,2003
108,The Missing,"3,83,64,277","2,70,11,180",70.40%,"1,13,53,097",29.60%,2003
109,Bulletproof Monk,"3,77,13,879","2,33,58,708",61.90%,"1,43,55,171",38.10%,2003
110,Malibu's Most Wanted,"3,46,22,504","3,44,32,201",99.50%,"1,90,303",0.50%,2003
111,The Medallion,"3,42,68,701","2,22,19,192",64.80%,"1,20,49,509",35.20%,2003
112,The Fighting Temptations,"3,39,72,062","3,02,50,745",89%,"37,21,317",11%,2003
113,Pokémon: Jirachi 0 Wish Maker,"3,33,93,751",0,0,"3,33,93,751",100%,2003
114,Girl with a Pearl Earring,"3,30,30,115","1,16,70,971",35.30%,"2,13,59,144",64.70%,2003
115,Suddenly Paradise,"3,16,79,869",0,0,"3,16,79,869",100%,2003
116,The Blind Swordsman: Zatoichi,"3,11,67,430",0,0,"3,11,67,430",100%,2003
117,Cabin Fever,"3,05,53,394","2,11,58,188",69.20%,"93,95,206",30.80%,2003
118,Laws of Attraction,"3,00,31,874","1,78,71,255",59.50%,"1,21,60,619",40.50%,2003
119,Luther,"2,94,13,900","57,91,328",19.70%,"2,36,22,572",80.30%,2003
120,Bugs!,"2,93,88,999","1,90,63,544",64.90%,"1,03,25,455",35.10%,2003
121,Cold Creek Manor,"2,91,19,434","2,13,86,011",73.40%,"77,33,423",26.60%,2003
122,Wrong Turn,"2,86,50,575","1,54,18,790",53.80%,"1,32,31,785",46.20%,2003
123,Ruby & Quentin,"2,77,20,972","3,12,824",1.10%,"2,74,08,148",98.90%,2003
124,The In0Laws,"2,68,91,849","2,04,53,431",76.10%,"64,38,418",23.90%,2003
125,In America,"2,53,82,911","1,55,39,656",61.20%,"98,43,255",38.80%,2003
126,The Miracle of Bern,"2,48,16,750",0,0,"2,48,16,394",100%,2003
127,Detective Conan: Crossroad in the Ancient Capital,"2,43,42,320",0,0,"2,43,42,320",100%,2003
128,Mortadelo & Filemon: The Big Adventure,"2,39,20,411",0,0,"2,39,20,411",100%,2003
129,Dickie Roberts: Former Child Star,"2,37,69,505","2,27,38,671",95.70%,"10,30,834",4.30%,2003
130,In the Cut,"2,37,26,793","47,50,602",20%,"1,89,76,191",80%,2003
131,Biker Boyz,"2,35,10,621","2,20,76,772",93.90%,"14,33,849",6.10%,2003
132,Yomigaeri,"2,32,59,542",0,0,"2,32,59,542",100%,2003
133,Confidence,"2,30,14,206","1,22,51,640",53.20%,"1,07,62,566",46.80%,2003
134,The Human Stain,"2,29,54,068","53,81,908",23.40%,"1,75,72,160",76.60%,2003
135,Swimming Pool,"2,24,41,497","1,01,30,108",45.10%,"1,23,11,389",54.90%,2003
136,Chouchou,"2,22,88,364",0,0,"2,22,88,364",100%,2003
137,Ghosts of the Abyss,"2,21,41,539","1,70,40,871",77%,"51,00,668",23%,2003
138,Love Don't Cost a Thing,"2,19,64,072","2,19,24,226",99.80%,"39,846",0.20%,2003
139,The Barbarian Invasions 2003 Re0release,"2,18,15,430","34,35,749",15.70%,"1,83,79,681",84.30%,2003
140,Doraemon: Nobita and the Wind Wizard,"2,04,28,491",0,0,"2,04,28,491",100%,2003
141,Ong0Bak: The Thai Warrior,"2,02,35,426","45,63,167",22.60%,"1,56,72,259",77.40%,2003
142,View from the Top,"1,95,26,014","1,56,14,000",80%,"39,12,014",20%,2003
143,Duplex,"1,93,22,135","96,92,135",50.20%,"96,30,000",49.80%,2003
144,Deep Blue,"1,92,88,261","1,32,261",0.70%,"1,91,56,000",99.30%,2003
145,A Mighty Wind,"1,87,50,246","1,77,81,006",94.80%,"9,69,240",5.20%,2003
146,My Boss's Daughter,"1,81,91,005","1,55,50,605",85.50%,"26,40,400",14.50%,2003
147,My Tutor Friend,"1,78,96,209",0,0,"1,78,96,209",100%,2003
148,The New World,"1,78,23,920",0,0,"1,78,23,920",100%,2003
149,Deliver Us from Eva,"1,75,73,594","1,75,73,594",100%,0,0,2003
150,A Guy Thing,"1,74,32,163","1,55,45,431",89.20%,"18,86,732",10.80%,2003
151,Would I Lie to You? 2,"1,73,17,084",0,0,"1,73,17,084",100%,2003
152,House of 1000 Corpses,"1,68,29,545","1,26,34,962",75.10%,"41,94,583",24.90%,2003
153,House of Sand and Fog,"1,67,63,804","1,30,40,288",77.80%,"37,23,516",22.20%,2003
154,Dogville,"1,66,80,836","15,35,286",9.20%,"1,51,45,550",90.80%,2003
155,Facing Windows,"1,55,30,077","5,43,354",3.50%,"1,49,86,723",96.50%,2003
156,Zelary,"1,54,61,305","3,30,033",2.10%,"1,51,31,272",97.90%,2003
157,Alex & Emma,"1,53,68,897","1,42,18,698",92.50%,"11,50,199",7.50%,2003
158,The Dreamers,"1,51,21,165","25,32,228",16.70%,"1,25,88,937",83.30%,2003
159,Oldboy,"1,49,80,005","7,07,481",4.70%,"1,42,72,524",95.30%,2003
160,Battle Royale II,"1,48,99,584",0,0,"1,48,99,584",100%,2003
161,One Piece: Dead End Adventure,"1,48,17,006",0,0,"1,48,17,006",100%,2003
162,The Triplets of Belleville,"1,47,76,760","70,07,149",47.40%,"77,69,611",52.60%,2003
163,Together with You,"1,46,87,167","11,51,941",7.80%,"1,35,35,226",92.20%,2003
164,How to Deal,"1,43,90,329","1,41,95,227",98.60%,"1,95,102",1.40%,2003
165,Football Days,"1,41,17,202",0,0,"1,41,17,202",100%,2003
166,Touching the Void,"1,38,85,802","45,93,598",33.10%,"92,92,204",66.90%,2003
167,House of the Dead,"1,38,18,181","1,02,49,719",74.20%,"35,68,462",25.80%,2003
168,Anything Else,"1,35,85,075","32,12,310",23.60%,"1,03,72,765",76.40%,2003
169,Kal Ho Naa Ho,"1,32,00,241","19,91,922",15.10%,"1,12,08,319",84.90%,2003
170,The Barbarian Invasions,"1,30,65,317","51,09,226",39.10%,"79,56,091",60.90%,2003
171,Onmyoji 2,"1,30,22,862",0,0,"1,30,22,862",100%,2003
172,The Divorce,"1,29,91,996","90,81,057",69.90%,"39,10,939",30.10%,2003
173,Gods and Generals,"1,29,23,936","1,28,82,934",99.70%,"41,002",0.30%,2003
174,"Remember Me, My Love","1,26,71,306","2,27,986",1.80%,"1,24,43,320",98.20%,2003
175,Chasing Papi,"1,26,61,189","61,30,049",48.40%,"65,31,140",51.60%,2003
176,Winged Migration 2003 Re0release,"1,26,34,963","1,07,64,402",85.20%,"18,70,561",14.80%,2003
177,Seducing Doctor Lewis,"1,25,04,038","93,54,342",74.80%,"31,49,696",25.20%,2003
178,Monsieur Ibrahim,"1,23,64,836","28,23,890",22.80%,"95,40,946",77.20%,2003
179,Koi... Mil Gaya,"1,21,68,232","6,71,372",5.50%,"1,14,96,860",94.50%,2003
180,Dark Blue,"1,21,50,301","92,50,301",76.10%,"29,00,000",23.90%,2003
181,Beyond Borders,"1,17,05,002","44,30,101",37.80%,"72,74,901",62.20%,2003
182,The Dope,"1,12,89,473",0,0,"1,12,89,473",100%,2003
183,Kamen Rider 555: Paradise Lost,"1,10,67,556",0,0,"1,10,67,556",100%,2003
184,Godzilla: Tokyo S.O.S.,"1,07,24,345",0,0,"1,07,24,345",100%,2003
185,The Cooler,"1,04,64,788","82,91,572",79.20%,"21,73,216",20.80%,2003
186,A Touch of Spice,"1,03,95,779",0,0,"1,03,95,779",100%,2003
187,Thirteen,"1,01,28,960","46,01,043",45.40%,"55,27,917",54.60%,2003
188,Kisarazu Cat's Eye: Nihon Series,"1,00,29,866",0,0,"1,00,29,866",100%,2003
189,Elephant,"1,00,12,022","12,66,955",12.70%,"87,45,067",87.30%,2003
190,Shin Chan: The Adult Empire Strikes Back,"98,51,449",0,0,"98,51,449",100%,2003
191,My Life Without Me,"97,26,954","4,00,948",4.10%,"93,26,006",95.90%,2003
192,The Young Black Stallion,"96,38,389","67,51,389",70%,"28,87,000",30%,2003
193,Married for 7 Years,"95,45,175",0,0,"95,45,175",100%,2003
194,Veronica Guerin,"94,39,660","15,71,504",16.60%,"78,68,156",83.40%,2003
195,The Flying Classroom,"93,78,807",0,0,"93,78,807",100%,2003
196,Après Vous,"88,52,763","8,30,292",9.40%,"80,22,471",90.60%,2003
197,"Spring, Summer, Fall, Winter... and Spring","88,41,920","23,80,788",26.90%,"64,61,132",73.10%,2003
198,18 Years Later,"87,85,730","25,611",0.30%,"87,60,119",99.70%,2003
199,Le coeur des hommes,"87,55,325",0,0,"87,55,325",100%,2003
0,Shrek 2,"92,89,65,969","44,14,26,807",47.50%,"48,75,34,523",52.50%,2004
1,Harry Potter and the Prisoner of Azkaban,"79,56,34,069","24,95,41,069",31.40%,"54,60,93,000",68.60%,2004
2,Spider0Man 2,"78,37,66,341","37,35,85,825",47.70%,"41,01,80,516",52.30%,2004
3,The Incredibles,"63,14,42,092","26,14,41,092",41.40%,"37,00,01,000",58.60%,2004
4,The Passion of the Christ,"61,14,90,759","37,02,74,604",60.60%,"24,12,12,132",39.40%,2004
5,The Day After Tomorrow,"55,26,39,571","18,67,40,799",33.80%,"36,58,98,772",66.20%,2004
6,Meet the Fockers,"52,26,57,936","27,92,61,160",53.40%,"24,33,96,776",46.60%,2004
7,Troy,"49,74,09,852","13,33,78,256",26.80%,"36,40,31,596",73.20%,2004
8,Shark Tale,"37,45,83,879","16,08,61,908",42.90%,"21,37,21,971",57.10%,2004
9,Ocean's Twelve,"36,27,44,280","12,55,44,280",34.60%,"23,72,00,000",65.40%,2004
10,"I, Robot","35,31,33,898","14,48,01,023",41%,"20,83,32,875",59%,2004
11,National Treasure,"34,75,12,318","17,30,08,894",49.80%,"17,45,03,424",50.20%,2004
12,Van Helsing,"30,01,57,638","12,01,77,084",40%,"17,99,80,554",60%,2004
13,The Bourne Supremacy,"29,06,33,422","17,62,41,941",60.60%,"11,43,91,481",39.40%,2004
14,The Polar Express,"28,60,00,505","16,27,75,358",56.90%,"12,32,25,147",43.10%,2004
15,Bridget Jones: The Edge of Reason,"26,51,26,918","4,02,26,215",15.20%,"22,49,00,703",84.80%,2004
16,Howl's Moving Castle,"23,52,04,375","47,11,096",2%,"23,04,84,947",98%,2004
17,Fahrenheit 9/11,"22,24,46,882","11,91,94,771",53.60%,"10,32,52,111",46.40%,2004
18,Collateral,"22,02,39,925","10,10,05,703",45.90%,"11,92,34,222",54.10%,2004
19,The Terminal,"21,86,85,607","7,78,72,883",35.60%,"14,08,12,724",64.40%,2004
20,Million Dollar Baby,"21,67,63,646","10,04,92,203",46.40%,"11,62,71,443",53.60%,2004
21,The Aviator,"21,37,19,942","10,26,10,330",48%,"11,11,09,612",52%,2004
22,A Series of Unfortunate Events,"21,14,68,235","11,86,34,549",56.10%,"9,28,33,686",43.90%,2004
23,King Arthur,"20,35,67,857","5,18,82,244",25.50%,"15,16,85,613",74.50%,2004
24,Garfield: The Movie,"20,31,72,417","7,53,69,589",37.10%,"12,78,02,828",62.90%,2004
25,50 First Dates,"19,84,13,428","12,09,08,074",60.90%,"7,75,05,354",39.10%,2004
26,The Grudge,"18,72,81,115","11,03,59,362",58.90%,"7,69,21,753",41.10%,2004
27,Scooby0Doo 2: Monsters Unleashed,"18,12,16,833","8,42,16,833",46.50%,"9,70,00,000",53.50%,2004
28,Along Came Polly,"17,83,11,729","8,80,97,164",49.40%,"9,02,14,565",50.60%,2004
29,Alien vs. Predator,"17,74,27,090","8,02,82,231",45.20%,"9,71,44,859",54.80%,2004
30,Starsky & Hutch,"17,02,68,750","8,82,37,754",51.80%,"8,20,30,996",48.20%,2004
31,Shall We Dance?,"17,01,28,460","5,78,90,460",34%,"11,22,38,000",66%,2004
32,Dodgeball: A True Underdog Story,"16,84,23,227","11,43,26,736",67.90%,"5,40,96,491",32.10%,2004
33,Alexander,"16,72,98,192","3,42,97,191",20.50%,"13,30,01,001",79.50%,2004
34,The Phantom of the Opera,"15,46,48,887","5,12,68,815",33.20%,"10,33,80,072",66.80%,2004
35,Kill Bill: Vol. 2,"15,41,16,796","6,62,08,183",43%,"8,79,08,613",57%,2004
36,Home on the Range,"14,53,58,062","5,00,30,461",34.40%,"9,53,27,601",65.60%,2004
37,The SpongeBob SquarePants Movie,"14,01,92,993","8,54,17,988",60.90%,"5,47,75,005",39.10%,2004
38,The Princess Diaries 2: Royal Engagement,"13,47,34,481","9,51,70,481",70.60%,"3,95,64,000",29.40%,2004
39,Blade: Trinity,"13,18,83,935","5,24,11,906",39.70%,"7,94,72,029",60.30%,2004
40,Man on Fire,"13,08,34,852","7,79,11,774",59.50%,"5,29,23,078",40.50%,2004
41,Mean Girls,"13,01,35,039","8,60,58,055",66.10%,"4,40,67,774",33.90%,2004
42,Resident Evil: Apocalypse,"12,93,42,769","5,12,01,453",39.60%,"7,81,41,316",60.40%,2004
43,Ray,"12,39,71,376","7,53,31,600",60.80%,"4,86,39,776",39.20%,2004
44,The Notebook,"11,78,14,972","8,10,01,787",68.80%,"3,68,10,836",31.20%,2004
45,The Forgotten,"11,75,92,831","6,71,33,509",57.10%,"5,04,59,322",42.90%,2004
46,Finding Neverland,"11,66,50,613","5,16,80,613",44.30%,"6,49,70,000",55.70%,2004
47,The Chronicles of Riddick,"11,59,00,534","5,77,61,012",49.80%,"5,81,39,522",50.20%,2004
48,Closer,"11,55,05,027","3,39,87,757",29.40%,"8,15,17,270",70.60%,2004
49,White Chicks,"11,30,86,475","7,08,31,760",62.60%,"4,22,54,715",37.40%,2004
50,Sideways,"10,97,06,931","7,15,03,593",65.20%,"3,82,03,338",34.80%,2004
51,Hidalgo,"10,80,40,622","6,73,03,450",62.30%,"4,07,37,172",37.70%,2004
52,The Stepford Wives,"10,33,70,127","5,94,84,742",57.50%,"4,38,85,385",42.50%,2004
53,Saw,"10,30,96,345","5,51,85,045",53.50%,"4,79,11,300",46.50%,2004
54,Dawn of the Dead,"10,22,78,712","5,90,20,957",57.70%,"4,32,57,755",42.30%,2004
55,Kung Fu Hustle,"10,09,12,445","1,71,08,591",17%,"8,38,03,854",83%,2004
56,Ladder 49,"10,05,72,044","7,45,41,707",74.10%,"2,60,30,337",25.90%,2004
57,Hellboy,"9,93,18,987","5,96,23,958",60%,"3,96,95,029",40%,2004
58,The Butterfly Effect,"9,66,93,417","5,79,38,693",59.90%,"3,87,54,724",40.10%,2004
59,Christmas with the Kranks,"9,65,72,480","7,37,80,539",76.40%,"2,27,91,941",23.60%,2004
60,13 Going on 30,"9,64,55,697","5,72,31,747",59.30%,"3,92,23,950",40.70%,2004
61,The Manchurian Candidate,"9,61,05,910","6,59,55,630",68.60%,"3,01,50,280",31.40%,2004
62,Secret Window,"9,29,13,171","4,80,22,900",51.70%,"4,48,90,271",48.30%,2004
63,House of Flying Daggers,"9,28,63,945","1,10,50,094",11.90%,"8,18,13,851",88.10%,2004
64,Downfall,"9,21,81,574","55,09,040",6%,"8,66,72,534",94%,2004
65,Anchorman: The Legend of Ron Burgundy,"9,06,50,045","8,52,88,303",94.10%,"53,61,427",5.90%,2004
66,Catwoman,"8,24,02,379","4,02,02,379",48.80%,"4,22,00,000",51.20%,2004
67,The Chorus,"8,20,32,134","20,87,128",2.50%,"7,99,45,006",97.50%,2004
68,Exorcist: The Beginning,"7,81,10,021","4,18,21,986",53.50%,"3,62,88,035",46.50%,2004
69,The Ladykillers,"7,66,65,191","3,97,99,191",51.90%,"3,68,66,000",48.10%,2004
70,(T)Raumschiff Surprise 0 Periode 1,"7,63,41,401",0,0,"7,63,41,401",100%,2004
71,Crying Out Love in the Center of the World,"7,36,11,055",0,0,"7,36,11,055",100%,2004
72,Eternal Sunshine of the Spotless Mind,"7,33,89,931","3,44,00,301",46.90%,"3,89,87,433",53.10%,2004
73,Without a Paddle,"7,30,29,190","5,81,69,327",79.70%,"1,48,59,863",20.30%,2004
74,Around the World in 80 Days,"7,21,78,895","2,40,08,137",33.30%,"4,81,70,758",66.70%,2004
75,Anacondas: The Hunt for the Blood Orchid,"7,09,92,898","3,22,38,923",45.40%,"3,87,53,975",54.60%,2004
76,Taxi 2004 Re0release,"7,07,78,329","3,66,11,066",51.70%,"3,41,67,263",48.30%,2004
77,A Cinderella Story,"7,00,80,371","5,14,38,175",73.40%,"1,86,29,734",26.60%,2004
78,Tae Guk Gi: The Brotherhood of War,"6,98,27,583","11,11,061",1.60%,"6,87,16,522",98.40%,2004
79,A Very Long Engagement,"6,94,24,389","65,24,389",9.40%,"6,29,00,000",90.60%,2004
80,Barbershop 2: Back in Business,"6,59,91,448","6,51,11,277",98.70%,"8,80,171",1.30%,2004
81,Taking Lives,"6,54,70,529","3,26,82,342",49.90%,"3,27,88,187",50.10%,2004
82,Miracle,"6,44,45,708","6,43,78,093",99.90%,"67,615",0.10%,2004
83,After the Sunset,"6,26,57,868","2,83,31,233",45.20%,"3,43,26,635",54.80%,2004
84,Two Brothers,"6,21,72,050","1,91,76,754",30.80%,"4,29,95,296",69.20%,2004
85,Friday Night Lights,"6,19,50,770","6,12,55,921",98.90%,"6,94,849",1.10%,2004
86,In Good Company,"6,13,15,215","4,58,06,659",74.70%,"1,55,08,556",25.30%,2004
87,Sky Captain and the World of Tomorrow,"5,79,47,036","3,77,62,677",65.20%,"2,01,84,359",34.80%,2004
88,Cellular,"5,76,78,321","3,20,03,620",55.50%,"2,56,74,701",44.50%,2004
89,The Motorcycle Diaries,"5,76,63,224","1,67,81,387",29.10%,"4,08,81,837",70.90%,2004
90,Seven Dwarves,"5,74,10,311",0,0,"5,74,10,311",100%,2004
91,Walking Tall,"5,72,23,890","4,64,37,717",81.20%,"1,07,86,173",18.80%,2004
92,Spanglish,"5,54,70,154","4,27,26,869",77%,"1,27,43,285",23%,2004
93,The Punisher,"5,47,00,105","3,38,10,189",61.80%,"2,08,89,916",38.20%,2004
94,Open Water,"5,46,83,487","3,06,10,863",56%,"2,40,72,624",44%,2004
95,Team America: World Police,"5,08,26,898","3,27,86,074",64.50%,"1,80,40,824",35.50%,2004
96,You Got Served,"5,05,76,805","4,03,63,810",79.80%,"1,02,12,995",20.20%,2004
97,Raising Helen,"4,97,18,611","3,74,86,512",75.40%,"1,22,32,099",24.60%,2004
98,Fat Albert,"4,85,51,322","4,81,16,322",99.10%,"4,35,000",0.90%,2004
99,Be with You,"4,66,16,207",0,0,"4,66,16,207",100%,2004
100,Napoleon Dynamite,"4,61,18,097","4,45,40,956",96.60%,"15,77,141",3.40%,2004
101,The Sea Inside,"4,36,85,449","21,04,923",4.80%,"4,15,80,526",95.20%,2004
102,Wimbledon,"4,16,82,237","1,70,01,133",40.80%,"2,46,81,104",59.20%,2004
103,Twisted,"4,09,54,603","2,51,98,598",61.50%,"1,57,56,005",38.50%,2004
104,Bad Education,"4,03,50,837","52,11,842",12.90%,"3,51,38,995",87.10%,2004
105,Crimson Rivers 2: Angels of the Apocalypse,"4,01,52,148","1,52,148",0.40%,"4,00,00,000",99.60%,2004
106,The Prince and Me,"3,76,66,766","2,81,76,497",74.80%,"94,90,269",25.20%,2004
107,Garden State,"3,58,25,316","2,67,82,316",74.80%,"90,43,000",25.20%,2004
108,Jersey Girl,"3,54,92,921","2,52,68,157",71.20%,"1,02,24,764",28.80%,2004
109,Alfie,"3,50,60,882","1,33,99,812",38.20%,"2,16,61,070",61.80%,2004
110,Flight of the Phoenix,"3,50,21,497","2,10,09,180",60%,"1,40,12,317",40%,2004
111,The Life Aquatic with Steve Zissou,"3,48,08,403","2,40,20,403",69%,"1,07,88,000",31%,2004
112,Pokémon the Movie: Destiny Deoxys,"3,43,37,258",0,0,"3,43,37,258",100%,2004
113,Hotel Rwanda,"3,38,82,243","2,35,30,892",69.40%,"1,03,51,351",30.60%,2004
114,Confessions of a Teenage Drama Queen,"3,32,51,890","2,93,31,068",88.20%,"39,20,822",11.80%,2004
115,Night Watch,"3,23,96,890",0,0,"3,23,96,890",100%,2004
116,Johnson Family Vacation,"3,13,26,183","3,12,03,964",99.60%,"1,22,219",0.40%,2004
117,The Girl Next Door,"3,03,81,722","1,45,89,444",48%,"1,57,92,278",52%,2004
118,Godsend,"3,01,20,671","1,43,79,751",47.70%,"1,57,40,920",52.30%,2004
119,Shaun of the Dead,"3,00,39,392","1,35,42,874",45.10%,"1,64,96,518",54.90%,2004
120,Yu0Gi0Oh!: The Movie 0 Pyramid of Light,"2,91,44,802","1,97,65,868",67.80%,"93,78,934",32.20%,2004
121,Agent Cody Banks 2: Destination London,"2,88,18,995","2,36,30,159",82%,"51,88,836",18%,2004
122,Thunderbirds,"2,82,83,637","68,80,917",24.30%,"2,14,02,720",75.70%,2004
123,Dirty Dancing: Havana Nights,"2,76,85,016","1,41,61,590",51.20%,"1,35,23,426",48.80%,2004
124,Ella Enchanted,"2,73,88,767","2,29,18,387",83.70%,"44,70,380",16.30%,2004
125,Doraemon: Nobita in the Wan0Nyan Spacetime Odyssey,"2,66,63,978",0,0,"2,66,63,978",100%,2004
126,The Whole Ten Yards,"2,61,70,671","1,63,28,471",62.40%,"98,42,200",37.60%,2004
127,The Alamo,"2,58,19,961","2,24,14,961",86.80%,"34,05,000",13.20%,2004
128,Seed of Chucky,"2,48,29,644","1,70,83,732",68.80%,"77,45,912",31.20%,2004
129,Bride & Prejudice,"2,47,16,440","66,05,592",26.70%,"1,81,10,848",73.30%,2004
130,Podium,"2,45,11,116",0,0,"2,45,11,116",100%,2004
131,Harold & Kumar Go to White Castle,"2,39,36,908","1,82,50,550",76.20%,"56,86,358",23.80%,2004
132,Birth,"2,39,25,492","50,95,038",21.30%,"1,88,30,454",78.70%,2004
133,Christmas in Love,"2,26,68,087",0,0,"2,26,68,087",100%,2004
134,Detective Conan: Magician of the Silver Sky,"2,26,18,511",0,0,"2,26,18,511",100%,2004
135,EuroTrip,"2,26,05,153","1,77,71,387",78.60%,"48,33,766",21.40%,2004
136,Quill: The Life of a Guide Dog,"2,22,98,559",0,0,"2,22,98,559",100%,2004
137,NASCAR: The IMAX Experience,"2,22,48,831","2,15,83,831",97%,"6,65,000",3%,2004
138,Little Black Book,"2,20,35,509","2,06,98,668",93.90%,"13,36,841",6.10%,2004
139,Do You Know Claudia?,"2,18,52,972",0,0,"2,18,52,972",100%,2004
140,Mr. 3000,"2,18,39,377","2,18,11,187",99.90%,"28,190",0.10%,2004
141,Wicker Park,"2,15,68,818","1,30,01,257",60.30%,"85,67,561",39.70%,2004
142,Win a Date with Tad Hamilton!,"2,15,13,434","1,70,71,962",79.40%,"44,41,472",20.60%,2004
143,The Merchant of Venice,"2,14,17,725","37,65,585",17.60%,"1,76,52,140",82.40%,2004
144,New York Minute,"2,12,89,826","1,40,71,441",66.10%,"72,18,385",33.90%,2004
145,Mindhunters,"2,11,48,829","44,80,744",21.20%,"1,66,68,085",78.80%,2004
146,G.O.R.A.,"2,08,39,049",0,0,"2,08,39,049",100%,2004
147,Super Size Me,"2,06,45,757","1,15,36,423",55.90%,"91,09,334",44.10%,2004
148,The 11 Commandments,"2,05,37,839",0,0,"2,05,37,839",100%,2004
149,Ladies in Lavender,"2,03,77,075","67,65,081",33.20%,"1,36,11,994",66.80%,2004
150,Melinda and Melinda,"2,01,29,327","38,26,280",19%,"1,63,03,047",81%,2004
151,I Heart Huckabees,"2,00,72,172","1,27,85,432",63.70%,"72,86,740",36.30%,2004
152,2046,"1,94,70,239","14,44,588",7.40%,"1,80,25,651",92.60%,2004
153,Vanity Fair,"1,94,63,185","1,61,36,476",82.90%,"33,26,709",17.10%,2004
154,Windstruck,"1,92,25,992",0,0,"1,92,25,992",100%,2004
155,The Corsican File,"1,89,22,216",0,0,"1,89,22,216",100%,2004
156,Swing Girls,"1,87,58,613",0,0,"1,87,58,613",100%,2004
157,Look at Me,"1,87,29,751","17,37,308",9.30%,"1,69,92,443",90.70%,2004
158,De0Lovely,"1,86,11,951","1,34,56,633",72.30%,"51,55,318",27.70%,2004
159,My Baby's Daddy,"1,84,90,423","1,76,69,317",95.60%,"8,21,106",4.40%,2004
160,Quai des illusions,"1,82,91,248",0,0,"1,82,91,248",100%,2004
161,Kinsey,"1,70,50,017","1,02,54,979",60.10%,"67,95,038",39.90%,2004
162,Catch That Kid,"1,69,51,702","1,67,03,799",98.50%,"2,47,903",1.50%,2004
163,Paparazzi,"1,67,96,512","1,57,14,234",93.60%,"10,82,278",6.40%,2004
164,One Missed Call,"1,63,67,880",0,0,"1,63,67,880",100%,2004
165,"Nin x Nin: Ninja Hattori0kun, the Movie","1,63,51,134",0,0,"1,63,51,134",100%,2004
166,What the #*! Do We (K)now!?,"1,59,98,178","1,09,42,306",68.40%,"50,55,872",31.60%,2004
167,Before Sunset,"1,58,54,307","58,20,649",36.70%,"1,00,29,110",63.30%,2004
168,Lucky Luke and the Daltons,"1,58,23,762",0,0,"1,58,23,762",100%,2004
169,Surviving Christmas,"1,51,25,687","1,16,63,156",77.10%,"34,62,531",22.90%,2004
170,The Last Trapper,"1,49,05,929",0,0,"1,49,05,929",100%,2004
171,Raise Your Voice,"1,48,67,514","1,04,11,980",70%,"44,55,534",30%,2004
172,Soul Plane,"1,48,21,824","1,41,90,750",95.70%,"6,31,074",4.30%,2004
173,Half a Confession,"1,46,38,660",0,0,"1,46,38,660",100%,2004
174,Welcome to Mooseport,"1,46,15,099","1,44,70,947",99%,"1,44,152",1%,2004
175,Envy,"1,44,94,036","1,35,62,325",93.60%,"9,31,711",6.40%,2004
176,Being Julia,"1,43,39,171","77,39,049",54%,"66,00,122",46%,2004
177,Vizontele Tuuba,"1,39,54,476",0,0,"1,39,54,476",100%,2004
178,French Spies,"1,38,44,465",0,0,"1,38,44,465",100%,2004
179,Der Wixxer,"1,36,07,165",0,0,"1,36,07,165",100%,2004
180,One Piece: The Cursed Holy Sword,"1,34,22,333",0,0,"1,34,22,333",100%,2004
181,Umizaru,"1,33,61,623",0,0,"1,33,61,623",100%,2004
182,RRRrrrr!!!,"1,33,15,054","54,361",0.40%,"1,32,60,693",99.60%,2004
183,Vera Drake,"1,32,67,869","37,75,283",28.50%,"94,92,586",71.50%,2004
184,Mariages!,"1,29,91,310",0,0,"1,29,91,310",100%,2004
185,Maria Full of Grace,"1,25,94,630","65,29,624",51.80%,"60,65,006",48.20%,2004
186,Breakin' All the Rules,"1,25,44,254","1,22,64,319",97.80%,"2,79,935",2.20%,2004
187,The Clearing,"1,25,20,799","57,63,875",46%,"67,56,924",54%,2004
188,Casshern,"1,23,53,768",0,0,"1,23,53,768",100%,2004
189,Chasing Liberty,"1,23,13,323","1,21,95,626",99%,"1,17,697",1%,2004
190,Don't Move,"1,20,71,007","3,37,265",2.80%,"1,17,33,742",97.20%,2004
191,Kureyon Shin0chan 2004 Re0release,"1,20,66,375",0,0,"1,20,66,375",100%,2004
192,The Cookout,"1,20,09,070","1,18,14,019",98.40%,"1,95,051",1.60%,2004
193,Layer Cake,"1,18,50,214","23,39,957",19.70%,"95,10,257",80.30%,2004
194,Suspect Zero,"1,14,16,075","87,25,813",76.40%,"26,90,262",23.60%,2004
195,Connie and Carla,"1,13,41,016","80,85,771",71.30%,"32,55,245",28.70%,2004
196,Naruto the Movie: Ninja Clash in the Land of Snow,"1,11,41,307",0,0,"1,11,41,307",100%,2004
197,Head0On,"1,10,30,861","4,35,395",3.90%,"1,05,95,466",96.10%,2004
198,District B13,"1,09,76,892","12,00,216",10.90%,"97,76,676",89.10%,2004
199,The Perfect Score,"1,08,98,337","1,03,91,003",95.30%,"5,07,334",4.70%,2004
0,Harry Potter and the Goblet of Fire,"89,59,21,036","29,00,13,036",32.40%,"60,59,08,000",67.60%,2005
1,Star Wars: Episode III 0 Revenge of the Sith,"86,83,52,530","38,02,70,577",43.80%,"48,80,81,953",56.20%,2005
2,"The Chronicles of Narnia: The Lion, the Witch and the Wardrobe","74,50,13,115","29,17,10,957",39.20%,"45,33,02,158",60.80%,2005
3,War of the Worlds,"60,38,73,119","23,42,80,354",38.80%,"36,95,92,765",61.20%,2005
4,King Kong,"55,69,06,378","21,80,80,025",39.20%,"33,88,26,353",60.80%,2005
5,Madagascar,"54,20,63,846","19,35,95,521",35.70%,"34,84,68,325",64.30%,2005
6,Mr. & Mrs. Smith,"48,72,87,646","18,63,36,279",38.20%,"30,09,51,367",61.80%,2005
7,Charlie and the Chocolate Factory,"47,49,68,763","20,64,59,076",43.50%,"26,85,09,687",56.50%,2005
8,Batman Begins,"37,34,43,774","20,53,43,774",55%,"16,81,00,000",45%,2005
9,Hitch,"37,15,94,210","17,94,95,555",48.30%,"19,20,98,655",51.70%,2005
10,Fantastic Four,"33,35,35,934","15,46,96,080",46.40%,"17,88,39,854",53.60%,2005
11,Chicken Little,"31,44,32,837","13,53,86,665",43.10%,"17,90,46,172",56.90%,2005
12,Wedding Crashers,"28,84,67,645","20,92,55,921",72.50%,"7,92,11,724",27.50%,2005
13,Robots,"26,25,11,490","12,82,00,012",48.80%,"13,43,11,478",51.20%,2005
14,Constantine,"23,08,84,728","7,59,76,178",32.90%,"15,49,08,550",67.10%,2005
15,Flightplan,"22,33,87,299","8,97,07,299",40.20%,"13,36,80,000",59.80%,2005
16,Kingdom of Heaven,"21,81,22,627","4,73,98,413",21.70%,"17,07,24,214",78.30%,2005
17,Fun with Dick and Jane,"20,46,81,899","11,03,32,737",53.90%,"9,43,49,162",46.10%,2005
18,The Pacifier,"19,86,36,868","11,30,86,868",56.90%,"8,55,50,000",43.10%,2005
19,Wallace & Gromit: The Curse of the Were0Rabbit,"19,26,14,977","5,61,10,897",29.10%,"13,65,04,080",70.90%,2005
20,The Longest Yard,"19,14,66,556","15,81,19,460",82.60%,"3,33,47,096",17.40%,2005
21,Walk the Line,"18,67,97,986","11,95,19,402",64%,"6,72,78,584",36%,2005
22,Brokeback Mountain,"17,80,62,759","8,30,43,761",46.60%,"9,50,18,998",53.40%,2005
23,The 400Year0Old Virgin,"17,73,78,645","10,94,49,237",61.70%,"6,79,29,408",38.30%,2005
24,The Ring Two,"16,39,95,949","7,62,31,249",46.50%,"8,77,64,700",53.50%,2005
25,The Island,"16,29,49,164","3,58,18,913",22%,"12,71,30,251",78%,2005
26,The Interpreter,"16,29,44,923","7,27,08,161",44.60%,"9,02,36,762",55.40%,2005
27,Memoirs of a Geisha,"16,22,42,962","5,74,90,508",35.40%,"10,47,52,454",64.60%,2005
28,Sin City,"15,87,33,820","7,41,03,820",46.70%,"8,46,30,000",53.30%,2005
29,Monster0in0Law,"15,54,57,327","8,29,31,301",53.30%,"7,25,26,026",46.70%,2005
30,Saw II,"14,77,48,505","8,70,39,965",58.90%,"6,07,08,540",41.10%,2005
31,The Exorcism of Emily Rose,"14,51,66,804","7,50,72,454",51.70%,"7,00,94,350",48.30%,2005
32,Herbie Fully Loaded,"14,41,46,816","6,60,23,816",45.80%,"7,81,23,000",54.20%,2005
33,The Legend of Zorro,"14,24,00,065","4,64,64,023",32.60%,"9,59,36,042",67.40%,2005
34,Bewitched,"13,14,26,169","6,33,13,159",48.20%,"6,81,13,010",51.80%,2005
35,Munich,"13,09,82,129","4,74,03,685",36.20%,"8,35,78,444",63.80%,2005
36,Cheaper by the Dozen 2,"13,01,54,568","8,25,71,173",63.40%,"4,75,83,395",36.60%,2005
37,March of the Penguins,"12,73,92,693","7,74,37,223",60.80%,"4,99,55,470",39.20%,2005
38,Nanny McPhee,"12,32,76,807","4,71,44,110",38.20%,"7,61,32,697",61.80%,2005
39,Hide and Seek,"12,32,04,920","5,11,00,486",41.50%,"7,21,04,434",58.50%,2005
40,Pride & Prejudice,"12,16,16,555","3,84,05,088",31.60%,"8,32,11,467",68.40%,2005
41,Sahara,"11,92,40,351","6,86,71,925",57.60%,"5,05,68,426",42.40%,2005
42,Corpse Bride,"11,80,90,836","5,33,59,111",45.20%,"6,47,31,725",54.80%,2005
43,The Dukes of Hazzard,"11,10,69,515","8,02,70,227",72.30%,"3,07,99,288",27.70%,2005
44,Hoodwinked!,"11,00,13,167","5,13,86,611",46.70%,"5,86,26,556",53.30%,2005
45,Cinderella Man,"10,85,39,911","6,16,49,911",56.80%,"4,68,90,000",43.20%,2005
46,The Amityville Horror,"10,75,16,369","6,52,33,369",60.70%,"4,22,83,000",39.30%,2005
47,The Brothers Grimm,"10,53,16,267","3,79,16,267",36%,"6,74,00,000",64%,2005
48,The Hitchhiker's Guide to the Galaxy,"10,44,78,416","5,10,85,416",48.90%,"5,33,93,000",51.10%,2005
49,Guess Who,"10,31,21,466","6,89,15,888",66.80%,"3,42,05,578",33.20%,2005
50,Just Like Heaven,"10,28,54,431","4,83,18,130",47%,"5,45,36,301",53%,2005
51,Miss Congeniality 2: Armed & Fabulous,"10,13,93,569","4,84,78,006",47.80%,"5,29,15,563",52.20%,2005
52,Crash,"9,84,10,061","5,45,80,300",55.50%,"4,38,29,761",44.50%,2005
53,Are We There Yet?,"9,79,18,663","8,26,74,398",84.40%,"1,52,44,265",15.60%,2005
54,Jarhead,"9,70,76,152","6,26,58,220",64.50%,"3,44,17,932",35.50%,2005
55,Red Eye,"9,62,58,201","5,78,91,803",60.10%,"3,83,66,398",39.90%,2005
56,Be Cool,"9,57,63,716","5,60,46,979",58.50%,"3,97,16,737",41.50%,2005
57,The Skeleton Key,"9,39,83,911","4,79,07,715",51%,"4,60,76,196",49%,2005
58,Syriana,"9,39,74,620","5,08,24,620",54.10%,"4,31,50,000",45.90%,2005
59,The Family Stone,"9,28,84,429","6,00,62,868",64.70%,"3,28,21,561",35.30%,2005
60,Four Brothers,"9,23,74,674","7,44,94,381",80.60%,"1,78,80,293",19.40%,2005
61,White Noise,"9,11,96,419","5,63,86,759",61.80%,"3,48,09,660",38.20%,2005
62,Racing Stripes,"9,07,54,475","4,97,72,522",54.80%,"4,09,81,953",45.20%,2005
63,Transporter 2,"8,90,83,229","4,30,95,856",48.40%,"4,59,87,373",51.60%,2005
64,Rumor Has It...,"8,89,33,562","4,30,00,262",48.40%,"4,59,33,300",51.60%,2005
65,Sky High,"8,63,69,815","6,39,46,815",74%,"2,24,23,000",26%,2005
66,Match Point,"8,56,38,656","2,31,51,529",27%,"6,24,87,127",73%,2005
67,In Her Shoes,"8,36,97,473","3,28,80,591",39.30%,"5,08,16,882",60.70%,2005
68,The Constant Gardener,"8,24,66,670","3,35,79,797",40.70%,"4,88,86,873",59.30%,2005
69,Stealth,"7,92,68,322","3,21,16,746",40.50%,"4,71,51,576",59.50%,2005
70,Hostage,"7,76,08,617","3,46,39,939",44.60%,"4,29,68,678",55.40%,2005
71,Coach Carter,"7,66,69,554","6,72,64,877",87.70%,"94,04,677",12.30%,2005
72,The King and the Clown,"7,44,66,867",0,0,"7,44,66,867",100%,2005
73,"Yours, Mine & Ours","7,26,62,923","5,34,12,862",73.50%,"1,92,50,061",26.50%,2005
74,Lord of War,"7,26,17,068","2,41,49,632",33.30%,"4,84,67,436",66.70%,2005
75,The Adventures of Sharkboy and Lavagirl 30D,"7,19,92,655","3,91,77,684",54.40%,"3,28,14,971",45.60%,2005
76,xXx: State of the Union,"7,14,10,636","2,68,73,932",37.60%,"4,45,36,704",62.40%,2005
77,House of Wax,"6,87,66,121","3,20,64,800",46.60%,"3,67,01,321",53.40%,2005
78,Prime,"6,79,37,494","2,28,27,153",33.60%,"4,51,10,341",66.40%,2005
79,Boogeyman,"6,71,92,859","4,67,52,382",69.60%,"2,04,40,477",30.40%,2005
80,Zathura: A Space Adventure,"6,50,79,236","2,92,58,869",45%,"3,58,20,235",55%,2005
81,Valiant,"6,17,46,888","1,94,78,106",31.50%,"4,22,68,782",68.50%,2005
82,A History of Violence,"6,13,85,065","3,15,04,633",51.30%,"2,98,80,432",48.70%,2005
83,Son of the Mask,"5,99,81,548","1,70,18,422",28.40%,"4,29,63,126",71.60%,2005
84,Must Love Dogs,"5,82,31,520","4,38,94,863",75.40%,"1,43,36,657",24.60%,2005
85,Doom,"5,80,72,119","2,82,12,337",48.60%,"2,98,59,782",51.40%,2005
86,Derailed,"5,74,79,076","3,60,24,076",62.70%,"2,14,55,000",37.30%,2005
87,The Descent,"5,70,51,053","2,60,24,456",45.60%,"3,10,26,597",54.40%,2005
88,Elektra,"5,69,95,646","2,44,09,722",42.80%,"3,25,85,924",57.20%,2005
89,Kicking & Screaming,"5,60,70,433","5,28,42,724",94.20%,"32,27,709",5.80%,2005
90,"Good Night, and Good Luck.","5,46,41,191","3,15,58,003",57.80%,"2,30,83,188",42.20%,2005
91,Æon Flux,"5,33,21,673","2,58,74,337",48.50%,"2,74,47,336",51.50%,2005
92,Pooh's Heffalump Movie,"5,28,58,433","1,80,98,433",34.20%,"3,47,60,000",65.80%,2005
93,Elizabethtown,"5,21,64,016","2,68,50,426",51.50%,"2,53,13,590",48.50%,2005
94,Just Friends,"5,09,12,434","3,26,19,671",64.10%,"1,82,92,763",35.90%,2005
95,Unleashed,"5,08,71,113","2,45,37,621",48.20%,"2,63,33,492",51.80%,2005
96,Diary of a Mad Black Woman,"5,06,52,203","5,06,33,099",100%,"19,104",<0.1%,2005
97,Fever Pitch,"5,06,05,163","4,20,71,069",83.10%,"85,34,094",16.90%,2005
98,Capote,"4,93,27,405","2,87,50,530",58.30%,"2,05,76,875",41.70%,2005
99,Broken Flowers,"4,73,29,961","1,37,44,960",29%,"3,35,85,001",71%,2005
100,The Wedding Date,"4,70,96,206","3,17,26,995",67.40%,"1,53,69,211",32.60%,2005
101,Land of the Dead,"4,70,74,133","2,07,00,082",44%,"2,63,74,051",56%,2005
102,Get Rich or Die Tryin',"4,65,63,961","3,09,85,352",66.50%,"1,55,78,609",33.50%,2005
103,The Fog,"4,62,01,432","2,95,50,869",64%,"1,66,50,563",36%,2005
104,Into the Blue,"4,61,17,696","1,88,01,234",40.80%,"2,73,16,462",59.20%,2005
105,Deuce Bigalow: European Gigolo,"4,51,09,561","2,24,00,154",49.70%,"2,27,09,407",50.30%,2005
106,Dark Water 2005 Re0release,"4,43,47,079","2,54,73,352",57.40%,"1,88,73,727",42.60%,2005
107,A Lot Like Love,"4,28,86,719","2,18,45,719",50.90%,"2,10,41,000",49.10%,2005
108,Oliver Twist,"4,25,80,321","20,80,321",4.90%,"4,05,00,000",95.10%,2005
109,The Sisterhood of the Traveling Pants,"4,20,13,878","3,90,53,061",93%,"29,60,817",7%,2005
110,Serenity,"4,04,45,129","2,55,14,517",63.10%,"1,49,30,612",36.90%,2005
111,The Ringer,"4,04,42,443","3,54,28,675",87.60%,"50,13,768",12.40%,2005
112,Magnificent Desolation: Walking on the Moon,"4,03,39,402","3,41,37,524",84.60%,"62,01,878",15.40%,2005
113,Yamato,"3,92,87,114",0,0,"3,92,87,114",100%,2005
114,Dreamer,"3,87,41,732","3,27,51,093",84.50%,"59,90,639",15.50%,2005
115,Always: Sunset on Third Street,"3,85,73,583",0,0,"3,85,73,583",100%,2005
116,The Producers,"3,80,75,318","1,93,98,532",50.90%,"1,86,76,786",49.10%,2005
117,Casanova,"3,76,91,644","1,13,04,403",30%,"2,63,87,241",70%,2005
118,Beauty Shop,"3,72,45,453","3,63,51,350",97.60%,"8,94,103",2.40%,2005
119,Pokémon: Lucario and the Mystery of Mew,"3,72,28,626",0,0,"3,72,28,626",100%,2005
120,Negotiator: Mashita Masayoshi,"3,67,33,286",0,0,"3,67,33,286",100%,2005
121,Assault on Precinct 13,"3,52,94,470","2,00,40,895",56.80%,"1,52,53,575",43.20%,2005
122,Nana,"3,46,71,042",0,0,"3,46,71,042",100%,2005
123,Wild Safari 0 A South African Adventure,"3,42,57,135","1,66,21,530",48.50%,"1,76,35,605",51.50%,2005
124,Bad News Bears,"3,42,52,847","3,28,68,349",96%,"13,84,498",4%,2005
125,Because of Winn0Dixie,"3,35,89,427","3,26,47,042",97.20%,"9,42,385",2.80%,2005
126,The Cave,"3,32,96,457","1,50,07,991",45.10%,"1,82,88,466",54.90%,2005
127,Marathon,"3,32,84,089",0,0,"3,32,84,089",100%,2005
128,The Brice Man,"3,30,26,616",0,0,"3,30,26,616",100%,2005
129,Cry Wolf,"3,25,86,408","1,00,47,674",30.80%,"2,25,38,734",69.20%,2005
130,The Suspect: Muroi Shinji,"3,21,04,229",0,0,"3,21,04,229",100%,2005
131,Marrying the Mafia 2: Enemy0in0Law,"3,18,35,989",0,0,"3,18,35,989",100%,2005
132,Welcome to Dongmakgol,"3,17,87,130",0,0,"3,17,87,130",100%,2005
133,Rent,"3,16,70,620","2,90,77,547",91.80%,"25,93,073",8.20%,2005
134,The New World 2005 Re0release,"3,15,10,855","1,27,12,093",40.30%,"1,87,98,762",59.70%,2005
135,Train Man,"3,10,90,100",0,0,"3,10,90,100",100%,2005
136,The Promise,"3,09,25,693","6,69,625",2.20%,"3,02,56,068",97.80%,2005
137,Wolf Creek,"3,07,62,648","1,61,88,180",52.60%,"1,45,74,468",47.40%,2005
138,Two for the Money,"3,05,26,509","2,29,91,379",75.30%,"75,35,130",24.70%,2005
139,Cursed,"2,96,21,722","1,92,97,522",65.10%,"1,03,24,200",34.90%,2005
140,The Upside of Anger,"2,82,37,488","1,87,61,993",66.40%,"94,75,495",33.60%,2005
141,Mrs. Henderson Presents,"2,78,76,417","1,10,36,366",39.60%,"1,68,40,051",60.40%,2005
142,Ice Princess,"2,76,45,491","2,44,02,491",88.30%,"32,43,000",11.70%,2005
143,Goal! The Dream Begins,"2,76,10,873","42,83,255",15.50%,"2,33,27,618",84.50%,2005
144,The Protector,"2,71,65,581","1,20,44,087",44.30%,"1,51,21,494",55.70%,2005
145,Doogal,"2,67,11,924","74,38,000",27.80%,"1,92,73,924",72.20%,2005
146,Typhoon,"2,61,79,656","1,39,059",0.50%,"2,60,40,597",99.50%,2005
147,9th Company,"2,61,46,165",0,0,"2,61,46,165",100%,2005
148,Natale a Miami,"2,56,43,184",0,0,"2,56,43,184",100%,2005
149,The Tiger and the Snow,"2,54,60,023","10,167",<0.1%,"2,54,49,856",100%,2005
150,North Country,"2,52,11,175","1,83,37,722",72.70%,"68,73,453",27.30%,2005
151,April Snow,"2,48,73,159",0,0,"2,48,73,159",100%,2005
152,I Love You in Every Language in the World,"2,39,41,317",0,0,"2,39,41,317",100%,2005
153,Lady Vengeance,"2,38,34,149","2,11,667",0.90%,"2,36,22,482",99.10%,2005
154,Russian Dolls,"2,37,27,301","3,26,095",1.40%,"2,34,01,206",98.60%,2005
155,Hustle & Flow,"2,35,63,727","2,22,02,809",94.20%,"13,60,918",5.80%,2005
156,Another Public Enemy,"2,32,48,003",0,0,"2,32,48,003",100%,2005
157,Domino,"2,29,44,502","1,01,69,202",44.30%,"1,27,75,300",55.70%,2005
158,The White Massai,"2,26,32,255",0,0,"2,26,32,255",100%,2005
159,Manual of Love,"2,20,79,820",0,0,"2,20,79,820",100%,2005
160,Torrente 3: El protector,"2,17,62,391",0,0,"2,17,62,391",100%,2005
161,Man of the House,"2,15,77,624","1,96,99,706",91.30%,"18,77,918",8.70%,2005
162,Year One in the North,"2,13,60,942",0,0,"2,13,60,942",100%,2005
163,The Jacket,"2,11,26,225","63,03,762",29.80%,"1,48,22,463",70.20%,2005
164,The Devil's Rejects,"2,09,01,859","1,70,44,981",81.50%,"38,56,878",18.50%,2005
165,A Moment to Remember,"2,08,65,847",0,0,"2,08,65,847",100%,2005
166,Lorelei,"1,98,06,585",0,0,"1,98,06,585",100%,2005
167,The Perfect Man,"1,97,70,475","1,65,35,005",83.60%,"32,35,470",16.40%,2005
168,Mapado,"1,92,86,223",0,0,"1,92,86,223",100%,2005
169,The Weather Man,"1,91,26,398","1,24,82,775",65.30%,"66,43,623",34.70%,2005
170,Iznogoud0 Caliph Instead of the Caliph,"1,87,25,588",0,0,"1,87,25,588",100%,2005
171,Detective Conan: Strategy Above the Depths,"1,87,23,952",0,0,"1,87,23,952",100%,2005
172,Waiting...,"1,86,37,690","1,61,24,543",86.50%,"25,13,147",13.50%,2005
173,An Unfinished Life,"1,86,18,284","85,86,392",46.10%,"1,00,31,892",53.90%,2005
174,My Father and My Son,"1,86,12,999",0,0,"1,86,12,999",100%,2005
175,Keeping Mum,"1,85,75,768","16,19,466",8.70%,"1,69,56,302",91.30%,2005
176,The Turkish Gambit,"1,85,20,000",0,0,"1,85,20,000",100%,2005
177,As It Is in Heaven,"1,83,18,233",0,0,"1,83,18,233",100%,2005
178,The World's Fastest Indian,"1,82,97,690","51,28,124",28%,"1,31,69,566",72%,2005
179,Night Watch 2005 Re0release,"1,79,39,389","15,02,188",8.40%,"1,64,37,201",91.60%,2005
180,Joyeux Noel,"1,77,09,155","10,54,361",6%,"1,66,54,794",94%,2005
181,You Are My Sunshine,"1,76,50,142",0,0,"1,76,50,142",100%,2005
182,Palais royal!,"1,76,12,135",0,0,"1,76,12,135",100%,2005
183,Roll Bounce,"1,75,00,866","1,73,80,866",99.30%,"1,20,000",0.70%,2005
184,Rebound,"1,74,92,014","1,68,09,014",96.10%,"6,83,000",3.90%,2005
185,Stormy Night,"1,73,79,776",0,0,"1,73,79,776",100%,2005
186,The Matador,"1,73,47,231","1,25,94,698",72.60%,"47,52,533",27.40%,2005
187,Aegis,"1,68,69,261",0,0,"1,68,69,261",100%,2005
188,Caché,"1,61,97,824","36,47,381",22.50%,"1,25,50,443",77.50%,2005
189,The Great Yokai War,"1,57,87,492",0,0,"1,57,87,492",100%,2005
190,Kiss Kiss Bang Bang,"1,57,85,148","42,43,756",26.90%,"1,15,41,392",73.10%,2005
191,The Gospel,"1,57,78,152","1,57,78,152",100%,0,0,2005
192,Two Sons of Francisco,"1,55,08,288",0,0,"1,55,08,288",100%,2005
193,The Greatest Game Ever Played,"1,54,31,177","1,53,37,393",99.40%,"93,784",0.60%,2005
194,Transamerica,"1,51,51,744","90,15,303",59.50%,"61,36,441",40.50%,2005
195,"Murder, Take One","1,49,15,208",0,0,"1,49,15,208",100%,2005
196,Most Beautiful Week in My Life,"1,47,65,033",0,0,"1,47,65,033",100%,2005
197,Samurai Commando: Mission 1549,"1,46,48,713",0,0,"1,46,48,713",100%,2005
198,Blood Rain,"1,42,70,938",0,0,"1,42,70,938",100%,2005
199,Proof,"1,41,89,860","75,35,331",53.10%,"66,54,529",46.90%,2005
0,Pirates of the Caribbean: Dead Man's Chest,"1,06,61,79,725","42,33,15,812",39.70%,"64,28,63,913",60.30%,2006
1,The Da Vinci Code,"76,00,06,945","21,75,36,138",28.60%,"54,24,70,807",71.40%,2006
2,Ice Age: The Meltdown,"66,09,98,756","19,53,30,621",29.60%,"46,56,68,135",70.40%,2006
3,Casino Royale,"60,60,00,064","16,74,45,960",27.60%,"43,85,53,632",72.40%,2006
4,Night at the Museum,"57,44,80,841","25,08,63,268",43.70%,"32,36,17,573",56.30%,2006
5,Cars,"46,19,83,149","24,40,82,982",52.80%,"21,79,00,167",47.20%,2006
6,X0Men: The Last Stand,"46,04,35,291","23,43,62,462",50.90%,"22,60,72,829",49.10%,2006
7,Mission: Impossible III,"39,84,79,497","13,40,29,801",33.60%,"26,44,49,696",66.40%,2006
8,Superman Returns,"39,10,81,192","20,00,81,192",51.20%,"19,10,00,000",48.80%,2006
9,Happy Feet,"38,43,35,608","19,80,00,317",51.50%,"18,63,35,291",48.50%,2006
10,Over the Hedge,"33,97,95,890","15,50,19,340",45.60%,"18,47,76,550",54.40%,2006
11,The Devil Wears Prada,"32,67,11,975","12,47,40,460",38.20%,"20,19,65,442",61.80%,2006
12,The Pursuit of Happyness,"30,71,27,625","16,35,66,459",53.30%,"14,35,61,166",46.70%,2006
13,The Departed,"29,14,65,034","13,23,84,315",45.40%,"15,90,80,719",54.60%,2006
14,Borat,"26,25,52,893","12,85,05,958",48.90%,"13,40,46,935",51.10%,2006
15,Eragon,"25,04,25,512","7,50,30,163",30%,"17,53,95,349",70%,2006
16,Click,"24,06,85,326","13,73,55,633",57.10%,"10,33,29,693",42.90%,2006
17,The Holiday,"20,58,44,805","6,32,24,849",30.70%,"14,26,17,036",69.30%,2006
18,The Break0Up,"20,56,68,210","11,87,03,275",57.70%,"8,69,64,935",42.30%,2006
19,Open Season,"20,08,11,689","8,51,05,259",42.40%,"11,57,06,430",57.60%,2006
20,Inside Man,"18,60,03,591","8,85,13,495",47.60%,"9,74,90,096",52.40%,2006
21,Poseidon,"18,16,74,817","6,06,74,817",33.40%,"12,10,00,000",66.60%,2006
22,Deja Vu,"18,05,57,550","6,40,38,616",35.50%,"11,65,18,934",64.50%,2006
23,Flushed Away,"17,82,81,554","6,46,65,672",36.30%,"11,36,15,882",63.70%,2006
24,Scary Movie 4,"17,82,62,620","9,07,10,620",50.90%,"8,75,52,000",49.10%,2006
25,Blood Diamond,"17,17,20,398","5,73,77,916",33.40%,"11,43,42,482",66.60%,2006
26,Saw III,"16,48,74,275","8,02,38,724",48.70%,"8,46,35,551",51.30%,2006
27,The Pink Panther,"16,41,15,897","8,22,26,474",50.10%,"8,18,89,423",49.90%,2006
28,Miami Vice,"16,37,94,509","6,34,50,470",38.70%,"10,03,44,039",61.30%,2006
29,Talladega Nights: The Ballad of Ricky Bobby,"16,33,62,095","14,82,13,377",90.70%,"1,51,48,718",9.30%,2006
30,World Trade Center,"16,32,47,198","7,02,78,893",43.10%,"9,29,68,305",56.90%,2006
31,The Fast and the Furious: Tokyo Drift,"15,89,64,610","6,25,14,415",39.30%,"9,64,50,195",60.70%,2006
32,Rocky Balboa,"15,59,29,020","7,02,70,943",45.10%,"8,56,58,077",54.90%,2006
33,Dreamgirls,"15,54,30,335","10,33,65,956",66.50%,"5,20,64,379",33.50%,2006
34,Charlotte's Web,"14,89,64,090","8,29,85,708",55.70%,"6,59,78,114",44.30%,2006
35,Garfield: A Tail of Two Kitties,"14,33,25,970","2,84,26,747",19.80%,"11,48,99,223",80.20%,2006
36,Monster House,"14,18,61,243","7,36,61,010",51.90%,"6,82,00,233",48.10%,2006
37,Big Momma's House 2,"14,15,22,961","7,01,65,972",49.60%,"7,13,56,989",50.40%,2006
38,Babel,"13,53,30,182","3,43,02,837",25.30%,"10,10,27,345",74.70%,2006
39,Perfume: The Story of a Murderer,"13,50,39,924","22,23,293",1.60%,"13,28,16,631",98.40%,2006
40,V for Vendetta,"13,25,11,035","7,05,11,035",53.20%,"6,20,00,000",46.80%,2006
41,"You, Me and Dupree","13,06,28,903","7,56,28,110",57.90%,"5,50,00,793",42.10%,2006
42,Failure to Launch,"13,02,24,158","8,87,15,192",68.10%,"4,15,08,966",31.90%,2006
43,The Queen,"12,33,84,128","5,64,41,711",45.70%,"6,69,42,417",54.30%,2006
44,Apocalypto,"12,06,54,337","5,08,66,635",42.20%,"6,97,87,702",57.80%,2006
45,Eight Below,"12,04,55,994","8,16,12,565",67.80%,"3,88,43,429",32.20%,2006
46,The Omen,"11,99,74,972","5,46,07,383",45.50%,"6,53,67,589",54.50%,2006
47,Final Destination 3,"11,88,90,272","5,40,98,051",45.50%,"6,47,92,221",54.50%,2006
48,Barnyard,"11,67,55,080","7,26,37,803",62.20%,"4,41,17,277",37.80%,2006
49,The Lake House,"11,48,30,111","5,23,30,111",45.60%,"6,25,00,000",54.40%,2006
50,Step Up,"11,41,94,847","6,53,28,121",57.20%,"4,88,66,726",42.80%,2006
51,Underworld: Evolution,"11,14,76,513","6,23,18,875",55.90%,"4,91,57,638",44.10%,2006
52,The Santa Clause 3: The Escape Clause,"11,07,68,122","8,45,00,122",76.30%,"2,62,68,000",23.70%,2006
53,The Prestige,"10,96,76,311","5,30,89,891",48.40%,"5,65,86,420",51.60%,2006
54,Arthur and the Invisibles,"10,79,44,236","1,51,32,763",14%,"9,28,11,473",86%,2006
55,Little Man,"10,40,03,322","5,86,45,052",56.40%,"4,53,58,270",43.60%,2006
56,The Wild,"10,23,38,515","3,73,84,046",36.50%,"6,49,54,469",63.50%,2006
57,Little Miss Sunshine,"10,10,58,954","5,98,91,098",59.30%,"4,11,67,856",40.70%,2006
58,Silent Hill,"10,06,05,135","4,69,82,632",46.70%,"5,36,22,503",53.30%,2006
59,The Good Shepherd,"10,02,66,865","5,99,52,835",59.80%,"4,03,14,030",40.20%,2006
60,Nacho Libre,"9,92,55,460","8,01,97,993",80.80%,"1,90,57,467",19.20%,2006
61,Deep Sea,"9,82,30,905","4,64,12,757",47.20%,"5,18,18,148",52.80%,2006
62,The Guardian,"9,49,73,540","5,50,11,732",57.90%,"3,99,61,808",42.10%,2006
63,The Host,"8,94,31,890","22,01,923",2.50%,"8,72,29,967",97.50%,2006
64,The Illusionist,"8,78,92,388","3,98,68,642",45.40%,"4,80,23,746",54.60%,2006
65,RV,"8,75,28,173","7,17,26,025",81.90%,"1,58,02,148",18.10%,2006
66,The Shaggy Dog,"8,71,34,280","6,11,23,569",70.10%,"2,60,10,711",29.90%,2006
67,Date Movie,"8,57,49,034","4,85,48,426",56.60%,"3,72,00,608",43.40%,2006
68,Volver,"8,55,85,177","1,28,99,867",15.10%,"7,26,85,310",84.90%,2006
69,Jackass Number Two,"8,46,45,164","7,27,78,712",86%,"1,18,66,452",14%,2006
70,French Fried Vacation 3: Friends Forever,"8,41,52,064",0,0,"8,41,52,064",100%,2006
71,Pan's Labyrinth,"8,38,50,267","3,76,34,615",44.90%,"4,62,15,652",55.10%,2006
72,Firewall,"8,27,51,189","4,87,51,189",58.90%,"3,40,00,000",41.10%,2006
73,Hostel,"8,19,79,826","4,73,26,473",57.70%,"3,46,53,353",42.30%,2006
74,The Sentinel,"7,88,10,595","3,62,80,697",46%,"4,25,29,898",54%,2006
75,Curse of the Golden Flower,"7,85,68,977","65,66,773",8.40%,"7,20,02,204",91.60%,2006
76,The Lives of Others,"7,73,56,942","1,12,86,112",14.60%,"6,60,70,830",85.40%,2006
77,United 93,"7,67,00,659","3,14,83,450",41%,"4,52,17,209",59%,2006
78,Lady in the Water,"7,27,85,169","4,22,85,169",58.10%,"3,05,00,000",41.90%,2006
79,The Grudge 2,"7,07,11,175","3,91,43,839",55.40%,"3,15,67,336",44.60%,2006
80,Children of Men,"7,04,55,770","3,55,52,383",50.50%,"3,49,03,387",49.50%,2006
81,The Hills Have Eyes,"7,00,08,952","4,17,78,863",59.70%,"2,82,30,089",40.30%,2006
82,Curious George,"6,98,65,924","5,83,60,760",83.50%,"1,15,05,164",16.50%,2006
83,John Tucker Must Die,"6,88,44,775","4,10,11,711",59.60%,"2,78,33,064",40.40%,2006
84,Letters from Iwo Jima,"6,86,73,228","1,37,56,082",20%,"5,49,17,146",80%,2006
85,Tales from Earthsea,"6,86,25,104",0,0,"6,86,25,104",100%,2006
86,Fearless,"6,80,72,848","2,46,33,730",36.20%,"4,34,39,118",63.80%,2006
87,When a Stranger Calls,"6,70,62,123","4,78,60,214",71.40%,"1,92,01,909",28.60%,2006
88,Take the Lead,"6,64,99,627","3,47,42,066",52.20%,"3,17,57,561",47.80%,2006
89,Flags of Our Fathers,"6,59,00,249","3,36,02,376",51%,"3,22,97,873",49%,2006
90,16 Blocks,"6,56,64,721","3,68,95,141",56.20%,"2,87,69,580",43.80%,2006
91,The Benchwarmers,"6,49,62,629","5,98,43,754",92.10%,"51,18,875",7.90%,2006
92,Madea's Family Reunion,"6,33,68,939","6,33,18,000",99.90%,"50,939",<0.1%,2006
93,Snakes on a Plane,"6,20,22,014","3,40,20,814",54.90%,"2,80,01,200",45.10%,2006
94,My Super Ex0Girlfriend,"6,11,08,981","2,25,30,295",36.90%,"3,85,78,686",63.10%,2006
95,Marie Antoinette,"6,09,17,189","1,59,62,471",26.20%,"4,49,54,718",73.80%,2006
96,Limit of Love: Umizaru,"6,03,69,589",0,0,"6,03,69,589",100%,2006
97,Invincible,"5,84,80,828","5,78,06,952",98.80%,"6,73,876",1.20%,2006
98,She's the Man,"5,71,94,667","3,37,41,133",59%,"2,34,53,534",41%,2006
99,Lucky Number Slevin,"5,63,08,881","2,24,95,466",40%,"3,38,13,415",60%,2006
100,The Ant Bully,"5,51,81,129","2,81,42,535",51%,"2,70,38,594",49%,2006
101,Stranger Than Fiction,"5,36,53,224","4,06,60,952",75.80%,"1,29,92,272",24.20%,2006
102,The Texas Chainsaw Massacre: The Beginning,"5,17,64,406","3,95,17,763",76.30%,"1,22,46,643",23.70%,2006
103,Doomsday: The Sinking of Japan,"5,11,27,401",0,0,"5,11,27,401",100%,2006
104,Notes on a Scandal,"4,98,14,392","1,75,10,118",35.20%,"3,23,04,274",64.80%,2006
105,An Inconvenient Truth,"4,97,82,012","2,41,46,161",48.50%,"2,56,35,851",51.50%,2006
106,The Black Dahlia,"4,93,32,692","2,25,45,080",45.70%,"2,67,87,612",54.30%,2006
107,The Last King of Scotland,"4,86,18,191","1,76,06,684",36.20%,"3,10,11,507",63.80%,2006
108,Suite Dreams,"4,80,90,431",0,0,"4,80,90,431",100%,2006
109,Death Note: The Last Name,"4,79,17,637",0,0,"4,79,17,637",100%,2006
110,Deck the Halls,"4,72,32,776","3,50,93,569",74.30%,"1,21,39,207",25.70%,2006
111,The Nativity Story,"4,64,32,264","3,76,29,831",81%,"88,02,433",19%,2006
112,We Are Marshall,"4,35,45,364","4,35,45,364",100%,0,0,2006
113,Last Holiday,"4,34,51,846","3,83,99,961",88.40%,"50,51,885",11.60%,2006
114,Glory Road,"4,29,38,449","4,26,47,449",99.30%,"2,91,000",0.70%,2006
115,Crank,"4,29,31,041","2,78,38,408",64.80%,"1,50,92,633",35.20%,2006
116,Man of the Year,"4,24,72,472","3,73,27,390",87.90%,"51,45,082",12.10%,2006
117,A Good Year,"4,22,69,923","74,59,300",17.60%,"3,48,10,623",82.40%,2006
118,200 Pounds Beauty,"4,20,13,016",0,0,"4,20,13,016",100%,2006
119,Gridiron Gang,"4,14,80,851","3,84,32,823",92.70%,"30,48,028",7.30%,2006
120,Thank You for Smoking,"3,93,23,027","2,47,93,509",63.10%,"1,45,29,518",36.90%,2006
121,Scoop,"3,92,20,946","1,05,25,717",26.80%,"2,86,95,229",73.20%,2006
122,Tazza: The High Rollers,"3,92,12,715",0,0,"3,92,12,715",100%,2006
123,The Wicker Man,"3,88,05,380","2,36,49,127",60.90%,"1,51,56,253",39.10%,2006
124,Basic Instinct 2,"3,86,29,478","59,71,336",15.50%,"3,26,58,142",84.50%,2006
125,Accepted,"3,86,23,262","3,63,23,505",94%,"22,99,757",6%,2006
126,Employee of the Month,"3,85,28,984","2,84,44,855",73.80%,"1,00,84,129",26.20%,2006
127,Day Watch,"3,84,11,815",0,0,"3,84,11,815",100%,2006
128,Just My Luck,"3,81,59,905","1,73,26,650",45.40%,"2,08,33,255",54.60%,2006
129,Camping,"3,79,12,041",0,0,"3,79,12,041",100%,2006
130,The Covenant,"3,75,98,767","2,33,80,495",62.20%,"1,42,18,272",37.80%,2006
131,Miss Potter,"3,50,78,241","30,05,605",8.60%,"3,20,72,636",91.40%,2006
132,Bambi II,"3,49,58,637",0,0,"3,49,58,637",100%,2006
133,Love and Honor,"3,37,55,574","60,910",0.20%,"3,36,94,664",99.80%,2006
134,Tell No One,"3,34,06,992","61,77,192",18.50%,"2,72,29,800",81.50%,2006
135,7 Dwarves: The Forest Is Not Enough,"3,28,63,752",0,0,"3,28,63,752",100%,2006
136,Dhoom 2,"3,23,96,427","26,43,586",8.20%,"2,97,52,841",91.80%,2006
137,Stick It,"3,19,76,848","2,69,10,736",84.20%,"50,66,112",15.80%,2006
138,Deutschland. Ein Sommermärchen,"3,12,57,991",0,0,"3,12,57,991",100%,2006
139,Ultraviolet,"3,10,70,211","1,85,35,812",59.70%,"1,25,34,399",40.30%,2006
140,Doraemon the Movie: Nobita's Dinosaur,"3,09,63,292",0,0,"3,09,63,292",100%,2006
141,Twosabu ilchae,"3,06,22,421",0,0,"3,06,22,421",100%,2006
142,Natale a New York,"3,04,37,121",0,0,"3,04,37,121",100%,2006
143,I Do: How to Get Married and Stay Single,"3,00,57,369",0,0,"3,00,57,369",100%,2006
144,Pulse,"2,99,07,685","2,02,64,436",67.80%,"96,43,249",32.20%,2006
145,Death Note,"2,96,30,359",0,0,"2,96,30,359",100%,2006
146,An American Haunting,"2,96,12,137","1,62,98,046",55%,"1,33,14,091",45%,2006
147,The Valet,"2,94,14,553","19,26,800",6.60%,"2,74,87,753",93.40%,2006
148,Tristan + Isolde,"2,80,47,963","1,47,34,633",52.50%,"1,33,13,330",47.50%,2006
149,Priceless,"2,79,49,650","21,65,188",7.70%,"2,57,84,462",92.30%,2006
150,Pokémon Ranger and the Temple of the Sea,"2,76,38,625",0,0,"2,76,38,625",100%,2006
151,Stay Alive,"2,72,98,695","2,30,86,480",84.60%,"42,12,215",15.40%,2006
152,Clerks II,"2,69,84,975","2,41,48,068",89.50%,"28,36,907",10.50%,2006
153,The Painted Veil,"2,69,10,847","80,60,487",30%,"1,88,50,360",70%,2006
154,Black Book,"2,67,68,563","43,98,532",16.40%,"2,23,70,031",83.60%,2006
155,Detective Conan: The Private Eyes' Requiem,"2,62,51,232",0,0,"2,62,51,232",100%,2006
156,A Prairie Home Companion,"2,59,78,867","2,03,42,852",78.30%,"56,36,015",21.70%,2006
157,You Are So Beautiful,"2,53,29,576",0,0,"2,53,29,576",100%,2006
158,Tears for You,"2,53,00,338",0,0,"2,53,00,338",100%,2006
159,Kabhi Alvida Naa Kehna,"2,52,29,168","32,75,444",13%,"2,19,53,724",87%,2006
160,School for Scoundrels,"2,39,47,685","1,78,07,569",74.40%,"61,40,116",25.60%,2006
161,Stormbreaker,"2,39,37,870","6,77,646",2.80%,"2,32,60,224",97.20%,2006
162,Il mio miglior nemico,"2,37,10,143",0,0,"2,37,10,143",100%,2006
163,Valley of the Wolves: Iraq,"2,34,65,471",0,0,"2,34,65,471",100%,2006
164,Captain Alatriste: The Spanish Musketeer,"2,33,21,954",0,0,"2,33,21,954",100%,2006
165,"OSS 117: Cairo, Nest of Spies","2,30,55,884","3,03,543",1.30%,"2,27,52,341",98.70%,2006
166,Aquamarine,"2,29,89,957","1,85,97,342",80.90%,"43,92,615",19.10%,2006
167,Days of Glory,"2,29,63,701","3,20,700",1.40%,"2,26,43,001",98.60%,2006
168,The Wind that Shakes the Barley,"2,28,99,908","18,36,089",8%,"2,10,63,819",92%,2006
169,The Banquet,"2,25,98,772",0,0,"2,25,98,772",100%,2006
170,Asterix and the Vikings,"2,25,01,596",0,0,"2,25,01,596",100%,2006
171,Fanaa,"2,21,75,908","21,05,352",9.50%,"2,00,70,556",90.50%,2006
172,The Marine,"2,21,65,608","1,88,44,784",85%,"33,20,824",15%,2006
173,Unaccompanied Minors,"2,19,49,234","1,66,55,224",75.90%,"52,94,010",24.10%,2006
174,Flicka,"2,18,93,591","2,10,00,147",95.90%,"8,93,444",4.10%,2006
175,Rob0B0Hood,"2,18,36,580",0,0,"2,18,36,580",100%,2006
176,Wolfhound,"2,15,73,338",0,0,"2,15,73,338",100%,2006
177,Black Christmas,"2,15,10,851","1,62,73,581",75.70%,"52,37,270",24.30%,2006
178,Waist Deep,"2,13,53,303","2,13,44,312",100%,"8,991",<0.1%,2006
179,ATL,"2,11,70,563","2,11,70,563",100%,0,0,2006
180,Bobby,"2,07,04,591","1,12,42,801",54.30%,"94,61,790",45.70%,2006
181,Beerfest,"2,03,87,597","1,91,85,184",94.10%,"12,02,413",5.90%,2006
182,Don,"1,96,40,129","22,23,961",11.30%,"1,74,16,168",88.70%,2006
183,Movie: Marrying the Mafia 3 0 Family Hustle,"1,96,06,487",0,0,"1,96,06,487",100%,2006
184,Akeelah and the Bee,"1,89,48,425","1,88,48,430",99.50%,"99,995",0.50%,2006
185,See No Evil,"1,85,64,467","1,50,32,800",81%,"35,31,667",19%,2006
186,Hanbando,"1,84,83,140",0,0,"1,84,83,140",100%,2006
187,Bandidas,"1,83,81,890",0,0,"1,83,81,890",100%,2006
188,Friends with Money,"1,82,45,244","1,33,68,437",73.30%,"48,76,807",26.70%,2006
189,Krrish,"1,80,41,250","14,30,721",7.90%,"1,66,10,529",92.10%,2006
190,Lage Raho Munna Bhai,"1,78,97,527","22,17,562",12.40%,"1,56,79,965",87.60%,2006
191,Flyboys,"1,78,34,865","1,30,90,630",73.40%,"47,44,235",26.60%,2006
192,Battle of the Warriors,"1,78,12,601",0,0,"1,78,12,601",100%,2006
193,Memories of Tomorrow,"1,76,96,020","1,40,200",0.80%,"1,75,55,820",99.20%,2006
194,Grave Decisions,"1,76,85,834",0,0,"1,76,85,834",100%,2006
195,Orchestra Seats,"1,75,74,836","20,44,858",11.60%,"1,55,29,978",88.40%,2006
196,Annapolis,"1,74,96,992","1,71,27,992",97.90%,"3,69,000",2.10%,2006
197,"Paris, I Love You","1,74,71,727","48,99,278",28%,"1,25,72,449",72%,2006
198,Material Girls,"1,69,07,725","1,14,49,638",67.70%,"54,58,087",32.30%,2006
199,Zhara,"1,68,77,870",0,0,"1,68,77,870",100%,2006
0,Pirates of the Caribbean: At World's End,"96,09,96,492","30,94,20,425",32.20%,"65,15,76,067",67.80%,2007
1,Harry Potter and the Order of the Phoenix,"94,19,34,579","29,20,04,738",31%,"64,99,28,484",69%,2007
2,Spider0Man 3,"89,49,83,373","33,65,30,303",37.60%,"55,84,53,070",62.40%,2007
3,Shrek the Third,"81,33,67,380","32,27,19,944",39.70%,"49,06,47,436",60.30%,2007
4,Transformers,"70,97,09,780","31,92,46,193",45%,"39,04,63,587",55%,2007
5,Ratatouille,"62,37,26,085","20,64,45,654",33.10%,"41,72,80,431",66.90%,2007
6,I Am Legend,"58,54,10,052","25,63,93,010",43.80%,"32,90,17,042",56.20%,2007
7,The Simpsons Movie,"53,64,14,270","18,31,35,014",34.10%,"35,32,79,256",65.90%,2007
8,National Treasure: Book of Secrets,"45,92,42,249","21,99,64,115",47.90%,"23,92,78,134",52.10%,2007
9,300,"45,60,68,181","21,06,14,939",46.20%,"24,54,53,242",53.80%,2007
10,The Bourne Ultimatum,"44,41,00,035","22,74,71,070",51.20%,"21,66,28,965",48.80%,2007
11,Live Free or Die Hard,"38,81,56,011","13,45,29,403",34.70%,"25,36,26,608",65.30%,2007
12,The Golden Compass,"37,22,34,864","7,01,07,728",18.80%,"30,21,27,136",81.20%,2007
13,Alvin and the Chipmunks,"36,53,52,546","21,73,26,974",59.50%,"14,80,25,572",40.50%,2007
14,Enchanted,"34,04,87,652","12,78,07,262",37.50%,"21,26,80,390",62.50%,2007
15,Ocean's Thirteen,"31,13,12,624","11,71,54,724",37.60%,"19,41,57,900",62.40%,2007
16,Fantastic Four: Rise of the Silver Surfer,"30,19,13,131","13,19,21,738",43.70%,"16,99,91,393",56.30%,2007
17,Bee Movie,"29,35,14,336","12,66,31,277",43.10%,"16,68,83,059",56.90%,2007
18,American Gangster,"26,97,55,430","13,01,64,645",48.30%,"13,95,90,785",51.70%,2007
19,Rush Hour 3,"25,80,97,122","14,01,25,968",54.30%,"11,79,71,154",45.70%,2007
20,Wild Hogs,"25,36,25,427","16,82,73,550",66.30%,"8,53,51,877",33.70%,2007
21,Juno,"23,23,72,681","14,34,95,265",61.80%,"8,88,77,416",38.20%,2007
22,Mr. Bean's Holiday,"23,22,25,908","3,33,02,167",14.30%,"19,89,23,741",85.70%,2007
23,Ghost Rider,"22,87,38,393","11,58,02,596",50.60%,"11,29,35,797",49.40%,2007
24,Knocked Up,"21,99,22,417","14,87,68,917",67.60%,"7,11,53,500",32.40%,2007
25,Hairspray,"20,35,53,768","11,88,71,849",58.40%,"8,46,81,073",41.60%,2007
26,Beowulf,"19,63,93,745","8,22,80,579",41.90%,"11,41,13,166",58.10%,2007
27,I Now Pronounce You Chuck & Larry,"18,71,34,117","12,00,59,556",64.20%,"6,70,74,561",35.80%,2007
28,Knowing,"18,36,58,498","7,99,57,634",43.50%,"10,37,00,864",56.50%,2007
29,The Bucket List,"17,53,72,502","9,34,66,502",53.30%,"8,19,06,000",46.70%,2007
30,Evan Almighty,"17,44,40,724","10,04,62,298",57.60%,"7,39,78,426",42.40%,2007
31,No Country for Old Men,"17,16,27,166","7,42,83,625",43.30%,"9,73,43,541",56.70%,2007
32,Superbad,"17,08,12,574","12,14,63,226",71.10%,"4,93,49,300",28.90%,2007
33,Meet the Robinsons,"16,93,33,034","9,78,22,171",57.80%,"7,15,10,863",42.20%,2007
34,Norbit,"15,98,14,490","9,56,73,607",59.90%,"6,41,40,883",40.10%,2007
35,P.S. I Love You,"15,68,35,339","5,36,95,808",34.20%,"10,31,39,531",65.80%,2007
36,Sweeney Todd: The Demon Barber of Fleet Street,"15,33,83,627","5,28,98,073",34.50%,"10,04,85,554",65.50%,2007
37,Surf's Up,"15,20,05,713","5,88,67,694",38.70%,"9,31,38,019",61.30%,2007
38,The Game Plan,"14,78,80,543","9,06,48,202",61.30%,"5,72,32,341",38.70%,2007
39,Resident Evil: Extinction,"14,77,17,833","5,06,48,679",34.30%,"9,70,69,154",65.70%,2007
40,Music and Lyrics,"14,58,96,422","5,05,72,589",34.70%,"9,53,23,833",65.30%,2007
41,Blades of Glory,"14,57,10,347","11,85,94,548",81.40%,"2,71,15,799",18.60%,2007
42,Saw IV,"13,93,52,633","6,33,00,095",45.40%,"7,60,52,538",54.60%,2007
43,Bridge to Terabithia,"13,75,87,063","8,22,72,442",59.80%,"5,53,14,621",40.20%,2007
44,Stardust,"13,75,15,140","3,86,34,938",28.10%,"9,88,80,202",71.90%,2007
45,1408,"13,29,63,417","7,19,85,628",54.10%,"6,09,77,789",45.90%,2007
46,Aliens vs. Predator: Requiem,"13,02,90,885","4,17,97,066",32.10%,"8,84,93,819",67.90%,2007
47,Atonement,"12,92,66,061","5,09,27,067",39.40%,"7,83,38,994",60.60%,2007
48,The Heartbreak Kid,"12,84,53,183","3,67,87,257",28.60%,"9,16,65,926",71.40%,2007
49,Charlie Wilson's War,"11,94,83,446","6,66,61,095",55.80%,"5,28,22,351",44.20%,2007
50,Disturbia,"11,81,14,220","8,02,09,692",67.90%,"3,79,04,528",32.10%,2007
51,Earth,"10,89,75,160","3,20,11,576",29.40%,"7,69,63,584",70.60%,2007
52,The Water Horse,"10,39,67,384","4,09,46,255",39.40%,"6,30,21,129",60.60%,2007
53,Hitman,"10,12,76,318","3,96,87,694",39.20%,"6,15,88,624",60.80%,2007
54,Fred Claus,"9,78,38,349","7,20,06,777",73.60%,"2,58,31,572",26.40%,2007
55,TMNT,"9,57,97,812","5,41,49,098",56.50%,"4,16,48,714",43.50%,2007
56,Shooter,"9,56,96,996","4,70,03,582",49.10%,"4,86,93,414",50.90%,2007
57,Michael Clayton,"9,29,91,835","4,90,33,882",52.70%,"4,39,57,953",47.30%,2007
58,No Reservations,"9,26,01,050","4,31,07,979",46.60%,"4,94,93,071",53.40%,2007
59,Fracture,"9,20,11,561","3,90,15,018",42.40%,"5,29,96,543",57.60%,2007
60,Epic Movie,"8,72,38,158","3,97,39,367",45.60%,"4,74,98,791",54.40%,2007
61,The Kingdom,"8,70,19,158","4,75,36,778",54.60%,"3,94,82,380",45.40%,2007
62,La Vie En Rose,"8,62,74,793","1,03,01,706",11.90%,"7,59,73,087",88.10%,2007
63,Zodiac,"8,47,85,914","3,30,80,084",39%,"5,17,05,830",61%,2007
64,Premonition,"8,41,46,832","4,78,52,604",56.90%,"3,62,94,228",43.10%,2007
65,Hannibal Rising,"8,21,69,884","2,76,70,986",33.70%,"5,44,98,898",66.30%,2007
66,Rabbit Without Ears,"8,17,44,033",0,0,"8,17,44,033",100%,2007
67,Hot Fuzz,"8,05,77,265","2,36,37,265",29.30%,"5,69,40,000",70.70%,2007
68,Halloween,"8,04,60,948","5,82,72,029",72.40%,"2,21,88,919",27.60%,2007
69,The Orphanage,"7,86,38,987","71,61,284",9.10%,"7,14,77,703",90.90%,2007
70,The Number 23,"7,76,77,553","3,51,93,167",45.30%,"4,24,84,386",54.70%,2007
71,Next,"7,76,21,983","1,82,11,013",23.50%,"5,94,10,970",76.50%,2007
72,There Will Be Blood,"7,61,81,545","4,02,22,514",52.80%,"3,59,59,031",47.20%,2007
73,Hero,"7,60,89,199",0,0,"7,60,89,199",100%,2007
74,Elizabeth: The Golden Age,"7,57,82,758","1,63,83,509",21.60%,"5,93,99,249",78.40%,2007
75,30 Days of Night,"7,55,13,170","3,95,69,000",52.40%,"3,59,44,170",47.60%,2007
76,Stomp the Yard,"7,55,11,123","6,13,56,221",81.30%,"1,41,54,902",18.70%,2007
77,Dragon Wars: D0War,"7,51,08,817","1,09,77,721",14.60%,"6,41,31,096",85.40%,2007
78,The Kite Runner,"7,50,11,029","1,58,00,078",21.10%,"5,92,10,951",78.90%,2007
79,Perfect Stranger,"7,35,34,117","2,39,84,949",32.60%,"4,95,49,168",67.40%,2007
80,License to Wed,"7,01,81,325","4,37,99,818",62.40%,"2,63,81,507",37.60%,2007
81,3:10 to Yuma,"7,00,16,220","5,36,06,916",76.60%,"1,64,09,304",23.40%,2007
82,The Brave One,"6,97,87,394","3,67,93,804",52.70%,"3,29,93,590",47.30%,2007
83,Because I Said So,"6,94,85,490","4,26,74,040",61.40%,"2,68,11,450",38.60%,2007
84,Mr. Magorium's Wonder Emporium,"6,94,74,661","3,20,61,555",46.10%,"3,74,13,106",53.90%,2007
85,Dan in Real Life,"6,84,71,669","4,76,42,963",69.60%,"2,08,28,706",30.40%,2007
86,"Lust, Caution","6,70,91,915","46,04,982",6.90%,"6,24,86,933",93.10%,2007
87,August Rush,"6,61,22,026","3,16,64,162",47.90%,"3,44,57,864",52.10%,2007
88,Underdog,"6,52,70,477","4,37,60,605",67%,"2,15,09,872",33%,2007
89,Taxi 4,"6,51,25,001",0,0,"6,51,25,001",100%,2007
90,28 Weeks Later,"6,50,48,678","2,86,38,916",44%,"3,64,09,762",56%,2007
91,Lions for Lambs,"6,48,11,540","1,50,02,854",23.10%,"4,98,08,686",76.90%,2007
92,The Reaping,"6,27,71,059","2,51,26,214",40%,"3,76,44,845",60%,2007
93,Good Luck Chuck,"5,97,68,495","3,50,17,297",58.60%,"2,47,51,198",41.40%,2007
94,Are We Done Yet?,"5,83,88,068","4,96,62,533",85.10%,"87,25,535",14.90%,2007
95,The Mist,"5,74,70,220","2,55,94,957",44.50%,"3,18,75,263",55.50%,2007
96,Smokin' Aces,"5,72,32,879","3,57,87,686",62.50%,"2,14,45,193",37.50%,2007
97,Into the Wild,"5,66,74,477","1,83,54,356",32.40%,"3,83,20,121",67.60%,2007
98,Eastern Promises,"5,61,06,607","1,72,66,000",30.80%,"3,88,40,607",69.20%,2007
99,Why Did I Get Married?,"5,58,62,886","5,52,04,525",98.80%,"6,58,361",1.20%,2007
100,The Irony of Fate 2,"5,56,39,741",0,0,"5,56,39,741",100%,2007
101,We Own the Night,"5,50,33,767","2,85,63,179",51.90%,"2,64,70,588",48.10%,2007
102,The Messengers,"5,50,10,659","3,53,74,833",64.30%,"1,96,35,826",35.70%,2007
103,Sea Monsters: A Prehistoric Adventure,"5,06,52,463","2,37,46,066",46.90%,"2,69,06,397",53.10%,2007
104,This Christmas,"4,97,78,552","4,91,21,934",98.70%,"6,56,618",1.30%,2007
105,###############################################################################################################################################################################################################################################################,"4,92,82,156",0,0,"4,92,82,156",100%,2007
106,Mr. Brooks,"4,84,43,734","2,85,49,298",58.90%,"1,98,94,436",41.10%,2007
107,The Nanny Diaries,"4,78,17,020","2,59,30,652",54.20%,"2,18,86,368",45.80%,2007
108,Death at a Funeral,"4,67,89,413","85,80,428",18.30%,"3,82,08,985",81.70%,2007
109,Freedom Writers,"4,30,95,175","3,66,05,602",84.90%,"64,89,573",15.10%,2007
110,The Warlords,"4,28,83,181","1,29,078",0.30%,"4,27,54,103",99.70%,2007
111,Pokémon: The Rise of Darkrai,"4,24,96,749",0,0,"4,24,96,749",100%,2007
112,Always: Sunset on Third Street 2,"4,23,04,705",0,0,"4,23,04,705",100%,2007
113,Balls of Fury,"4,17,39,111","3,28,86,940",78.80%,"88,52,171",21.20%,2007
114,Breach,"4,09,53,935","3,32,31,264",81.10%,"77,22,671",18.90%,2007
115,War,"4,04,81,352","2,24,86,409",55.50%,"1,79,94,943",44.50%,2007
116,The Invasion,"4,01,70,558","1,50,74,191",37.50%,"2,50,96,367",62.50%,2007
117,Om Shanti Om,"3,99,90,809","35,97,372",9%,"3,63,93,437",91%,2007
118,Happily N'Ever After,"3,80,85,778","1,55,89,393",40.90%,"2,24,96,385",59.10%,2007
119,The Hills Have Eyes 2,"3,76,97,773","2,08,04,166",55.20%,"1,68,93,607",44.80%,2007
120,Natale in crociera,"3,73,50,000",0,0,"3,73,50,000",100%,2007
121,Becoming Jane,"3,73,11,672","1,86,70,946",50%,"1,86,40,726",50%,2007
122,Monkey Magic,"3,67,45,063",0,0,"3,67,45,063",100%,2007
123,Sky of Love,"3,66,84,020",0,0,"3,66,84,020",100%,2007
124,Sicko,"3,60,93,504","2,45,40,079",68%,"1,15,53,425",32%,2007
125,Hostel: Part II,"3,57,28,183","1,76,09,452",49.30%,"1,81,18,731",50.70%,2007
126,Vacancy,"3,54,42,935","1,93,63,565",54.60%,"1,60,79,370",45.40%,2007
127,The Darjeeling Limited,"3,50,78,918","1,19,02,715",33.90%,"2,31,76,203",66.10%,2007
128,Sunshine,"3,48,06,360","36,75,753",10.60%,"3,11,30,607",89.40%,2007
129,Assembly,"3,47,86,960",0,0,"3,47,86,960",100%,2007
130,Gone Baby Gone,"3,46,12,443","2,02,92,962",58.60%,"1,43,19,481",41.40%,2007
131,Mr. Woodcock,"3,36,83,200","2,57,99,486",76.60%,"78,83,714",23.40%,2007
132,Run Fatboy Run,"3,34,78,921","60,03,262",17.90%,"2,74,75,659",82.10%,2007
133,Doraemon the Movie: Nobita's New Great Adventure into the Underworld,"3,27,87,846",0,0,"3,27,87,846",100%,2007
134,Awake,"3,27,30,062","1,43,77,198",43.90%,"1,83,52,864",56.10%,2007
135,88 Minutes,"3,25,93,385","1,72,13,467",52.80%,"1,53,79,918",47.20%,2007
136,REC,"3,25,11,655",0,0,"3,25,11,655",100%,2007
137,Alpha Dog,"3,23,51,125","1,53,09,602",47.30%,"1,70,41,523",52.70%,2007
138,Amazing Grace,"3,21,20,360","2,12,50,683",66.20%,"1,08,69,677",33.80%,2007
139,Hunting and Gathering,"3,19,20,899",0,0,"3,19,20,899",100%,2007
140,The Seeker: The Dark Is Rising,"3,18,52,619","87,94,452",27.60%,"2,30,58,167",72.40%,2007
141,Daddy's Little Girls,"3,16,09,243","3,13,66,978",99.20%,"2,42,265",0.80%,2007
142,Love in the Time of Cholera,"3,15,75,877","46,07,608",14.60%,"2,69,68,269",85.40%,2007
143,Welcome,"3,12,03,567",0,0,"3,12,03,567",100%,2007
144,Pathfinder,"3,09,84,583","1,02,32,081",33%,"2,07,52,502",67%,2007
145,Nancy Drew,"3,06,66,930","2,56,12,520",83.50%,"50,54,410",16.50%,2007
146,Death Proof,"3,06,63,961",0,0,"3,06,63,961",100%,2007
147,A Beautiful Wife,"3,03,85,222",0,0,"3,03,85,222",100%,2007
148,The Great Debaters,"3,02,36,407","3,02,36,407",100%,0,0,2007
149,A Tale of Mari and Three Puppies,"3,01,83,621",0,0,"3,01,83,621",100%,2007
150,Lissi und der wilde Kaiser,"2,97,33,764",0,0,"2,97,33,764",100%,2007
151,The Fox and the Child,"2,96,10,210",0,0,"2,96,10,210",100%,2007
152,In the Valley of Elah,"2,95,41,790","67,77,741",22.90%,"2,27,64,049",77.10%,2007
153,Across the Universe,"2,93,67,143","2,43,43,673",82.90%,"50,23,470",17.10%,2007
154,St. Trinian's,"2,90,67,829",0,0,"2,90,66,483",100%,2007
155,Manual of Love 2,"2,78,33,482",0,0,"2,78,33,482",100%,2007
156,The Last Mimzy,"2,73,08,918","2,14,71,047",78.60%,"58,37,871",21.40%,2007
157,Dororo,"2,73,08,865",0,0,"2,73,08,865",100%,2007
158,Shoot 'Em Up,"2,71,22,238","1,28,07,139",47.20%,"1,43,15,099",52.80%,2007
159,Rendition,"2,70,66,382","97,36,045",36%,"1,73,30,337",64%,2007
160,The Invisible,"2,68,10,113","2,05,78,909",76.80%,"62,31,204",23.20%,2007
161,Mongol: The Rise of Genghis Khan,"2,65,27,510","57,05,761",21.50%,"2,08,21,749",78.50%,2007
162,Bratz,"2,60,13,153","1,00,10,209",38.50%,"1,60,02,944",61.50%,2007
163,Grindhouse,"2,54,22,088","2,50,37,897",98.50%,"3,84,191",1.50%,2007
164,The Hitcher,"2,53,99,945","1,64,72,961",64.90%,"89,26,984",35.10%,2007
165,The Last Legion,"2,53,03,038","59,33,494",23.40%,"1,93,69,544",76.60%,2007
166,Before the Devil Knows You're Dead,"2,50,37,657","70,84,227",28.30%,"1,79,53,430",71.70%,2007
167,Georgia Rule,"2,50,00,167","1,91,03,072",76.40%,"58,97,095",23.60%,2007
168,Guru,"2,41,08,727","20,96,000",8.70%,"2,20,12,727",91.30%,2007
169,Partner,"2,39,68,620","10,62,840",4.40%,"2,29,05,780",95.60%,2007
170,Persepolis,"2,27,83,978","44,45,756",19.50%,"1,83,38,222",80.50%,2007
171,Cassandra's Dream,"2,26,86,378","9,73,018",4.30%,"2,17,13,360",95.70%,2007
172,Dead Silence,"2,23,82,047","1,68,09,076",75.10%,"55,72,971",24.90%,2007
173,Reign Over Me,"2,22,42,388","1,96,61,987",88.40%,"25,80,401",11.60%,2007
174,Waitress,"2,22,40,529","1,90,74,800",85.80%,"31,65,729",14.20%,2007
175,Crows Zero,"2,20,36,607",0,0,"2,20,36,607",100%,2007
176,Reno 911!: Miami,"2,20,21,262","2,03,42,161",92.40%,"16,79,101",7.60%,2007
177,My Blueberry Nights,"2,20,07,671","8,67,275",3.90%,"2,11,40,396",96.10%,2007
178,Unfair: The Movie,"2,19,14,005",0,0,"2,19,14,005",100%,2007
179,Like Stars on Earth,"2,18,97,373","12,23,869",5.60%,"2,06,73,504",94.40%,2007
180,Chak De! India,"2,15,05,244","11,20,404",5.20%,"2,03,84,840",94.80%,2007
181,Arn: The Knight Templar,"2,12,87,566",0,0,"2,12,87,566",100%,2007
182,Penelope,"2,11,56,270","1,00,11,996",47.30%,"1,11,44,274",52.70%,2007
183,Once,"2,09,36,722","94,39,923",45.10%,"1,14,96,799",54.90%,2007
184,Le Grand Chef,"2,07,94,760",0,0,"2,07,94,760",100%,2007
185,Walk Hard: The Dewey Cox Story,"2,05,77,458","1,83,17,151",89%,"22,59,047",11%,2007
186,Detective Conan: Jolly Roger in the Deep Azure,"2,04,40,213",0,0,"2,04,40,213",100%,2007
187,The Namesake,"2,03,54,321","1,35,69,248",66.70%,"67,85,073",33.30%,2007
188,Evening,"2,00,16,753","1,24,92,481",62.40%,"75,24,272",37.60%,2007
189,The Diving Bell and the Butterfly,"1,97,80,116","60,03,227",30.30%,"1,37,76,889",69.70%,2007
190,Two Days in Paris,"1,97,76,159","44,33,994",22.40%,"1,53,42,165",77.60%,2007
191,Bhool Bhulaiyaa,"1,90,73,095","10,97,797",5.80%,"1,79,75,298",94.20%,2007
192,A Mighty Heart,"1,90,08,745","91,76,787",48.30%,"98,31,958",51.70%,2007
193,The Wild Guys 4,"1,88,73,863",0,0,"1,88,73,863",100%,2007
194,Kitaro,"1,88,56,642",0,0,"1,88,56,642",100%,2007
195,The Counterfeiters,"1,88,14,713","54,88,570",29.20%,"1,33,26,143",70.80%,2007
196,Ho voglia di te,"1,85,94,142",0,0,"1,85,94,142",100%,2007
197,Saawariya,"1,85,13,120","8,85,574",4.80%,"1,76,27,546",95.20%,2007
198,Daddy Day Camp,"1,81,97,398","1,32,35,267",72.70%,"49,62,131",27.30%,2007
199,Voice of a Murderer,"1,81,60,598",0,0,"1,81,60,598",100%,2007
0,The Dark Knight,"1,00,38,45,358","53,33,45,358",53.10%,"47,05,00,000",46.90%,2008
1,Indiana Jones and the Kingdom of the Crystal Skull,"78,66,36,033","31,71,01,119",40.30%,"46,95,34,914",59.70%,2008
2,Kung Fu Panda,"63,17,44,560","21,54,34,591",34.10%,"41,63,09,969",65.90%,2008
3,Hancock,"62,94,43,428","22,79,46,274",36.20%,"40,14,97,154",63.80%,2008
4,Mamma Mia!,"61,00,02,542","14,42,90,968",23.70%,"46,57,11,574",76.30%,2008
5,Madagascar: Escape 2 Africa,"60,39,00,354","18,00,10,950",29.80%,"42,38,89,404",70.20%,2008
6,Quantum of Solace,"58,95,80,694","16,83,68,427",28.60%,"42,12,12,055",71.40%,2008
7,Iron Man,"58,53,66,247","31,86,04,126",54.40%,"26,67,62,121",45.60%,2008
8,WALL·E,"52,13,11,860","22,38,08,164",42.90%,"29,75,03,696",57.10%,2008
9,The Chronicles of Narnia: Prince Caspian,"41,96,65,568","14,16,21,490",33.70%,"27,80,44,078",66.30%,2008
10,Sex and the City,"41,87,65,321","15,26,47,258",36.50%,"26,61,18,063",63.50%,2008
11,Twilight,"40,72,30,267","19,27,69,854",47.30%,"21,44,17,861",52.70%,2008
12,The Mummy: Tomb of the Dragon Emperor,"40,34,49,830","10,24,91,776",25.40%,"30,09,58,054",74.60%,2008
13,Slumdog Millionaire,"37,84,10,113","14,13,19,928",37.30%,"23,70,90,185",62.70%,2008
14,Wanted,"34,24,63,063","13,45,08,551",39.30%,"20,79,54,512",60.70%,2008
15,The Curious Case of Benjamin Button,"33,58,02,786","12,75,09,326",38%,"20,82,93,460",62%,2008
16,Bolt,"30,99,79,994","11,40,53,579",36.80%,"19,59,26,415",63.20%,2008
17,Horton Hears a Who!,"29,85,72,799","15,45,29,439",51.80%,"14,40,43,360",48.20%,2008
18,Gran Torino,"26,99,58,228","14,80,95,302",54.90%,"12,18,62,926",45.10%,2008
19,"10,000 BC","26,97,84,201","9,47,84,201",35.10%,"17,50,00,000",64.90%,2008
20,The Incredible Hulk,"26,47,70,996","13,48,06,913",50.90%,"12,99,64,083",49.10%,2008
21,Marley & Me,"25,57,43,093","14,31,53,751",56%,"11,25,89,342",44%,2008
22,High School Musical 3: Senior Year,"25,29,09,177","9,05,59,416",35.80%,"16,23,49,761",64.20%,2008
23,Welcome to the Sticks,"24,51,44,417",0,0,"24,51,44,417",100%,2008
24,Journey to the Center of the Earth,"24,42,32,688","10,17,04,370",41.60%,"14,25,28,318",58.40%,2008
25,The Day the Earth Stood Still,"23,30,93,859","7,93,66,978",34%,"15,37,26,881",66%,2008
26,Get Smart,"23,06,85,453","13,03,19,208",56.50%,"10,03,66,245",43.50%,2008
27,Taken,"22,68,37,760","14,50,00,989",63.90%,"8,18,36,771",36.10%,2008
28,Jumper,"22,51,32,113","8,01,72,128",35.60%,"14,49,59,985",64.40%,2008
29,Yes Man,"22,32,41,637","9,76,90,976",43.80%,"12,55,50,661",56.20%,2008
30,What Happens in Vegas,"21,93,75,562","8,02,77,646",36.60%,"13,90,97,916",63.40%,2008
31,Bedtime Stories,"21,28,74,864","11,01,01,975",51.70%,"10,27,72,889",48.30%,2008
32,Australia,"21,17,88,739","4,95,54,002",23.40%,"16,22,33,509",76.60%,2008
33,You Don't Mess with the Zohan,"20,43,13,400","10,00,18,837",49%,"10,42,94,563",51%,2008
34,Ponyo,"20,41,71,845","1,50,90,399",7.40%,"18,90,81,411",92.60%,2008
35,Valkyrie,"20,15,45,517","8,30,77,833",41.20%,"11,84,67,684",58.80%,2008
36,Tropic Thunder,"19,57,03,047","11,05,15,313",56.50%,"8,51,87,498",43.50%,2008
37,Eagle Eye,"17,87,67,383","10,14,40,743",56.70%,"7,73,26,640",43.30%,2008
38,Cloverfield,"17,23,94,180","8,00,48,433",46.40%,"9,23,45,747",53.60%,2008
39,Seven Pounds,"16,97,48,929","6,99,51,824",41.20%,"9,97,97,105",58.80%,2008
40,Hellboy II: The Golden Army,"16,83,19,243","7,59,86,503",45.10%,"9,23,32,740",54.90%,2008
41,The Spiderwick Chronicles,"16,41,70,327","7,11,95,053",43.40%,"9,29,75,274",56.60%,2008
42,Four Christmases,"16,41,12,721","12,01,46,040",73.20%,"4,39,66,681",26.80%,2008
43,Burn After Reading,"16,37,28,902","6,03,55,347",36.90%,"10,33,73,555",63.10%,2008
44,The Happening,"16,34,03,799","6,45,06,874",39.50%,"9,88,96,925",60.50%,2008
45,27 Dresses,"16,26,55,351","7,68,08,654",47.20%,"8,58,46,697",52.80%,2008
46,21,"15,98,08,370","8,11,59,365",50.80%,"7,86,49,005",49.20%,2008
47,Vantage Point,"15,20,39,882","7,22,66,306",47.50%,"7,97,73,576",52.50%,2008
48,Step Up 2: The Streets,"15,08,16,700","5,80,17,783",38.50%,"9,27,98,917",61.50%,2008
49,Beverly Hills Chihuahua,"14,92,92,488","9,45,14,402",63.30%,"5,47,78,086",36.70%,2008
50,Asterix at the Olympic Games,"13,18,56,927",0,0,"13,18,56,927",100%,2008
51,Red Cliff,"12,97,08,433","6,27,047",0.50%,"12,90,81,386",99.50%,2008
52,The Forbidden Kingdom,"12,87,79,982","5,20,75,270",40.40%,"7,67,04,712",59.60%,2008
53,Step Brothers,"12,81,07,642","10,04,68,793",78.40%,"2,76,38,849",21.60%,2008
54,Body of Lies,"11,59,00,897","3,93,94,666",34%,"7,65,06,231",66%,2008
55,Saw V,"11,38,64,059","5,67,46,769",49.80%,"5,71,17,290",50.20%,2008
56,Changeling,"11,33,98,237","3,57,39,802",31.50%,"7,76,58,435",68.50%,2008
57,Rambo,"11,32,44,290","4,27,54,105",37.80%,"7,04,90,185",62.20%,2008
58,Fool's Gold,"11,12,31,041","7,02,31,041",63.10%,"4,10,00,000",36.90%,2008
59,Transporter 3,"10,89,79,549","3,17,15,062",29.10%,"7,72,64,487",70.90%,2008
60,The Reader,"10,89,02,486","3,41,94,407",31.40%,"7,47,08,079",68.60%,2008
61,Made of Honor,"10,64,07,672","4,60,12,734",43.20%,"6,03,94,938",56.80%,2008
62,Forgetting Sarah Marshall,"10,58,33,257","6,31,72,463",59.70%,"4,26,60,794",40.30%,2008
63,Pineapple Express,"10,16,24,843","8,73,41,380",85.90%,"1,42,83,463",14.10%,2008
64,Nim's Island,"10,01,04,565","4,80,06,762",48%,"5,20,97,803",52%,2008
65,Vicky Cristina Barcelona,"9,64,09,830","2,32,16,709",24.10%,"7,31,92,591",75.90%,2008
66,Speed Racer,"9,39,45,766","4,39,45,766",46.80%,"5,00,00,000",53.20%,2008
67,Role Models,"9,26,49,419","6,72,94,270",72.60%,"2,53,55,149",27.40%,2008
68,Max Payne,"8,70,66,930","4,06,89,393",46.70%,"4,63,77,537",53.30%,2008
69,The Tale of Despereaux,"8,69,57,280","5,08,77,145",58.50%,"3,60,80,135",41.50%,2008
70,Meet the Spartans,"8,58,97,593","3,82,33,676",44.50%,"4,76,63,917",55.50%,2008
71,Nights in Rodanthe,"8,43,75,346","4,18,50,659",49.60%,"4,25,24,687",50.40%,2008
72,The Strangers,"8,24,10,456","5,25,97,610",63.80%,"2,98,12,846",36.20%,2008
73,Righteous Kill,"7,84,60,699","4,00,81,410",51.10%,"3,83,79,289",48.90%,2008
74,The Other Boleyn Girl,"7,81,99,679","2,68,14,957",34.30%,"5,13,84,722",65.70%,2008
75,Mirrors,"7,80,94,714","3,06,91,439",39.30%,"4,74,03,275",60.70%,2008
76,Death Race,"7,60,14,335","3,63,16,032",47.80%,"3,96,98,303",52.20%,2008
77,Revolutionary Road,"7,59,81,180","2,29,11,480",30.20%,"5,30,69,700",69.80%,2008
78,Boys Over Flowers: Final,"7,22,43,609",0,0,"7,22,43,609",100%,2008
79,Babylon A.D.,"7,21,09,200","2,25,32,572",31.20%,"4,95,76,628",68.80%,2008
80,Superhero Movie,"7,15,38,062","2,58,81,068",36.20%,"4,56,56,994",63.80%,2008
81,Hannah Montana and Miley Cyrus: Best of Both Worlds Concert,"7,06,42,966","6,52,81,781",92.40%,"53,61,185",7.60%,2008
82,Departures,"7,04,42,129","14,98,210",2.10%,"6,89,43,919",97.90%,2008
83,The House Bunny,"7,04,39,696","4,82,37,389",68.50%,"2,22,02,307",31.50%,2008
84,The X Files: I Want to Believe,"6,93,63,381","2,09,82,478",30.30%,"4,83,80,903",69.70%,2008
85,Star Wars: The Clone Wars,"6,82,82,844","3,51,61,554",51.50%,"3,31,21,290",48.50%,2008
86,Street Kings,"6,64,76,363","2,64,18,667",39.70%,"4,00,57,696",60.30%,2008
87,Space Chimps,"6,50,97,693","3,01,05,968",46.20%,"3,49,91,725",53.80%,2008
88,The Bank Job,"6,48,22,796","3,00,60,660",46.40%,"3,47,62,136",53.60%,2008
89,Baby Mama,"6,44,44,713","6,04,94,212",93.90%,"39,50,501",6.10%,2008
90,Inkheart,"6,28,03,180","1,73,03,424",27.60%,"4,54,99,756",72.40%,2008
91,The Eye,"5,80,10,320","3,14,18,697",54.20%,"2,65,91,623",45.80%,2008
92,Prom Night,"5,71,97,876","4,38,69,350",76.70%,"1,33,28,526",23.30%,2008
93,"Definitely, Maybe","5,59,90,299","3,22,41,649",57.60%,"2,37,48,650",42.40%,2008
94,Suspect X,"5,48,46,110",0,0,"5,48,46,110",100%,2008
95,Milk,"5,45,89,558","3,18,41,299",58.30%,"2,27,48,259",41.70%,2008
96,Untraceable,"5,29,33,513","2,86,87,835",54.20%,"2,42,45,678",45.80%,2008
97,Doubt,"5,16,99,984","3,34,46,470",64.70%,"1,82,53,514",35.30%,2008
98,College Road Trip,"5,15,49,674","4,56,10,425",88.50%,"59,39,249",11.50%,2008
99,Meet Dave,"5,13,39,567","1,18,03,254",23%,"3,95,36,313",77%,2008
100,Defiance,"5,12,62,751","2,86,44,813",55.90%,"2,26,17,938",44.10%,2008
101,The Women,"5,00,07,546","2,69,02,075",53.80%,"2,31,05,471",46.20%,2008
102,Drillbit Taylor,"4,99,44,325","3,28,62,104",65.80%,"1,70,82,221",34.20%,2008
103,CJ7,"4,95,29,913","2,07,378",0.40%,"4,93,22,535",99.60%,2008
104,The Hurt Locker,"4,92,30,772","1,70,17,811",34.60%,"3,22,12,961",65.40%,2008
105,Shutter,"4,85,55,306","2,59,28,550",53.40%,"2,26,26,756",46.60%,2008
106,Pokémon: Giratina and the Sky Warrior,"4,75,11,422",0,0,"4,75,11,422",100%,2008
107,One Missed Call,"4,58,47,751","2,68,90,041",58.70%,"1,89,57,710",41.30%,2008
108,If You Are the One,"4,55,21,453",0,0,"4,55,21,453",100%,2008
109,The Wrestler,"4,47,34,660","2,62,38,243",58.70%,"1,84,96,417",41.30%,2008
110,Lakeview Terrace,"4,46,55,002","3,92,63,506",87.90%,"53,91,496",12.10%,2008
111,The Sisterhood of the Traveling Pants 2,"4,43,52,417","4,40,89,964",99.40%,"2,62,453",0.60%,2008
112,The Good the Bad the Weird,"4,42,61,209","1,28,486",0.30%,"4,41,32,723",99.70%,2008
113,Semi0Pro,"4,40,04,502","3,34,79,698",76.10%,"1,05,24,804",23.90%,2008
114,"Welcome Home, Roscoe Jenkins","4,36,55,418","4,24,36,517",97.20%,"12,18,901",2.80%,2008
115,Harold & Kumar Escape from Guantanamo Bay,"4,34,95,888","3,81,08,728",87.60%,"53,87,160",12.40%,2008
116,The Duchess,"4,33,43,384","1,38,48,978",32%,"2,94,94,406",68%,2008
117,Zack and Miri Make a Porno,"4,27,82,463","3,14,57,946",73.50%,"1,13,24,517",26.50%,2008
118,Bangkok Dangerous,"4,24,87,390","1,52,98,133",36%,"2,71,89,257",64%,2008
119,Meet the Browns,"4,19,75,388","4,19,75,388",100%,0,0,2008
120,Scandal Makers,"4,17,45,790",0,0,"4,17,45,790",100%,2008
121,Fly Me to the Moon 3D,"4,17,21,414","1,38,16,982",33.10%,"2,79,04,432",66.90%,2008
122,Never Back Down,"4,16,27,431","2,48,50,922",59.70%,"1,67,76,509",40.30%,2008
123,My Best Friend's Girl,"4,16,24,687","1,92,19,250",46.20%,"2,24,05,437",53.80%,2008
124,Escape Captivity: The Movie,"4,15,50,983",0,0,"4,15,50,983",100%,2008
125,Quarantine,"4,13,19,906","3,16,91,811",76.70%,"96,28,095",23.30%,2008
126,Leatherheads,"4,13,19,039","3,13,73,938",75.90%,"99,45,101",24.10%,2008
127,The Love Guru,"4,08,77,556","3,22,35,793",78.90%,"86,41,763",21.10%,2008
128,The Boy in the Striped Pajamas,"4,04,16,563","90,46,156",22.40%,"3,13,70,407",77.60%,2008
129,The Secret Life of Bees,"3,99,52,437","3,77,70,162",94.50%,"21,82,275",5.50%,2008
130,The Spirit,"3,91,64,441","1,98,06,188",50.60%,"1,93,58,253",49.40%,2008
131,Admiral,"3,91,43,985",0,0,"3,91,43,985",100%,2008
132,First Sunday,"3,88,10,311","3,79,31,869",97.70%,"8,78,442",2.30%,2008
133,Ghajini,"3,83,16,584","24,30,627",6.30%,"3,58,85,957",93.70%,2008
134,20th Century Boys 1: Beginning of the End,"3,82,31,562",0,0,"3,82,31,562",100%,2008
135,Painted Skin,"3,75,79,689",0,0,"3,75,79,689",100%,2008
136,The Family That Preys,"3,71,05,289","3,71,05,289",100%,0,0,2008
137,Natale a Rio,"3,67,02,844",0,0,"3,67,02,844",100%,2008
138,The Chaser,"3,64,67,587",0,0,"3,64,67,587",100%,2008
139,The Magic Hour,"3,60,23,586",0,0,"3,60,23,586",100%,2008
140,Death Note: L Change the World,"3,53,19,632",0,0,"3,53,19,632",100%,2008
141,Gomorrah,"3,48,61,529","15,79,146",4.50%,"3,32,82,383",95.50%,2008
142,Disaster Movie,"3,48,16,824","1,41,90,901",40.80%,"2,06,25,923",59.20%,2008
143,Nick and Norah's Infinite Playlist,"3,35,56,631","3,14,87,293",93.80%,"20,69,338",6.20%,2008
144,Fireproof,"3,34,73,297","3,34,56,317",99.90%,"16,980",<0.1%,2008
145,In Bruges,"3,33,94,440","78,00,824",23.40%,"2,55,93,616",76.60%,2008
146,Che: Part One,"3,32,66,274",0,0,"3,32,66,274",100%,2008
147,Last Chance Harvey,"3,25,66,966","1,48,89,042",45.70%,"1,76,77,924",54.30%,2008
148,The Wave,"3,23,50,637",0,0,"3,23,50,637",100%,2008
149,Doraemon the Movie: Nobita and the Green Giant Legend,"3,16,84,949",0,0,"3,16,84,949",100%,2008
150,Pride and Glory,"3,12,00,557","1,57,40,721",50.50%,"1,54,59,836",49.50%,2008
151,Igor,"3,08,93,885","1,95,28,602",63.20%,"1,13,65,283",36.80%,2008
152,Be Kind Rewind,"3,05,79,406","1,11,75,164",36.50%,"1,94,04,242",63.50%,2008
153,The Best Movie,"3,05,25,503",0,0,"3,05,25,503",100%,2008
154,Mesrine: Killer Instinct,"3,05,03,743",0,0,"3,05,03,743",100%,2008
155,Rab Ne Bana Di Jodi,"2,99,14,469","20,78,956",6.90%,"2,78,35,513",93.10%,2008
156,W.,"2,95,60,587","2,55,34,493",86.40%,"40,26,094",13.60%,2008
157,The Class,"2,93,03,505","37,66,810",12.90%,"2,55,36,695",87.10%,2008
158,Singh Is King,"2,91,69,677","21,59,376",7.40%,"2,70,10,301",92.60%,2008
159,Recep Ivedik,"2,85,48,025",0,0,"2,85,48,025",100%,2008
160,Appaloosa,"2,77,12,362","2,02,11,394",72.90%,"75,00,968",27.10%,2008
161,Traitor,"2,76,74,464","2,35,30,831",85%,"41,43,633",15%,2008
162,Frost/Nixon,"2,74,26,335","1,86,22,031",67.90%,"88,04,304",32.10%,2008
163,Forever the Moment,"2,72,59,300",0,0,"2,72,59,300",100%,2008
164,Public Enemy 3,"2,72,26,420",0,0,"2,72,26,420",100%,2008
165,Ghost Town,"2,70,90,159","1,33,67,624",49.30%,"1,37,22,535",50.70%,2008
166,The Baader Meinhof Complex,"2,69,37,355","4,76,270",1.80%,"2,64,61,085",98.20%,2008
167,Jodhaa Akbar,"2,68,90,354","34,40,718",12.80%,"2,34,49,636",87.20%,2008
168,Mad Money,"2,64,12,163","2,06,68,843",78.30%,"57,43,320",21.70%,2008
169,RocknRolla,"2,57,42,207","57,00,626",22.10%,"2,00,40,237",77.80%,2008
170,I'm a Cat Stalker,"2,52,21,446",0,0,"2,52,21,446",100%,2008
171,Race,"2,45,03,269","13,67,024",5.60%,"2,31,36,245",94.40%,2008
172,Detroit Metal City,"2,37,44,571",0,0,"2,37,44,571",100%,2008
173,Disco,"2,35,24,551",0,0,"2,35,24,551",100%,2008
174,Paris,"2,33,28,518","10,10,194",4.30%,"2,23,18,324",95.70%,2008
175,Under the Same Moon,"2,33,13,049","1,25,90,147",54%,"1,07,22,902",46%,2008
176,"Sorry, If I Love You","2,32,49,815",0,0,"2,32,49,815",100%,2008
177,Detective Conan: Full Score of Fear,"2,29,96,756",0,0,"2,29,96,756",100%,2008
178,Kung Fu Dunk,"2,29,45,567",0,0,"2,29,45,567",100%,2008
179,The Merry Widow,"2,28,72,698",0,0,"2,28,72,698",100%,2008
180,The Ruins,"2,28,18,256","1,74,32,844",76.40%,"53,85,412",23.60%,2008
181,U2 3D,"2,27,30,842","1,03,63,341",45.60%,"1,23,67,501",54.40%,2008
182,The Accidental Husband,"2,27,07,064",0,0,"2,27,07,064",100%,2008
183,Paco and the Magical Book,"2,26,79,633",0,0,"2,26,79,633",100%,2008
184,Doomsday,"2,24,72,631","1,10,08,770",49%,"1,14,63,861",51%,2008
185,I've Loved You So Long,"2,22,72,176","31,69,305",14.20%,"1,91,02,871",85.80%,2008
186,A.R.O.G,"2,22,12,369",0,0,"2,22,12,369",100%,2008
187,Ip Man,"2,21,08,789",0,0,"2,21,08,789",100%,2008
188,Wild Child,"2,19,72,336",0,0,"2,19,72,336",100%,2008
189,"Grande, grosso e... Verdone","2,18,60,130",0,0,"2,18,60,130",100%,2008
190,The Flight Before Christmas,"2,18,22,495",0,0,"2,18,22,495",100%,2008
191,Over Her Dead Body,"2,14,58,111","75,63,670",35.20%,"1,38,94,441",64.80%,2008
192,K020: The Fiend with Twenty Faces,"2,14,43,265",0,0,"2,14,43,265",100%,2008
193,Three Kingdoms,"2,11,59,916",0,0,"2,11,59,916",100%,2008
194,The Divine Weapon,"1,99,91,573",0,0,"1,99,91,573",100%,2008
195,Jaane Tu... Ya Jaane Na,"1,98,52,786","6,04,037",3%,"1,92,48,749",97%,2008
196,Blindness,"1,98,44,979","33,51,751",16.90%,"1,64,93,228",83.10%,2008
197,Il cosmo sul comò,"1,94,94,191",0,0,"1,94,94,191",100%,2008
198,Lyubov 2 Morkov,"1,91,71,562",0,0,"1,91,71,562",100%,2008
199,How to Lose Friends & Alienate People,"1,91,52,009","27,78,752",14.50%,"1,63,73,257",85.50%,2008
0,Avatar,"2,74,35,77,587","74,97,66,139",27.30%,"1,99,38,11,448",72.70%,2009
1,Harry Potter and the Half0Blood Prince,"93,39,59,197","30,19,59,197",32.30%,"63,20,00,000",67.70%,2009
2,Ice Age: Dawn of the Dinosaurs,"88,66,86,817","19,65,73,705",22.20%,"69,01,13,112",77.80%,2009
3,Transformers: Revenge of the Fallen,"83,63,03,693","40,21,11,870",48.10%,"43,41,91,823",51.90%,2009
4,2012,"76,96,79,473","16,61,12,167",21.60%,"60,35,67,306",78.40%,2009
5,Up,"73,50,99,082","29,30,04,164",39.90%,"44,20,94,918",60.10%,2009
6,The Twilight Saga: New Moon,"70,98,27,462","29,66,23,634",41.80%,"41,32,03,828",58.20%,2009
7,Sherlock Holmes,"52,40,28,679","20,90,28,679",39.90%,"31,50,00,000",60.10%,2009
8,Angels & Demons,"48,59,30,816","13,33,75,846",27.40%,"35,25,54,970",72.60%,2009
9,The Hangover,"46,88,12,793","27,73,22,503",59.20%,"19,14,90,290",40.80%,2009
10,Alvin and the Chipmunks: The Squeakquel,"44,31,40,005","21,96,14,612",49.60%,"22,35,25,393",50.40%,2009
11,Night at the Museum: Battle of the Smithsonian,"41,31,06,170","17,72,43,721",42.90%,"23,58,62,449",57.10%,2009
12,Star Trek,"38,56,80,446","25,77,30,019",66.80%,"12,79,50,427",33.20%,2009
13,Monsters vs. Aliens,"38,15,09,870","19,83,51,526",52%,"18,31,58,344",48%,2009
14,X0Men Origins: Wolverine,"37,30,62,864","17,98,83,157",48.20%,"19,31,79,707",51.80%,2009
15,Terminator Salvation,"37,13,53,001","12,53,22,469",33.70%,"24,60,30,532",66.30%,2009
16,Fast & Furious,"36,03,64,265","15,50,64,265",43%,"20,53,00,000",57%,2009
17,Prince of Persia: The Sands of Time,"33,63,65,676","9,07,59,676",27%,"24,56,06,000",73%,2009
18,A Christmas Carol,"32,52,86,646","13,78,55,863",42.40%,"18,74,30,783",57.60%,2009
19,Inglourious Basterds,"32,14,55,689","12,05,40,719",37.50%,"20,09,14,970",62.50%,2009
20,The Proposal,"31,73,75,031","16,39,58,031",51.70%,"15,34,17,000",48.30%,2009
21,The Blind Side,"30,92,08,309","25,59,59,475",82.80%,"5,32,48,834",17.20%,2009
22,G.I. Joe: The Rise of Cobra,"30,24,69,017","15,02,01,498",49.70%,"15,22,67,519",50.30%,2009
23,G0Force,"29,28,17,841","11,94,36,770",40.80%,"17,33,81,071",59.20%,2009
24,This Is It,"26,79,83,588","7,20,91,016",26.90%,"19,58,92,572",73.10%,2009
25,The Princess and the Frog,"26,70,45,765","10,44,00,899",39.10%,"16,26,44,866",60.90%,2009
26,Cloudy with a Chance of Meatballs,"24,30,06,126","12,48,70,275",51.40%,"11,81,35,851",48.60%,2009
27,It's Complicated,"21,91,03,655","11,27,35,375",51.50%,"10,63,68,280",48.50%,2009
28,Public Enemies,"21,41,04,620","9,71,04,620",45.40%,"11,70,00,000",54.60%,2009
29,District 9,"21,08,88,950","11,56,46,235",54.80%,"9,52,42,715",45.20%,2009
30,The Ugly Truth,"20,52,98,907","8,89,15,214",43.30%,"11,63,83,693",56.70%,2009
31,Paranormal Activity,"19,33,55,800","10,79,18,810",55.80%,"8,54,36,990",44.20%,2009
32,The Final Destination,"18,61,67,139","6,64,77,700",35.70%,"11,96,89,439",64.30%,2009
33,Watchmen,"18,53,82,813","10,75,09,799",58%,"7,78,73,014",42%,2009
34,Paul Blart: Mall Cop,"18,33,48,429","14,63,36,178",79.80%,"3,70,12,251",20.20%,2009
35,He's Just Not That Into You,"17,88,66,158","9,39,53,653",52.50%,"8,49,12,505",47.50%,2009
36,Couples Retreat,"17,18,44,840","10,92,04,945",63.50%,"6,26,39,895",36.50%,2009
37,Up in the Air,"16,68,42,739","8,38,23,381",50.20%,"8,30,19,358",49.80%,2009
38,Hannah Montana: The Movie,"15,55,45,279","7,95,76,189",51.20%,"7,59,69,090",48.80%,2009
39,The Taking of Pelham 123,"15,01,66,126","6,54,52,312",43.60%,"8,47,13,814",56.40%,2009
40,Brüno,"13,88,05,831","6,00,54,530",43.30%,"7,87,51,301",56.70%,2009
41,17 Again,"13,63,16,880","6,41,67,069",47.10%,"7,21,49,811",52.90%,2009
42,Julie & Julia,"12,95,40,522","9,41,25,426",72.70%,"3,54,15,096",27.30%,2009
43,The Fighter,"12,91,90,869","9,36,17,009",72.50%,"3,55,73,860",27.50%,2009
44,Law Abiding Citizen,"12,79,44,208","7,33,57,727",57.30%,"5,45,86,481",42.70%,2009
45,Coraline,"12,45,96,837","7,52,86,229",60.40%,"4,93,10,608",39.60%,2009
46,Surrogates,"12,24,44,772","3,85,77,772",31.50%,"8,38,67,000",68.50%,2009
47,Invictus,"12,22,33,971","3,74,91,364",30.70%,"8,47,42,607",69.30%,2009
48,Red Cliff II,"12,04,32,178",0,0,"12,04,32,178",100%,2009
49,Hotel for Dogs,"11,72,52,578","7,30,34,460",62.30%,"4,42,18,118",37.70%,2009
50,Bride Wars,"11,53,75,850","5,87,15,510",50.90%,"5,66,60,340",49.10%,2009
51,Confessions of a Shopaholic,"10,83,94,089","4,42,77,350",40.80%,"6,41,16,739",59.20%,2009
52,Race to Witch Mountain,"10,63,87,141","6,71,72,594",63.10%,"3,92,14,547",36.90%,2009
53,Planet 51,"10,56,47,102","4,21,94,060",39.90%,"6,34,53,042",60.10%,2009
54,The Girl with the Dragon Tattoo,"10,44,14,200","1,00,95,170",9.70%,"9,43,19,030",90.30%,2009
55,Zombieland,"10,23,92,080","7,55,90,286",73.80%,"2,68,01,794",26.20%,2009
56,Ghosts of Girlfriends Past,"10,23,66,815","5,52,50,026",54%,"4,71,16,789",46%,2009
57,The Time Traveler's Wife,"10,13,44,412","6,34,14,846",62.60%,"3,79,29,566",37.40%,2009
58,My Bloody Valentine,"10,07,34,718","5,15,45,952",51.20%,"4,91,88,766",48.80%,2009
59,Where the Wild Things Are,"10,01,40,096","7,72,33,467",77.10%,"2,29,06,629",22.90%,2009
60,Old Dogs,"9,67,53,696","4,94,92,060",51.20%,"4,72,61,636",48.80%,2009
61,My Sister's Keeper,"9,57,14,875","4,92,00,230",51.40%,"4,65,14,645",48.60%,2009
62,Green Zone,"9,48,82,549","3,50,53,660",36.90%,"5,98,28,889",63.10%,2009
63,The Lovely Bones,"9,36,21,340","4,41,14,232",47.10%,"4,95,07,108",52.90%,2009
64,Underworld: Rise of the Lycans,"9,21,58,961","4,58,02,315",49.70%,"4,63,56,646",50.30%,2009
65,"I Love You, Man","9,19,80,359","7,14,40,011",77.70%,"2,05,40,348",22.30%,2009
66,Friday the 13th,"9,15,09,154","6,50,02,019",71%,"2,65,07,135",29%,2009
67,Drag Me to Hell,"9,08,42,646","4,21,00,625",46.30%,"4,87,42,021",53.70%,2009
68,Madea Goes to Jail,"9,05,08,336","9,05,08,336",100%,0,0,2009
69,Rookies the Movie: Graduation,"8,80,55,243",0,0,"8,80,55,243",100%,2009
70,State of Play,"8,78,12,371","3,70,17,955",42.20%,"5,07,94,416",57.80%,2009
71,Did You Hear About the Morgans?,"8,52,80,250","2,95,80,087",34.70%,"5,57,00,163",65.30%,2009
72,Duplicity,"7,81,76,181","4,05,72,825",51.90%,"3,76,03,356",48.10%,2009
73,Orphan,"7,79,12,251","4,15,96,251",53.40%,"3,63,16,000",46.60%,2009
74,The Haunting in Connecticut,"7,75,36,359","5,53,89,516",71.40%,"2,21,46,843",28.60%,2009
75,Fame,"7,72,11,836","2,24,55,510",29.10%,"5,47,56,326",70.90%,2009
76,The Unborn,"7,65,14,050","4,26,70,410",55.80%,"3,38,43,640",44.20%,2009
77,The Pink Panther 2,"7,60,25,134","3,59,22,978",47.30%,"4,01,02,156",52.70%,2009
78,Obsessed,"7,38,30,347","6,82,61,644",92.50%,"55,68,703",7.50%,2009
79,Funny People,"7,15,85,235","5,18,55,045",72.40%,"1,97,30,190",27.60%,2009
80,Tidal Wave,"7,12,83,278",0,0,"7,12,83,278",100%,2009
81,The Men Who Stare at Goats,"6,90,95,771","3,24,28,195",46.90%,"3,66,67,576",53.10%,2009
82,Land of the Lost,"6,87,77,554","4,94,38,370",71.90%,"1,93,39,184",28.10%,2009
83,Saw VI,"6,82,34,154","2,76,93,292",40.60%,"4,05,40,862",59.40%,2009
84,The Girl Who Played with Fire,"6,71,53,225","76,38,241",11.40%,"5,95,14,984",88.60%,2009
85,Precious,"6,36,49,529","4,75,66,524",74.70%,"1,60,83,005",25.30%,2009
86,Little Nicholas,"6,27,92,067",0,0,"6,27,92,067",100%,2009
87,Year One,"6,23,57,900","4,33,37,279",69.50%,"1,90,20,621",30.50%,2009
88,The Imaginarium of Doctor Parnassus,"6,18,08,775","76,89,607",12.40%,"5,41,19,168",87.60%,2009
89,Ninja Assassin,"6,16,01,280","3,81,22,883",61.90%,"2,34,78,397",38.10%,2009
90,500 Days of Summer,"6,07,22,734","3,23,91,374",53.30%,"2,83,31,360",46.70%,2009
91,3 Idiots,"6,02,62,836","65,32,874",10.80%,"5,37,29,962",89.20%,2009
92,The International,"6,02,53,843","2,54,50,527",42.20%,"3,48,03,316",57.80%,2009
93,Aliens in the Attic,"5,78,81,056","2,52,00,412",43.50%,"3,26,80,644",56.50%,2009
94,Vicky the Viking,"5,63,90,258",0,0,"5,63,90,258",100%,2009
95,Under the Sea 3D,"5,59,02,624","3,62,62,926",64.90%,"1,96,39,698",35.10%,2009
96,Dragonball Evolution,"5,57,20,772","93,62,785",16.80%,"4,63,57,987",83.20%,2009
97,Nine,"5,40,04,950","1,96,76,965",36.40%,"3,43,27,985",63.60%,2009
98,Arthur and the Revenge of Maltazard,"5,23,77,611",0,0,"5,23,77,611",100%,2009
99,Take Off,"5,21,41,043",0,0,"5,21,41,043",100%,2009
100,Pokémon: Arceus and the Jewel of Life,"5,21,19,081",0,0,"5,21,19,081",100%,2009
101,I Can Do Bad All by Myself,"5,17,33,921","5,17,33,921",100%,0,0,2009
102,Coco Before Chanel,"5,08,12,934","61,13,834",12%,"4,46,99,100",88%,2009
103,One Piece: Strong World,"4,92,71,461",0,0,"4,92,71,461",100%,2009
104,Push,"4,88,58,618","3,18,11,527",65.10%,"1,70,47,091",34.90%,2009
105,9,"4,84,28,063","3,17,49,894",65.60%,"1,66,78,169",34.40%,2009
106,20th Century Boys 3: Redemption,"4,83,97,818",0,0,"4,83,97,818",100%,2009
107,The Fourth Kind,"4,77,09,193","2,54,86,040",53.40%,"2,22,23,153",46.60%,2009
108,Crazy Heart,"4,74,05,566","3,94,64,306",83.20%,"79,41,260",16.80%,2009
109,Hachi: A Dog's Tale,"4,67,48,131",0,0,"4,67,48,131",100%,2009
110,Fantastic Mr. Fox,"4,64,71,023","2,10,02,919",45.20%,"2,54,68,104",54.80%,2009
111,Rabbit Without Ears 2,"4,64,39,905",0,0,"4,64,39,905",100%,2009
112,The Last House on the Left,"4,52,89,053","3,27,52,215",72.30%,"1,25,36,838",27.70%,2009
113,The Spy Next Door,"4,52,36,543","2,43,07,086",53.70%,"2,09,29,457",46.30%,2009
114,Nodame Cantabile: The Movie II,"4,48,79,450",0,0,"4,48,79,450",100%,2009
115,Notorious,"4,44,20,316","3,68,43,682",82.90%,"75,76,485",17.10%,2009
116,The Girl Who Kicked the Hornet's Nest,"4,42,76,335","51,90,196",11.70%,"3,90,86,139",88.30%,2009
117,Brothers,"4,34,74,578","2,85,44,157",65.70%,"1,49,30,421",34.30%,2009
118,The Informant!,"4,17,71,168","3,33,16,821",79.80%,"84,54,347",20.20%,2009
119,The Uninvited,"4,16,33,384","2,85,96,818",68.70%,"1,30,36,566",31.30%,2009
120,Toy Story 2009 Re0release,"4,12,58,298","3,07,02,446",74.40%,"1,05,55,852",25.60%,2009
121,Evangelion: 2.0 You Can (Not) Advance,"4,11,62,041","1,33,640",0.30%,"4,10,28,401",99.70%,2009
122,The Concert,"4,11,46,351","6,57,986",1.60%,"4,04,88,365",98.40%,2009
123,Gamer,"4,08,28,540","2,05,34,907",50.30%,"2,02,93,633",49.70%,2009
124,All About Steve,"4,01,05,542","3,38,62,903",84.40%,"62,42,639",15.60%,2009
125,Astro Boy,"3,98,86,986","1,95,51,067",49%,"2,03,35,919",51%,2009
126,Detective Conan: The Raven Chaser,"3,96,64,359",0,0,"3,96,64,359",100%,2009
127,Agora,"3,94,57,342","6,19,423",1.60%,"3,88,37,919",98.40%,2009
128,Halloween II,"3,94,21,467","3,33,92,973",84.70%,"60,28,494",15.30%,2009
129,Cirque du Freak: The Vampire's Assistant,"3,92,91,383","1,38,69,515",35.30%,"2,54,21,868",64.70%,2009
130,Jeon Woochi,"3,86,81,926",0,0,"3,86,81,926",100%,2009
131,The Soloist,"3,83,32,994","3,17,20,158",82.70%,"66,12,836",17.30%,2009
132,Amalfi: Rewards of the Goddess,"3,78,40,539",0,0,"3,78,40,539",100%,2009
133,Broken Embraces,"3,74,72,507","50,14,305",13.40%,"3,24,58,202",86.60%,2009
134,Brooklyn's Finest,"3,64,40,201","2,71,63,593",74.50%,"92,76,608",25.50%,2009
135,The Boat That Rocked,"3,63,48,784","80,17,917",22.10%,"2,83,30,867",77.90%,2009
136,Love Happens,"3,60,88,028","2,29,65,110",63.60%,"1,31,22,918",36.40%,2009
137,Whatever Works,"3,60,20,534","53,06,706",14.70%,"3,07,13,828",85.30%,2009
138,The Secret in Their Eyes,"3,50,79,650","63,91,436",18.20%,"2,86,88,214",81.80%,2009
139,Crank: High Voltage,"3,45,72,541","1,36,84,249",39.60%,"2,08,88,292",60.40%,2009
140,Gokusen: The Movie,"3,41,17,482",0,0,"3,41,17,482",100%,2009
141,The Box,"3,33,33,531","1,50,51,977",45.20%,"1,82,81,554",54.80%,2009
142,LOL (Laughing Out Loud),"3,27,64,784",0,0,"3,27,64,784",100%,2009
143,Fighting,"3,24,82,728","2,30,91,010",71.10%,"93,91,718",28.90%,2009
144,The Invention of Lying,"3,24,06,507","1,84,51,251",56.90%,"1,39,55,256",43.10%,2009
145,April Bride,"3,21,12,343",0,0,"3,21,12,343",100%,2009
146,Jennifer's Body,"3,15,56,061","1,62,04,793",51.40%,"1,53,51,268",48.60%,2009
147,Dance Flick,"3,14,39,140","2,56,62,155",81.60%,"57,76,985",18.40%,2009
148,A Serious Man,"3,14,30,334","92,28,768",29.40%,"2,22,01,566",70.60%,2009
149,The Stepfather,"3,11,98,531","2,90,62,561",93.20%,"21,35,970",6.80%,2009
150,Yatterman,"3,03,65,792",0,0,"3,03,65,792",100%,2009
151,Natale a Beverly Hills,"2,99,76,481",0,0,"2,99,76,481",100%,2009
152,Crows Zero II,"2,98,93,636",0,0,"2,98,93,636",100%,2009
153,20th Century Boys 2: The Last Hope,"2,95,02,213",0,0,"2,95,02,213",100%,2009
154,The Young Victoria,"2,91,81,829","1,10,01,272",37.70%,"1,81,80,557",62.30%,2009
155,New in Town,"2,90,10,817","1,67,34,283",57.70%,"1,22,76,534",42.30%,2009
156,The Unbroken,"2,90,00,322",0,0,"2,90,00,322",100%,2009
157,Shorts,"2,89,72,508","2,09,19,166",72.20%,"80,53,342",27.80%,2009
158,Pope Joan,"2,87,48,076",0,0,"2,87,48,076",100%,2009
159,Case 39,"2,81,90,603","1,32,61,851",47%,"1,49,28,752",53%,2009
160,Recep Ivedik 2,"2,76,99,692",0,0,"2,76,99,692",100%,2009
161,The Road,"2,76,39,579","81,17,000",29.40%,"1,95,22,579",70.60%,2009
162,Sorority Row,"2,72,06,120","1,19,65,282",44%,"1,52,40,838",56%,2009
163,Observe and Report,"2,69,73,554","2,40,07,324",89%,"29,66,230",11%,2009
164,An Education,"2,60,96,852","1,25,74,914",48.20%,"1,35,21,938",51.80%,2009
165,Coco,"2,55,93,707",0,0,"2,55,93,707",100%,2009
166,Doraemon the Movie: The New Records of Nobita's Spaceblazer,"2,54,22,212",0,0,"2,54,22,212",100%,2009
167,Mt. Tsurugidake,"2,51,34,437",0,0,"2,51,34,437",100%,2009
168,A Single Man,"2,49,64,890","91,76,000",36.80%,"1,57,88,890",63.20%,2009
169,Kaiji: The Ultimate Gambler,"2,47,09,016",0,0,"2,47,09,016",100%,2009
170,If I Were You 2,"2,44,15,116",0,0,"2,44,15,116",100%,2009
171,I Give My First Love to You,"2,40,51,386",0,0,"2,40,51,386",100%,2009
172,Mao's Last Dancer,"2,39,14,731","48,17,770",20.10%,"1,90,96,961",79.90%,2009
173,Dark Planet,"2,37,72,559",0,0,"2,37,72,559",100%,2009
174,Jonas Brothers: The 3D Concert Experience,"2,31,86,960","1,91,62,740",82.60%,"40,24,220",17.40%,2009
175,Imagine That,"2,29,85,194","1,61,23,323",70.10%,"68,61,871",29.90%,2009
176,Armored,"2,29,42,221","1,59,88,876",69.70%,"69,53,345",30.30%,2009
177,A Perfect Getaway,"2,29,38,329","1,55,15,460",67.60%,"74,22,869",32.40%,2009
178,Dorian Gray,"2,28,73,653",0,0,"2,28,73,653",100%,2009
179,Men in the City,"2,24,20,615",0,0,"2,24,20,615",100%,2009
180,Neuilly Yo Mama!,"2,22,43,482",0,0,"2,22,43,482",100%,2009
181,OSS 117: Lost in Rio,"2,19,24,245","89,375",0.40%,"2,18,34,870",99.60%,2009
182,The Rebound,"2,17,91,288",0,0,"2,17,91,288",100%,2009
183,My Girlfriend Is an Agent,"2,10,56,256",0,0,"2,10,56,256",100%,2009
184,Black Lightning,"2,09,84,902",0,0,"2,09,84,902",100%,2009
185,Love Aaj Kal,"2,07,94,985","24,30,083",11.70%,"1,83,64,902",88.30%,2009
186,I Love You Phillip Morris,"2,07,68,906","20,37,459",9.80%,"1,87,31,447",90.20%,2009
187,Pandemic,"2,07,12,567",0,0,"2,07,12,567",100%,2009
188,Pandorum,"2,06,48,328","1,03,30,853",50%,"1,03,17,475",50%,2009
189,My Life in Ruins,"2,04,55,482","86,65,206",42.40%,"1,17,90,276",57.60%,2009
190,Cado dalle nubi,"2,01,23,466",0,0,"2,01,23,466",100%,2009
191,Solomon Kane,"1,96,52,185",0,0,"1,96,52,185",100%,2009
192,Amelia,"1,96,43,086","1,42,46,488",72.50%,"53,96,598",27.50%,2009
193,Drop,"1,96,11,028",0,0,"1,96,11,028",100%,2009
194,High Security Vacation,"1,94,87,557",0,0,"1,94,87,557",100%,2009
195,Kamen Rider Decade: All Riders vs. Dai0Shocker,"1,94,18,091",0,0,"1,94,18,091",100%,2009
196,Ballad,"1,93,28,678",0,0,"1,93,28,678",100%,2009
197,The White Ribbon,"1,93,19,671","22,22,862",11.50%,"1,70,96,809",88.50%,2009
198,Cell 211,"1,93,00,483",0,0,"1,93,00,483",100%,2009
199,Taras Bulba,"1,88,74,808",0,0,"1,88,74,808",100%,2009
0,Toy Story 3,"1,06,69,69,703","41,50,04,880",38.90%,"65,19,64,823",61.10%,2010
1,Alice in Wonderland,"1,02,54,67,110","33,41,91,110",32.60%,"69,12,76,000",67.40%,2010
2,Harry Potter and the Deathly Hallows: Part 1,"96,02,83,305","29,59,83,305",30.80%,"66,43,00,000",69.20%,2010
3,Inception,"82,82,58,695","29,25,76,195",35.30%,"53,56,82,500",64.70%,2010
4,Shrek Forever After,"75,26,00,867","23,87,36,787",31.70%,"51,38,64,080",68.30%,2010
5,The Twilight Saga: Eclipse,"69,84,91,347","30,05,31,751",43%,"39,79,59,596",57%,2010
6,Iron Man 2,"62,39,33,331","31,24,33,331",50.10%,"31,15,00,000",49.90%,2010
7,Tangled,"59,24,61,732","20,08,21,936",33.90%,"39,16,39,796",66.10%,2010
8,Despicable Me,"54,32,39,815","25,16,39,815",46.30%,"29,16,00,000",53.70%,2010
9,How to Train Your Dragon,"49,48,78,759","21,75,81,231",44%,"27,72,97,528",56%,2010
10,Clash of the Titans,"49,32,14,993","16,32,14,888",33.10%,"33,00,00,105",66.90%,2010
11,The Chronicles of Narnia: The Voyage of the Dawn Treader,"41,56,86,217","10,43,86,950",25.10%,"31,12,99,267",74.90%,2010
12,The King's Speech,"41,20,18,551","13,54,53,143",32.90%,"27,65,65,408",67.10%,2010
13,Tron: Legacy,"40,00,62,763","17,20,62,763",43%,"22,80,00,000",57%,2010
14,The Karate Kid,"35,91,26,022","17,65,91,618",49.20%,"18,25,34,404",50.80%,2010
15,Black Swan,"32,93,98,046","10,69,54,678",32.50%,"22,24,43,368",67.50%,2010
16,Megamind,"32,18,85,765","14,84,15,853",46.10%,"17,34,69,912",53.90%,2010
17,Robin Hood,"32,16,69,741","10,52,69,730",32.70%,"21,64,00,011",67.30%,2010
18,The Last Airbender,"31,97,13,881","13,17,72,187",41.20%,"18,79,41,694",58.80%,2010
19,Little Fockers,"31,06,50,585","14,84,38,600",47.80%,"16,22,11,985",52.20%,2010
20,Resident Evil: Afterlife,"30,02,28,084","6,01,28,566",20%,"24,00,99,518",80%,2010
21,Shutter Island,"29,48,04,195","12,80,12,934",43.40%,"16,67,91,261",56.60%,2010
22,Salt,"29,35,03,354","11,83,11,368",40.30%,"17,51,91,986",59.70%,2010
23,Sex and the City 2,"29,07,45,055","9,53,47,692",32.80%,"19,53,97,363",67.20%,2010
24,The Tourist,"27,87,80,441","6,76,31,157",24.30%,"21,11,49,284",75.70%,2010
25,The Expendables,"27,44,70,394","10,30,68,524",37.60%,"17,14,01,870",62.40%,2010
26,Grown Ups,"27,14,30,189","16,20,01,186",59.70%,"10,94,29,003",40.30%,2010
27,Knight and Day 2010 Re0release,"26,19,30,436","7,64,23,035",29.20%,"18,55,07,401",70.80%,2010
28,True Grit,"25,22,76,927","17,12,43,005",67.90%,"8,10,33,922",32.10%,2010
29,Gulliver's Travels,"23,73,82,724","4,27,79,261",18%,"19,46,03,463",82%,2010
30,Percy Jackson & the Olympians: The Lightning Thief,"22,64,97,209","8,87,68,303",39.20%,"13,77,28,906",60.80%,2010
31,The Social Network,"22,49,20,315","9,69,62,694",43.10%,"12,79,57,621",56.90%,2010
32,Valentine's Day,"21,64,85,654","11,04,85,654",51%,"10,60,00,000",49%,2010
33,The Sorcerer's Apprentice,"21,52,83,742","6,31,50,991",29.30%,"15,21,32,751",70.70%,2010
34,Due Date,"21,17,80,824","10,05,39,043",47.50%,"11,12,41,781",52.50%,2010
35,Eat Pray Love,"20,45,94,016","8,05,74,010",39.40%,"12,40,20,006",60.60%,2010
36,Yogi Bear,"20,35,09,374","10,02,46,011",49.30%,"10,32,63,363",50.70%,2010
37,RED,"19,90,06,387","9,03,80,162",45.40%,"10,86,26,225",54.60%,2010
38,Paranormal Activity 2,"17,75,12,032","8,47,52,907",47.70%,"9,27,59,125",52.30%,2010
39,The A0Team,"17,72,38,796","7,72,22,099",43.60%,"10,00,16,697",56.40%,2010
40,Jackass 3D,"17,16,85,792","11,72,29,692",68.30%,"5,44,56,100",31.70%,2010
41,The Other Guys,"17,04,58,922","11,92,19,978",69.90%,"5,12,38,944",30.10%,2010
42,Unstoppable,"16,78,05,466","8,15,62,942",48.60%,"8,62,42,524",51.40%,2010
43,Step Up 3D,"15,92,91,809","4,24,00,223",26.60%,"11,68,91,586",73.40%,2010
44,The Book of Eli,"15,71,07,755","9,48,35,059",60.40%,"6,22,72,696",39.60%,2010
45,The Town,"15,40,26,136","9,21,86,262",59.90%,"6,18,39,874",40.10%,2010
46,Date Night,"15,22,63,880","9,87,11,404",64.80%,"5,35,52,476",35.20%,2010
47,The Secret World of Arrietty,"14,89,79,794","1,92,02,743",12.90%,"12,97,77,051",87.10%,2010
48,Legend of the Guardians: The Owls of Ga'Hoole,"14,00,73,390","5,56,75,313",39.70%,"8,43,98,077",60.30%,2010
49,The Wolfman,"13,97,89,765","6,19,79,680",44.30%,"7,78,10,085",55.70%,2010
50,The Bounty Hunter,"13,63,33,522","6,70,61,228",49.20%,"6,92,72,294",50.80%,2010
51,Saw 3D,"13,61,50,434","4,57,10,178",33.60%,"9,04,40,256",66.40%,2010
52,Wall Street: Money Never Sleeps,"13,47,48,021","5,24,74,616",38.90%,"8,22,73,405",61.10%,2010
53,The Adjustment Bureau,"12,78,69,379","6,24,95,645",48.90%,"6,53,73,734",51.10%,2010
54,Predators,"12,72,33,108","5,20,00,688",40.90%,"7,52,32,420",59.10%,2010
55,A Nightmare on Elm Street,"11,56,94,863","6,30,75,011",54.50%,"5,26,19,852",45.50%,2010
56,Dear John,"11,49,91,723","8,00,14,842",69.60%,"3,49,69,824",30.40%,2010
57,Cats & Dogs: The Revenge of Kitty Galore,"11,24,83,764","4,35,85,753",38.70%,"6,88,98,011",61.30%,2010
58,Tooth Fairy,"11,24,62,508","6,00,22,256",53.40%,"5,24,40,252",46.60%,2010
59,Sanctum,"10,86,09,310","2,32,09,310",21.40%,"8,54,00,000",78.60%,2010
60,Harmony,"10,70,56,263",0,0,"10,70,56,263",100%,2010
61,Hereafter,"10,69,56,330","3,27,46,941",30.60%,"7,42,09,389",69.40%,2010
62,Life as We Know It,"10,57,34,416","5,33,74,681",50.50%,"5,23,59,735",49.50%,2010
63,Let the Bullets Fly,"10,47,23,314","63,012",0,"10,46,60,302",99.90%,2010
64,Love & Other Drugs,"10,28,20,008","3,23,67,005",31.50%,"7,04,53,003",68.50%,2010
65,Aftershock,"10,02,93,273","62,962",0,"10,02,30,311",99.90%,2010
66,Umizaru 3: The Last Message,"9,86,63,381",0,0,"9,86,63,381",100%,2010
67,Killers,"9,81,59,963","4,70,59,963",47.90%,"5,11,00,000",52.10%,2010
68,Kick0Ass,"9,61,88,903","4,80,71,303",50%,"4,81,17,600",50%,2010
69,Nanny McPhee Returns,"9,32,51,121","2,90,11,215",31.10%,"6,42,39,906",68.90%,2010
70,Get Him to the Greek,"9,17,20,255","6,09,74,475",66.50%,"3,07,45,780",33.50%,2010
71,Burlesque,"8,95,19,773","3,94,40,655",44.10%,"5,00,79,118",55.90%,2010
72,The Last Song,"8,91,37,047","6,29,50,384",70.60%,"2,61,86,663",29.40%,2010
73,Dinner for Schmucks,"8,68,55,739","7,30,26,337",84.10%,"1,38,29,402",15.90%,2010
74,Bayside Shakedown 3: Set the Guys Loose,"8,53,47,374",0,0,"8,53,47,374",100%,2010
75,Marmaduke,"8,37,61,844","3,36,44,788",40.20%,"5,01,17,056",59.80%,2010
76,Piranha 3D,"8,31,88,165","2,50,03,155",30.10%,"5,81,85,010",69.90%,2010
77,Oceans,"8,30,90,556","1,94,22,319",23.40%,"6,36,68,237",76.60%,2010
78,Blades of Blood 2010 Re0release,"8,21,77,196",0,0,"8,21,77,196",100%,2010
79,Edge of Darkness,"8,11,26,522","4,33,13,890",53.40%,"3,78,12,632",46.60%,2010
80,Vampires Suck,"8,05,47,866","3,66,61,504",45.50%,"4,38,86,362",54.50%,2010
81,Letters to Juliet,"7,92,93,444","5,30,32,453",66.90%,"2,62,60,991",33.10%,2010
82,The Back0up Plan,"7,74,77,008","3,74,90,007",48.40%,"3,99,87,001",51.60%,2010
83,Diary of a Wimpy Kid,"7,61,96,538","6,40,03,625",84%,"1,21,92,913",16%,2010
84,If You Are the One 2,"7,60,85,443","4,26,894",0.60%,"7,56,58,549",99.40%,2010
85,Easy A,"7,50,26,216","5,84,01,464",77.80%,"1,66,24,752",22.20%,2010
86,Hubble,"7,42,49,729","5,25,22,904",70.70%,"2,17,26,825",29.30%,2010
87,Pokémon: Zoroark: Master of Illusions,"7,11,43,529",0,0,"7,11,43,529",100%,2010
88,A Turtle's Tale: Sammy's Adventures,"7,06,27,617",0,0,"7,06,27,617",100%,2010
89,The Last Exorcism,"6,94,32,527","4,10,34,350",59.10%,"2,83,98,177",40.90%,2010
90,Takers,"6,90,55,695","5,77,44,720",83.60%,"1,13,10,975",16.40%,2010
91,Bestseller,"6,88,13,389",0,0,"6,88,13,389",100%,2010
92,Legion,"6,79,18,658","4,01,68,080",59.10%,"2,77,50,578",40.90%,2010
93,The American,"6,78,76,281","3,56,06,376",52.50%,"3,22,69,905",47.50%,2010
94,The Next Three Days,"6,74,48,651","2,11,48,651",31.40%,"4,63,00,000",68.60%,2010
95,Skyline,"6,69,84,887","2,13,93,620",31.90%,"4,55,91,267",68.10%,2010
96,Hot Tub Time Machine,"6,47,35,752","5,02,87,556",77.70%,"1,44,48,196",22.30%,2010
97,Elite Squad 2: The Enemy Within,"6,36,18,850","1,00,119",0.20%,"6,35,18,731",99.80%,2010
98,Devil,"6,26,95,489","3,36,01,190",53.60%,"2,90,94,299",46.40%,2010
99,127 Hours,"6,07,38,797","1,83,35,230",30.20%,"4,24,03,567",69.80%,2010
100,Why Did I Get Married Too?,"6,06,73,972","6,00,95,852",99%,"5,78,120",1%,2010
101,The Ghost Writer,"6,03,31,447","1,55,41,549",25.80%,"4,47,89,898",74.20%,2010
102,Secretariat,"6,03,21,861","5,97,13,955",99%,"6,07,906",1%,2010
103,Morning Glory,"6,00,40,976","3,10,11,732",51.70%,"2,90,29,244",48.30%,2010
104,Remember Me,"5,60,32,889","1,90,68,240",34%,"3,69,64,649",66%,2010
105,Cop Out,"5,56,11,001","4,48,75,481",80.70%,"1,07,35,520",19.30%,2010
106,Veda 0 Atatürk,"5,50,24,621",0,0,"5,50,24,621",100%,2010
107,The Crazies,"5,48,06,823","3,91,23,589",71.40%,"1,56,83,234",28.60%,2010
108,Little White Lies,"5,33,19,615","2,06,088",0.40%,"5,31,13,527",99.60%,2010
109,From Paris with Love,"5,28,30,951","2,40,77,427",45.60%,"2,87,53,524",54.40%,2010
110,Detective Dee: The Mystery of the Phantom Flame,"5,18,99,269","4,59,836",0.90%,"5,14,39,433",99.10%,2010
111,Conference of Animals,"5,18,83,642",0,0,"5,18,83,642",100%,2010
112,Daybreakers,"5,14,16,464","3,01,01,577",58.50%,"2,13,14,887",41.50%,2010
113,Alpha and Omega,"5,05,07,267","2,51,07,267",49.70%,"2,54,00,000",50.30%,2010
114,The Switch,"4,98,30,607","2,77,79,426",55.70%,"2,20,51,181",44.30%,2010
115,Space Battleship Yamato,"4,98,27,298",0,0,"4,98,27,298",100%,2010
116,She's Out of My League,"4,97,79,728","3,20,10,860",64.30%,"1,77,68,868",35.70%,2010
117,Death at a Funeral,"4,90,50,886","4,27,39,347",87.10%,"63,11,539",12.90%,2010
118,How Do You Know,"4,86,68,907","3,02,12,620",62.10%,"1,84,56,287",37.90%,2010
119,Charlie St. Cloud,"4,81,90,704","3,11,62,545",64.70%,"1,70,28,159",35.30%,2010
120,Heartbreaker,"4,80,23,509","5,04,030",1%,"4,75,19,479",99%,2010
121,Scott Pilgrim vs. the World,"4,76,64,559","3,15,24,275",66.10%,"1,61,40,284",33.90%,2010
122,StreetDance 2,"4,69,60,833",0,0,"4,69,60,833",100%,2010
123,Welcome to the South,"4,58,96,492",0,0,"4,58,96,492",100%,2010
124,Machete,"4,54,91,656","2,65,93,646",58.50%,"1,88,98,010",41.50%,2010
125,Confessions,"4,52,03,103",0,0,"4,52,03,103",100%,2010
126,Avatar 2010 Special Edition,"4,48,38,548","1,07,41,486",24%,"3,40,97,062",76%,2010
127,The Man from Nowhere,"4,47,23,232","5,28,175",1.20%,"4,41,95,057",98.80%,2010
128,Of Gods and Men,"4,38,03,417","39,51,596",9%,"3,98,51,821",91%,2010
129,Boy,"4,35,51,154","2,56,211",0.60%,"4,32,94,943",99.40%,2010
130,When in Rome,"4,30,53,376","3,26,80,633",75.90%,"1,03,72,743",24.10%,2010
131,My Name Is Khan,"4,23,45,360","40,18,771",9.50%,"3,83,26,589",90.50%,2010
132,Going the Distance,"4,20,59,111","1,78,04,299",42.30%,"2,42,54,812",57.70%,2010
133,Nodame Cantabile: The Movie II 2010 Re0release,"4,10,54,604",0,0,"4,10,54,604",100%,2010
134,SP: The Motion Picture I,"3,96,74,739",0,0,"3,96,74,739",100%,2010
135,Kokkuri0san: Gekijô0ban,"3,79,82,240",0,0,"3,79,82,240",100%,2010
136,For Colored Girls,"3,79,81,984","3,77,29,698",99.30%,"2,52,286",0.70%,2010
137,Detective Conan: The Lost Ship in the Sky,"3,64,07,407",0,0,"3,64,07,407",100%,2010
138,Secret Reunion,"3,62,98,578",0,0,"3,62,98,578",100%,2010
139,Furry Vengeance,"3,62,88,132","1,76,30,465",48.60%,"1,86,57,667",51.40%,2010
140,You Will Meet a Tall Dark Stranger,"3,58,67,322","32,48,246",9.10%,"3,26,19,076",90.90%,2010
141,Faster,"3,56,26,958","2,32,40,020",65.20%,"1,23,86,938",34.80%,2010
142,The Kids Are All Right,"3,47,05,850","2,08,11,365",60%,"1,38,94,485",40%,2010
143,Doraemon The Movie: Nobita's Great Battle of the Mermaid King,"3,47,02,573",0,0,"3,47,02,573",100%,2010
144,The Extraordinary Adventures of Adèle Blanc0Sec,"3,46,04,339",0,0,"3,46,04,339",100%,2010
145,Camping 2,"3,38,57,735",0,0,"3,38,57,735",100%,2010
146,Arthur 3: The War of the Two Worlds,"3,35,19,334",0,0,"3,35,19,334",100%,2010
147,Dogwood Tree,"3,30,16,351",0,0,"3,30,16,351",100%,2010
148,Leap Year,"3,26,86,500","2,59,18,920",79.30%,"67,67,580",20.70%,2010
149,Potiche,"3,23,09,881","16,18,844",5%,"3,06,91,037",95%,2010
150,You Again,"3,20,54,369","2,57,02,053",80.20%,"63,52,316",19.80%,2010
151,Raajneeti,"2,94,59,596","15,14,558",5.10%,"2,79,45,038",94.90%,2010
152,The Losers,"2,93,97,654","2,35,91,432",80.20%,"58,06,222",19.80%,2010
153,The Santa Claus Gang,"2,91,81,330",0,0,"2,91,81,330",100%,2010
154,Sacrifice,"2,90,93,560","29,792",0.10%,"2,90,63,768",99.90%,2010
155,The Lady Shogun and Her Men,"2,77,69,952",0,0,"2,77,69,952",100%,2010
156,Legend of the Fist: The Return of Chen Zhen,"2,73,90,678","50,433",0.20%,"2,73,40,245",99.80%,2010
157,Ramona and Beezus,"2,72,93,743","2,61,67,002",95.90%,"11,26,741",4.10%,2010
158,Splice 2010 Re0release,"2,71,27,620","1,70,10,170",62.70%,"1,01,17,450",37.30%,2010
159,Let Me In,"2,70,93,592","1,21,34,935",44.80%,"1,49,58,657",55.20%,2010
160,Fair Game,"2,57,98,915","95,40,691",37%,"1,62,58,224",63%,2010
161,The Round Up,"2,56,23,521",0,0,"2,56,23,521",100%,2010
162,Christmas in South Africa,"2,53,62,517",0,0,"2,53,62,517",100%,2010
163,Biutiful,"2,51,47,786","51,01,237",20.30%,"2,00,46,549",79.70%,2010
164,Six Degrees of Celebration,"2,50,30,264",0,0,"2,50,30,264",100%,2010
165,Sarah's Key,"2,47,92,815","76,93,187",31%,"1,70,99,628",69%,2010
166,Lottery Ticket,"2,47,19,879","2,47,19,879",100%,0,0,2010
167,Liar Game: The Final Stage,"2,46,58,706",0,0,"2,46,58,706",100%,2010
168,The Way Back,"2,41,72,201","27,01,859",11.20%,"2,14,70,342",88.80%,2010
169,Nasha Russia. Yaytsa sudby,"2,40,22,125",0,0,"2,40,22,125",100%,2010
170,Just Call Me Nobody,"2,37,05,022",0,0,"2,37,05,022",100%,2010
171,Act of Vengeance,"2,34,23,390",0,0,"2,34,23,390",100%,2010
172,Under the Hawthorn Tree,"2,30,04,431",0,0,"2,30,04,431",100%,2010
173,Recep Ivedik 3,"2,25,88,876",0,0,"2,25,88,876",100%,2010
174,Villain,"2,24,14,467",0,0,"2,24,14,467",100%,2010
175,A Thousand Words,"2,20,44,277","1,84,50,127",83.70%,"35,94,150",16.30%,2010
176,"Me, Them and Lara","2,20,39,646",0,0,"2,20,39,646",100%,2010
177,Moss,"2,19,25,534",0,0,"2,19,25,534",100%,2010
178,22 Bullets,"2,16,95,883",0,0,"2,16,95,883",100%,2010
179,Inazuma Eleven GO the Movie: The Ultimate Bonds Gryphon,"2,16,45,379",0,0,"2,16,45,379",100%,2010
180,Just Wright,"2,15,84,424","2,15,40,363",99.80%,"44,061",0.20%,2010
181,My Soul to Take,"2,15,00,813","1,47,44,435",68.60%,"67,56,378",31.40%,2010
182,Our Family Wedding,"2,14,09,028","2,02,55,281",94.60%,"11,53,747",5.40%,2010
183,Astral City: A Spiritual Journey,"2,12,18,935",0,0,"2,12,18,935",100%,2010
184,71: Into the Fire,"2,09,67,660","1,76,638",0.80%,"2,07,91,022",99.20%,2010
185,Country Strong,"2,05,29,194","2,02,18,921",98.50%,"3,10,273",1.50%,2010
186,Beck,"2,02,19,060",0,0,"2,02,19,060",100%,2010
187,How Not to Rescue a Princess,"2,01,57,447",0,0,"2,01,57,447",100%,2010
188,About Her Brother,"1,99,69,473",0,0,"1,99,69,473",100%,2010
189,Trick the Movie: Psychic Battle Royale,"1,97,95,115",0,0,"1,97,95,115",100%,2010
190,Hello Ghost,"1,97,74,455",0,0,"1,97,74,455",100%,2010
191,Another Year,"1,97,22,766","32,05,706",16.30%,"1,65,17,060",83.70%,2010
192,Youth in Revolt,"1,96,51,093","1,52,81,286",77.80%,"43,69,807",22.20%,2010
193,Hot Summer Days,"1,95,73,451",0,0,"1,95,73,451",100%,2010
194,Buried,"1,94,39,764","10,44,143",5.40%,"1,83,95,621",94.60%,2010
195,The Servant,"1,92,59,164",0,0,"1,92,59,164",100%,2010
196,Norwegian Wood,"1,91,15,721","13,000",0,"1,91,02,721",99.90%,2010
197,Head Over Heels,"1,88,76,082",0,0,"1,88,76,082",100%,2010
198,13 Assassins,"1,86,89,058","8,02,778",4.30%,"1,78,86,280",95.70%,2010
199,Green Zone 2010 Re0release,"1,84,95,045",0,0,"1,84,95,045",100%,2010
0,Harry Potter and the Deathly Hallows: Part 2,"1,34,15,11,219","38,10,11,219",28.40%,"96,05,00,000",71.60%,2011
1,Transformers: Dark of the Moon,"1,12,37,94,079","35,23,90,543",31.40%,"77,14,03,536",68.60%,2011
2,Pirates of the Caribbean: On Stranger Tides,"1,04,57,13,802","24,10,71,802",23.10%,"80,46,42,000",76.90%,2011
3,The Twilight Saga: Breaking Dawn 0 Part 1,"71,22,05,856","28,12,87,133",39.50%,"43,09,18,723",60.50%,2011
4,Mission: Impossible 0 Ghost Protocol,"69,47,13,380","20,93,97,903",30.10%,"48,53,15,477",69.90%,2011
5,Kung Fu Panda 2,"66,56,92,281","16,52,49,063",24.80%,"50,04,43,218",75.20%,2011
6,Fast Five,"62,61,37,675","20,98,37,675",33.50%,"41,63,00,000",66.50%,2011
7,The Hangover Part II,"58,67,64,305","25,44,64,305",43.40%,"33,23,00,000",56.60%,2011
8,The Smurfs,"56,37,49,323","14,26,14,158",25.30%,"42,11,35,165",74.70%,2011
9,Cars 2,"55,98,52,396","19,14,52,396",34.20%,"36,84,00,000",65.80%,2011
10,Puss in Boots,"55,49,87,477","14,92,60,504",26.90%,"40,57,26,973",73.10%,2011
11,Sherlock Holmes: A Game of Shadows,"54,38,48,418","18,68,48,418",34.40%,"35,70,00,000",65.60%,2011
12,Rio,"48,38,66,518","14,36,19,809",29.70%,"34,02,46,709",70.30%,2011
13,Rise of the Planet of the Apes,"48,18,00,873","17,67,60,185",36.70%,"30,50,40,688",63.30%,2011
14,Thor,"44,93,26,618","18,10,30,624",40.30%,"26,82,95,994",59.70%,2011
15,The Intouchables,"42,65,88,510","1,01,98,820",2.40%,"41,63,89,690",97.60%,2011
16,The Adventures of Tintin,"37,39,93,951","7,75,91,831",20.70%,"29,64,02,120",79.30%,2011
17,Captain America: The First Avenger,"37,05,69,774","17,66,54,505",47.70%,"19,39,15,269",52.30%,2011
18,X0Men: First Class,"35,26,16,690","14,64,08,305",41.50%,"20,62,08,385",58.50%,2011
19,Alvin and the Chipmunks: Chipwrecked,"34,26,95,435","13,31,10,742",38.80%,"20,95,84,693",61.20%,2011
20,Real Steel,"29,92,68,508","8,54,68,508",28.60%,"21,38,00,000",71.40%,2011
21,Bridesmaids,"28,83,83,523","16,91,06,725",58.60%,"11,92,76,798",41.40%,2011
22,Super 8,"26,00,95,986","12,70,04,179",48.80%,"13,30,91,807",51.20%,2011
23,Rango,"24,57,24,603","12,34,77,607",50.30%,"12,22,46,996",49.70%,2011
24,Green Lantern,"23,72,01,172","11,66,01,172",49.20%,"12,06,00,000",50.80%,2011
25,The Girl with the Dragon Tattoo,"23,26,17,430","10,25,15,793",44.10%,"13,01,01,637",55.90%,2011
26,The Green Hornet,"22,78,17,248","9,87,80,042",43.40%,"12,90,37,206",56.60%,2011
27,Immortals,"22,69,04,017","8,35,04,017",36.80%,"14,34,00,000",63.20%,2011
28,The Help,"21,66,39,112","16,97,08,112",78.30%,"4,69,31,000",21.70%,2011
29,Bad Teacher,"21,61,97,492","10,02,92,856",46.40%,"11,59,04,636",53.60%,2011
30,Just Go with It,"21,49,45,591","10,30,28,109",47.90%,"11,19,17,482",52.10%,2011
31,Battle Los Angeles,"21,18,19,354","8,35,52,429",39.40%,"12,82,66,925",60.60%,2011
32,Horrible Bosses,"20,98,38,559","11,75,38,559",56%,"9,23,00,000",44%,2011
33,Paranormal Activity 3,"20,70,39,844","10,40,28,807",50.20%,"10,30,11,037",49.80%,2011
34,Gnomeo & Juliet,"19,39,67,670","9,99,67,670",51.50%,"9,40,00,000",48.50%,2011
35,Mr. Popper's Penguins,"18,73,61,754","6,82,24,452",36.40%,"11,91,37,302",63.60%,2011
36,The Lion King 2011 3D Release,"18,60,42,001","9,42,42,001",50.70%,"9,18,00,000",49.30%,2011
37,Hugo,"18,57,70,160","7,38,64,507",39.80%,"11,19,05,653",60.20%,2011
38,Hop,"18,39,53,723","10,80,85,305",58.80%,"7,58,68,418",41.20%,2011
39,War Horse,"17,75,84,879","7,98,84,879",45%,"9,77,00,000",55%,2011
40,The Descendants,"17,72,43,185","8,25,84,160",46.60%,"9,46,59,025",53.40%,2011
41,Cowboys & Aliens,"17,48,22,325","10,02,40,551",57.30%,"7,45,81,774",42.70%,2011
42,In Time,"17,39,30,596","3,75,20,095",21.60%,"13,64,10,501",78.40%,2011
43,Zookeeper,"16,98,52,759","8,03,60,843",47.30%,"8,94,91,916",52.70%,2011
44,The Muppets,"16,51,84,237","8,86,31,237",53.70%,"7,65,53,000",46.30%,2011
45,Limitless,"16,18,49,455","7,92,49,455",49%,"8,26,00,000",51%,2011
46,Johnny English Reborn,"16,00,78,586","83,05,970",5.20%,"15,17,72,616",94.80%,2011
47,Happy Feet Two,"15,91,96,259","6,40,06,466",40.20%,"9,51,89,793",59.80%,2011
48,Final Destination 5,"15,78,87,643","4,25,87,643",27%,"11,53,00,000",73%,2011
49,Tower Heist,"15,29,30,623","7,80,46,570",51%,"7,48,84,053",49%,2011
50,Midnight in Paris,"15,16,72,318","5,68,17,045",37.50%,"9,48,55,273",62.50%,2011
51,I Am Number Four,"14,98,78,437","5,51,00,437",36.80%,"9,47,78,000",63.20%,2011
52,Jack and Jill,"14,96,73,788","7,41,58,157",49.50%,"7,55,15,631",50.50%,2011
53,Friends with Benefits,"14,95,42,245","5,58,02,754",37.30%,"9,37,39,491",62.70%,2011
54,No Strings Attached,"14,92,28,077","7,06,62,220",47.40%,"7,85,65,857",52.60%,2011
55,Arthur Christmas,"14,74,19,472","4,64,62,469",31.50%,"10,09,57,003",68.50%,2011
56,Source Code,"14,73,32,697","5,47,12,227",37.10%,"9,26,20,470",62.90%,2011
57,"Crazy, Stupid, Love.","14,50,51,197","8,43,51,197",58.20%,"6,07,00,000",41.80%,2011
58,New Year's Eve,"14,20,44,638","5,45,44,638",38.40%,"8,75,00,000",61.60%,2011
59,Contagion,"13,65,15,867","7,56,58,097",55.40%,"6,08,57,770",44.60%,2011
60,Unknown,"13,57,10,029","6,36,86,397",46.90%,"7,20,23,632",53.10%,2011
61,The Artist,"13,34,32,856","4,46,71,682",33.50%,"8,87,61,174",66.50%,2011
62,The Three Musketeers,"13,22,74,484","2,03,74,484",15.40%,"11,19,00,000",84.60%,2011
63,We Bought a Zoo,"12,00,81,841","7,56,24,550",63%,"4,44,57,291",37%,2011
64,Hankyu Railways 0 A 150minute Miracle,"11,87,99,256",0,0,"11,87,99,256",100%,2011
65,Water for Elephants,"11,70,94,902","5,87,09,717",50.10%,"5,83,85,185",49.90%,2011
66,The Iron Lady,"11,58,90,699","3,00,17,992",25.90%,"8,58,72,707",74.10%,2011
67,Moneyball,"11,02,06,216","7,56,05,492",68.60%,"3,46,00,724",31.40%,2011
68,Insidious,"9,95,57,032","5,40,09,150",54.20%,"4,55,47,882",45.80%,2011
69,Justin Bieber: Never Say Never,"9,90,36,827","7,30,13,910",73.70%,"2,60,22,917",26.30%,2011
70,Paul,"9,79,84,015","3,74,12,945",38.20%,"6,05,71,070",61.80%,2011
71,Scream 4,"9,71,38,686","3,81,80,928",39.30%,"5,89,57,758",60.70%,2011
72,The Rite,"9,65,60,591","3,30,47,633",34.20%,"6,35,12,958",65.80%,2011
73,Dolphin Tale,"9,59,32,565","7,22,86,779",75.40%,"2,36,45,786",24.60%,2011
74,Nothing to Declare,"9,38,11,164",0,0,"9,38,11,164",100%,2011
75,Season of the Witch,"9,16,27,228","2,48,27,228",27.10%,"6,68,00,000",72.90%,2011
76,Red Riding Hood,"9,02,60,376","3,76,62,162",41.70%,"5,25,98,214",58.30%,2011
77,Sucker Punch,"8,97,92,502","3,63,92,502",40.50%,"5,34,00,000",59.50%,2011
78,The Inbetweeners,"8,88,23,111","36,000",0,"8,87,87,111",100%,2011
79,The Lincoln Lawyer,"8,67,52,352","5,80,09,200",66.90%,"2,87,43,152",33.10%,2011
80,Hall Pass,"8,61,57,237","4,50,60,734",52.30%,"4,10,96,503",47.70%,2011
81,Spy Kids 4: All the Time in the World,"8,55,64,310","3,85,38,188",45%,"4,70,26,122",55%,2011
82,J. Edgar,"8,49,20,539","3,73,06,030",43.90%,"4,76,14,509",56.10%,2011
83,"Big Mommas: Like Father, Like Son","8,26,86,066","3,79,15,414",45.90%,"4,47,70,652",54.10%,2011
84,Abduction,"8,20,87,155","2,80,87,155",34.20%,"5,40,00,000",65.80%,2011
85,Tinker Tailor Soldier Spy,"8,12,44,605","2,41,49,393",29.70%,"5,70,95,212",70.30%,2011
86,Priest,"7,83,09,505","2,91,37,000",37.20%,"4,91,72,505",62.80%,2011
87,The Ides of March,"7,63,38,111","4,09,62,534",53.70%,"3,53,75,577",46.30%,2011
88,Drive,"7,62,80,348","3,50,61,555",46%,"4,12,18,793",54%,2011
89,The Mechanic,"7,61,30,093","2,91,21,498",38.30%,"4,70,08,595",61.70%,2011
90,The Change0Up,"7,54,50,437","3,70,81,475",49.10%,"3,83,68,962",50.90%,2011
91,Larry Crowne,"7,50,55,070","3,56,08,245",47.40%,"3,94,46,825",52.60%,2011
92,Diary of a Wimpy Kid: Rodrick Rules,"7,25,26,996","5,26,98,535",72.70%,"1,98,28,461",27.30%,2011
93,The Dilemma,"6,97,21,966","4,84,75,290",69.50%,"2,12,46,676",30.50%,2011
94,Something Borrowed,"6,51,00,369","3,90,46,489",60%,"2,60,53,880",40%,2011
95,The Darkest Hour,"6,46,26,786","2,14,43,494",33.20%,"4,31,83,292",66.80%,2011
96,Hanna,"6,37,82,078","4,02,59,119",63.10%,"2,35,22,959",36.90%,2011
97,Footloose 2011 Re0release,"6,35,43,328","5,18,02,742",81.50%,"1,17,40,586",18.50%,2011
98,Conan the Barbarian,"6,35,23,283","2,12,95,021",33.50%,"4,22,28,262",66.50%,2011
99,Colombiana,"6,34,58,440","3,66,65,854",57.80%,"2,67,92,586",42.20%,2011
100,From Up on Poppy Hill,"6,14,59,425","10,02,895",1.60%,"6,04,56,530",98.40%,2011
101,What a Beautiful Day,"6,06,61,950",0,0,"6,06,61,950",100%,2011
102,One Day,"5,93,89,433","1,38,43,771",23.30%,"4,55,45,662",76.70%,2011
103,The Tree of Life,"5,83,85,840","1,33,03,319",22.80%,"4,50,82,521",77.20%,2011
104,Beginning of the Great Revival,"5,83,09,289","1,51,000",0.30%,"5,81,58,289",99.70%,2011
105,Killer Elite,"5,70,84,522","2,51,24,966",44%,"3,19,59,556",56%,2011
106,Gekijouban Tenpesuto 3D,"5,70,82,491",0,0,"5,70,82,491",100%,2011
107,Silent Hill: Revelation,"5,53,62,705","1,75,29,157",31.70%,"3,78,33,548",68.30%,2011
108,Extremely Loud & Incredibly Close,"5,52,47,881","3,18,47,881",57.60%,"2,34,00,000",42.40%,2011
109,Madea's Big Happy Family,"5,41,61,287","5,33,45,287",98.50%,"8,16,000",1.50%,2011
110,A Ghost of a Chance,"5,39,82,636",0,0,"5,39,82,636",100%,2011
111,Sunny,"5,11,16,421",0,0,"5,11,16,421",100%,2011
112,War of the Arrows,"5,05,87,661","2,51,200",0.50%,"5,03,36,461",99.50%,2011
113,Kokowääh,"5,04,47,784",0,0,"5,04,47,784",100%,2011
114,Winnie the Pooh,"4,98,71,429","2,66,92,846",53.50%,"2,31,78,583",46.50%,2011
115,Arthur,"4,81,47,945","3,30,35,397",68.60%,"1,51,12,548",31.40%,2011
116,Soul Surfer,"4,71,20,948","4,38,53,424",93.10%,"32,67,524",6.90%,2011
117,The Debt,"4,56,36,368","3,11,77,548",68.30%,"1,44,58,820",31.70%,2011
118,Beastly,"4,32,02,283","2,78,65,571",64.50%,"1,53,36,712",35.50%,2011
119,Detective Conan: Quarter of Silence,"4,28,08,575",0,0,"4,28,08,575",100%,2011
120,Shaolin,"4,27,41,494","66,099",0.20%,"4,26,75,395",99.80%,2011
121,Born to Be Wild,"4,16,44,475","2,59,78,556",62.40%,"1,56,65,919",37.60%,2011
122,Shark Night,"4,13,63,927","1,88,77,153",45.60%,"2,24,86,774",54.40%,2011
123,50/50,"4,10,97,853","3,50,14,192",85.20%,"60,83,661",14.80%,2011
124,Fright Night,"4,10,02,607","1,83,02,607",44.60%,"2,27,00,000",55.40%,2011
125,Drive Angry,"4,09,09,909","1,07,21,033",26.20%,"3,01,88,876",73.80%,2011
126,30 Minutes or Less,"4,06,62,632","3,70,53,924",91.10%,"36,08,708",8.90%,2011
127,Gantz,"4,05,68,961",0,0,"4,05,68,961",100%,2011
128,The Roommate,"4,04,92,652","3,73,00,000",92.10%,"31,92,652",7.90%,2011
129,SP: The Motion Picture II,"4,02,55,101",0,0,"4,02,55,101",100%,2011
130,Dream House,"3,99,84,400","2,13,02,340",53.30%,"1,86,82,060",46.70%,2011
131,Monte Carlo,"3,97,82,683","2,31,86,769",58.30%,"1,65,95,914",41.70%,2011
132,Kaibutsu0kun: The Movie,"3,97,66,344",0,0,"3,97,66,344",100%,2011
133,Mars Needs Moms,"3,92,33,678","2,13,92,758",54.50%,"1,78,40,920",45.50%,2011
134,The Crown Jewels,"3,90,00,000",0,0,"3,90,00,000",100%,2011
135,Don't Be Afraid of the Dark,"3,82,69,529","2,40,46,682",62.80%,"1,42,22,847",37.20%,2011
136,Jumping the Broom,"3,81,58,601","3,72,95,394",97.70%,"8,63,207",2.30%,2011
137,One for the Money,"3,80,80,789","2,64,14,527",69.40%,"1,16,66,262",30.60%,2011
138,The Eagle,"3,79,89,684","1,94,90,041",51.30%,"1,84,99,643",48.70%,2011
139,A Very Harold & Kumar Christmas,"3,61,92,775","3,50,61,031",96.90%,"11,31,744",3.10%,2011
140,Ra.One,"3,59,11,689","25,11,689",7%,"3,34,00,000",93%,2011
141,Courageous,"3,51,85,884","3,45,22,221",98.10%,"6,63,663",1.90%,2011
142,My Week with Marilyn,"3,50,57,696","1,46,00,347",41.60%,"2,04,57,349",58.40%,2011
143,The Sitter,"3,49,42,188","3,04,41,326",87.10%,"45,00,862",12.90%,2011
144,Jane Eyre,"3,47,10,627","1,12,42,660",32.40%,"2,34,67,967",67.60%,2011
145,The Skin I Live In,"3,36,78,406","31,85,812",9.50%,"3,04,92,594",90.50%,2011
146,Gantz: Perfect Answer,"3,36,72,515",0,0,"3,36,72,515",100%,2011
147,Punch,"3,35,56,725",0,0,"3,35,56,725",100%,2011
148,Detective K: Secret of Virtuous Widow,"3,23,58,664",0,0,"3,23,58,664",100%,2011
149,Bodyguard,"3,15,16,209","18,34,384",5.80%,"2,96,81,825",94.20%,2011
150,The Thing,"3,15,05,287","1,69,28,670",53.70%,"1,45,76,617",46.30%,2011
151,I Don't Know How She Does It,"3,14,10,151","96,62,284",30.80%,"2,17,47,867",69.20%,2011
152,"All's Well, Ends Well 2011","3,13,35,572",0,0,"3,13,35,572",100%,2011
153,Vysotsky. Thank You for Being Alive,"3,10,16,553",0,0,"3,10,16,553",100%,2011
154,Silenced,"3,09,96,130",0,0,"3,09,96,130",100%,2011
155,African Cats,"3,08,57,747","1,54,28,747",50%,"1,54,29,000",50%,2011
156,A Dangerous Method,"3,05,19,436","57,04,709",18.70%,"2,48,14,727",81.30%,2011
157,What's Your Number?,"3,04,26,096","1,40,11,084",46%,"1,64,15,012",54%,2011
158,Doraemon: Nobita and the New Steel Troops: ~Winged Angels~,"3,02,36,973",0,0,"3,02,36,973",100%,2011
159,Eternal Moment,"3,01,86,159",0,0,"3,01,86,159",100%,2011
160,The Rum Diary,"3,01,34,958","1,31,09,815",43.50%,"1,70,25,143",56.50%,2011
161,My Own Swordsman,"3,00,82,188",0,0,"3,00,82,188",100%,2011
162,Carnage,"3,00,35,601","25,47,047",8.50%,"2,74,88,554",91.50%,2011
163,You Are the Apple of My Eye,"2,98,43,025",0,0,"2,98,43,025",100%,2011
164,Torrente 4: Lethal Crisis,"2,97,37,384",0,0,"2,97,37,384",100%,2011
165,The Sorcerer and the White Snake,"2,96,49,716",0,0,"2,96,49,716",100%,2011
166,Unfair: The Answer,"2,91,66,054",0,0,"2,91,66,054",100%,2011
167,Dragon,"2,91,40,858",0,0,"2,91,40,858",100%,2011
168,Yolki 2,"2,87,19,002",0,0,"2,87,19,002",100%,2011
169,Your Highness,"2,80,13,733","2,15,96,445",77.10%,"64,17,288",22.90%,2011
170,Love Strikes!,"2,77,07,149",0,0,"2,77,07,149",100%,2011
171,The Women on the 6th Floor,"2,75,33,970","7,19,823",2.60%,"2,68,14,147",97.40%,2011
172,Letters to Santa,"2,69,23,513",0,0,"2,69,23,513",100%,2011
173,A Monster in Paris,"2,67,10,392",0,0,"2,67,10,392",100%,2011
174,Ivan Tsarevich & the Grey Wolf,"2,64,20,475",0,0,"2,64,20,475",100%,2011
175,Apollo 18,"2,62,36,153","1,76,87,709",67.40%,"85,48,444",32.60%,2011
176,Our Idiot Brother,"2,58,04,448","2,48,16,118",96.20%,"9,88,330",3.80%,2011
177,Eyyvah Eyvah 2,"2,47,92,348",0,0,"2,47,92,348",100%,2011
178,Ready,"2,46,63,361","9,55,148",3.90%,"2,37,08,213",96.10%,2011
179,In His Chart,"2,33,84,864",0,0,"2,33,84,864",100%,2011
180,Warrior,"2,33,08,615","1,36,57,115",58.60%,"96,51,500",41.40%,2011
181,Hoodwinked Too! Hood vs. Evil,"2,31,67,844","1,01,43,779",43.80%,"1,30,24,065",56.20%,2011
182,Young Adult,"2,29,39,027","1,63,11,571",71.10%,"66,27,456",28.90%,2011
183,Andalucia: Revenge of the Goddess,"2,29,29,221",0,0,"2,29,29,221",100%,2011
184,A Separation,"2,29,26,076","70,99,055",31%,"1,58,27,021",69%,2011
185,Qualunquemente,"2,28,62,029",0,0,"2,28,62,029",100%,2011
186,Friends: Naki on the Monster Island,"2,25,37,428",0,0,"2,25,37,428",100%,2011
187,Kamen Rider OOO Wonderful: The Shogun and the 21 Core Medals,"2,23,13,925",0,0,"2,23,13,925",100%,2011
188,Gooische vrouwen,"2,21,94,574",0,0,"2,21,94,574",100%,2011
189,The Immature,"2,18,58,834",0,0,"2,18,58,834",100%,2011
190,Pleasant Goat and Big Big Wolf 3,"2,18,47,806",0,0,"2,18,47,806",100%,2011
191,Quick,"2,15,61,934",0,0,"2,15,61,934",100%,2011
192,K0On! The Movie,"2,14,34,003",0,0,"2,14,34,003",100%,2011
193,Red Dog,"2,11,85,162",0,0,"2,11,85,162",100%,2011
194,Vicky and the Treasure of the Gods,"2,07,96,153",0,0,"2,07,96,153",100%,2011
195,The Front Line,"2,06,29,645","11,018",0,"2,06,18,627",99.90%,2011
196,Polisse,"2,05,90,872","2,11,440",1%,"2,03,79,432",99%,2011
197,Hollywoo,"2,05,87,850",0,0,"2,05,87,850",100%,2011
198,Scabbard Samurai,"2,02,51,745",0,0,"2,02,51,745",100%,2011
199,Kaiji 2: The Ultimate Gambler,"1,99,71,259",0,0,"1,99,71,259",100%,2011
0,The Avengers,"1,51,88,12,988","62,33,57,910",41%,"89,54,55,078",59%,2012
1,Skyfall,"1,10,85,61,013","30,43,60,277",27.50%,"80,42,00,736",72.50%,2012
2,The Dark Knight Rises,"1,08,49,39,099","44,81,39,099",41.30%,"63,68,00,000",58.70%,2012
3,The Hobbit: An Unexpected Journey,"1,01,70,03,568","30,30,03,568",29.80%,"71,40,00,000",70.20%,2012
4,Ice Age: Continental Drift,"87,72,44,782","16,13,21,843",18.40%,"71,59,22,939",81.60%,2012
5,The Twilight Saga: Breaking Dawn 0 Part 2,"82,97,46,820","29,23,24,737",35.20%,"53,74,22,083",64.80%,2012
6,The Amazing Spider0Man,"75,79,30,663","26,20,30,663",34.60%,"49,59,00,000",65.40%,2012
7,Madagascar 3: Europe's Most Wanted,"74,69,21,274","21,63,91,482",29%,"53,05,29,792",71%,2012
8,The Hunger Games,"69,43,94,724","40,80,10,692",58.80%,"28,63,84,032",41.20%,2012
9,Men in Black³,"65,42,13,485","17,90,20,854",27.40%,"47,51,92,631",72.60%,2012
10,Life of Pi,"60,90,16,565","12,49,87,023",20.50%,"48,40,29,542",79.50%,2012
11,Ted,"54,93,68,315","21,88,15,487",39.80%,"33,05,52,828",60.20%,2012
12,Brave,"53,89,83,207","23,72,83,207",44%,"30,17,00,000",56%,2012
13,Wreck0It Ralph,"47,12,22,889","18,94,22,889",40.20%,"28,18,00,000",59.80%,2012
14,Les Misérables,"44,22,99,309","14,88,09,770",33.60%,"29,34,89,539",66.40%,2012
15,Django Unchained,"42,53,68,238","16,28,05,434",38.30%,"26,25,62,804",61.70%,2012
16,Prometheus,"40,33,54,469","12,64,77,084",31.40%,"27,68,77,385",68.60%,2012
17,Snow White and the Huntsman,"39,65,92,829","15,53,32,381",39.20%,"24,12,60,448",60.80%,2012
18,Taken 2,"37,61,41,306","13,98,54,287",37.20%,"23,62,87,019",62.80%,2012
19,Hotel Transylvania,"35,83,75,603","14,83,13,048",41.40%,"21,00,62,555",58.60%,2012
20,Titanic 2012 3D Release,"35,04,49,521","5,78,84,114",16.50%,"29,25,65,407",83.50%,2012
21,The Lorax,"34,89,61,366","21,41,51,550",61.40%,"13,48,09,816",38.60%,2012
22,Journey 2: The Mysterious Island,"33,52,60,290","10,38,60,290",31%,"23,14,00,000",69%,2012
23,The Expendables 2,"31,49,75,955","8,50,28,192",27%,"22,99,47,763",73%,2012
24,Rise of the Guardians,"30,69,41,670","10,34,12,758",33.70%,"20,35,28,912",66.30%,2012
25,Battleship,"30,30,25,485","6,54,22,625",21.60%,"23,76,02,860",78.40%,2012
26,Wrath of the Titans,"30,19,70,083","8,36,70,083",27.70%,"21,83,00,000",72.30%,2012
27,John Carter,"28,41,39,100","7,30,78,100",25.70%,"21,10,61,000",74.30%,2012
28,The Bourne Legacy,"27,61,44,750","11,32,03,870",41%,"16,29,40,880",59%,2012
29,Lincoln,"27,52,93,450","18,22,07,973",66.20%,"9,30,85,477",33.80%,2012
30,We're the Millers,"26,99,94,119","15,03,94,119",55.70%,"11,96,00,000",44.30%,2012
31,Dark Shadows,"24,55,27,149","7,97,27,149",32.50%,"16,58,00,000",67.50%,2012
32,Resident Evil: Retribution,"24,01,59,255","4,23,45,531",17.60%,"19,78,13,724",82.40%,2012
33,Silver Linings Playbook,"23,64,12,453","13,20,92,958",55.90%,"10,43,19,495",44.10%,2012
34,American Reunion,"23,49,89,584","5,70,11,521",24.30%,"17,79,78,063",75.70%,2012
35,Argo,"23,23,25,503","13,60,25,503",58.50%,"9,63,00,000",41.50%,2012
36,Jack Reacher,"21,83,40,595","8,00,70,736",36.70%,"13,82,69,859",63.30%,2012
37,Safe House,"20,80,76,205","12,63,73,434",60.70%,"8,17,02,771",39.30%,2012
38,21 Jump Street,"20,15,85,328","13,84,47,667",68.70%,"6,31,37,661",31.30%,2012
39,Total Recall,"19,84,67,168","5,88,77,969",29.70%,"13,95,89,199",70.30%,2012
40,The Impossible,"19,80,87,212","1,90,19,882",9.60%,"17,90,67,330",90.40%,2012
41,Lost in Thailand,"19,77,57,387","57,387",0,"19,77,00,000",100%,2012
42,The Vow,"19,61,14,570","12,50,14,030",63.70%,"7,11,00,540",36.30%,2012
43,Mirror Mirror,"18,30,18,522","6,49,35,167",35.50%,"11,80,83,355",64.50%,2012
44,The Dictator,"17,93,79,533","5,96,50,222",33.30%,"11,97,29,311",66.70%,2012
45,Looper,"17,65,06,819","6,64,86,205",37.70%,"11,00,20,614",62.30%,2012
46,Chinese Zodiac,"17,05,25,083",0,0,"17,05,25,083",100%,2012
47,Magic Mike,"16,72,21,571","11,37,21,571",68%,"5,35,00,000",32%,2012
48,Flight,"16,17,72,375","9,37,72,375",58%,"6,80,00,000",42%,2012
49,Underworld: Awakening,"16,01,12,671","6,23,21,039",38.90%,"9,77,91,632",61.10%,2012
50,This Means War,"15,64,91,279","5,47,60,791",35%,"10,17,30,488",65%,2012
51,Paranormal Activity 4,"14,28,02,657","5,38,85,000",37.70%,"8,89,17,657",62.30%,2012
52,Step Up Revolution,"14,04,70,746","3,50,74,677",25%,"10,53,96,069",75%,2012
53,The Best Exotic Marigold Hotel,"13,68,36,156","4,64,12,041",33.90%,"9,04,24,115",66.10%,2012
54,The Wind Rises,"13,64,83,439","52,09,580",3.80%,"13,12,73,859",96.20%,2012
55,Last Vegas,"13,44,02,450","6,39,14,167",47.60%,"7,04,88,283",52.40%,2012
56,Zero Dark Thirty,"13,28,20,716","9,57,20,716",72.10%,"3,71,00,000",27.90%,2012
57,Ghost Rider: Spirit of Vengeance,"13,25,63,930","5,17,74,002",39.10%,"8,07,89,928",60.90%,2012
58,Cloud Atlas,"13,04,82,868","2,71,08,272",20.80%,"10,33,74,596",79.20%,2012
59,The Woman in Black,"12,89,55,898","5,43,33,290",42.10%,"7,46,22,608",57.90%,2012
60,Chronicle,"12,66,36,097","6,45,75,175",51%,"6,20,60,922",49%,2012
61,Walking with Dinosaurs 3D,"12,65,46,518","3,60,76,121",28.50%,"9,04,70,397",71.50%,2012
62,The Pirates! Band of Misfits,"12,30,54,041","3,10,51,126",25.20%,"9,20,02,915",74.80%,2012
63,Parental Guidance,"11,97,72,232","7,72,67,296",64.50%,"4,25,04,936",35.50%,2012
64,Abraham Lincoln: Vampire Hunter,"11,64,71,580","3,75,19,139",32.20%,"7,89,52,441",67.80%,2012
65,Pitch Perfect,"11,53,50,426","6,50,01,093",56.40%,"5,03,49,333",43.60%,2012
66,Hope Springs,"11,42,81,051","6,35,36,011",55.60%,"5,07,45,040",44.40%,2012
67,ParaNorman,"10,71,39,399","5,60,03,051",52.30%,"5,11,36,348",47.70%,2012
68,The Campaign,"10,49,07,746","8,69,07,746",82.80%,"1,80,00,000",17.20%,2012
69,Star Wars: Episode I 0 The Phantom Menace 2012 3D Release,"10,27,41,546","4,34,58,335",42.30%,"5,92,83,211",57.70%,2012
70,Project X,"10,27,31,865","5,47,31,865",53.30%,"4,80,00,000",46.70%,2012
71,The Devil Inside,"10,17,58,490","5,32,61,944",52.30%,"4,84,96,546",47.70%,2012
72,The Lucky One,"9,93,57,138","6,04,57,138",60.80%,"3,89,00,000",39.20%,2012
73,Contraband,"9,62,62,212","6,65,28,000",69.10%,"2,97,34,212",30.90%,2012
74,Think Like a Man,"9,60,70,507","9,15,47,205",95.30%,"45,23,302",4.70%,2012
75,Masquerade,"9,42,68,432","9,22,921",1%,"9,33,45,511",99%,2012
76,Brave Hearts: Umizaru,"9,18,84,352",0,0,"9,18,84,352",100%,2012
77,This Is 40,"8,82,15,156","6,75,44,505",76.60%,"2,06,70,651",23.40%,2012
78,The Thieves,"8,71,26,367","6,85,839",0.80%,"8,64,40,528",99.20%,2012
79,The Possession,"8,54,46,075","4,91,30,154",57.50%,"3,63,15,921",42.50%,2012
80,What to Expect When You're Expecting,"8,43,84,002","4,11,52,203",48.80%,"4,32,31,799",51.20%,2012
81,Savages,"8,29,66,152","4,73,82,068",57.10%,"3,55,84,084",42.90%,2012
82,Sinister,"8,25,15,113","4,80,86,903",58.30%,"3,44,28,210",41.70%,2012
83,Act of Valor,"8,24,97,035","7,00,12,847",84.90%,"1,24,84,188",15.10%,2012
84,Frankenweenie,"8,14,91,068","3,52,91,068",43.30%,"4,62,00,000",56.70%,2012
85,The Grey,"7,97,81,695","5,15,80,236",64.70%,"2,82,01,459",35.30%,2012
86,Diary of a Wimpy Kid: Dog Days,"7,72,29,695","4,90,08,662",63.50%,"2,82,21,033",36.50%,2012
87,Thermae Romae,"7,42,85,251",0,0,"7,42,85,251",100%,2012
88,One Piece Film Z,"7,42,23,861",0,0,"7,42,23,861",100%,2012
89,To Rome with Love,"7,32,44,881","1,66,85,867",22.80%,"5,65,59,014",77.20%,2012
90,Here Comes the Boom,"7,31,00,172","4,52,90,318",62%,"2,78,09,854",38%,2012
91,Bayside Shakedown the Final,"7,28,67,395",0,0,"7,28,67,395",100%,2012
92,The Cabin in the Woods,"6,99,35,600","4,20,73,277",60.20%,"2,78,62,323",39.80%,2012
93,Finding Nemo 2012 3D Release,"6,93,28,283","4,11,28,283",59.30%,"2,82,00,000",40.70%,2012
94,Anna Karenina,"6,89,29,150","1,28,16,367",18.60%,"5,61,12,783",81.40%,2012
95,The Watch,"6,82,67,862","3,53,53,000",51.80%,"3,29,14,862",48.20%,2012
96,Moonrise Kingdom,"6,82,63,166","4,55,12,466",66.70%,"2,27,50,700",33.30%,2012
97,The Secret of the Gods,"6,75,37,798",0,0,"6,75,37,798",100%,2012
98,Madea's Witness Protection,"6,68,99,242","6,56,53,242",98.10%,"12,46,000",1.90%,2012
99,Beauty and the Beast 2012 3D Release,"6,20,08,601","4,76,17,067",76.80%,"1,43,91,534",23.20%,2012
100,Astérix and Obélix: God Save Britannia,"6,13,19,383",0,0,"6,13,19,383",100%,2012
101,Evangelion: 3.0 You Can (Not) Redo,"6,04,88,344","1,74,945",0.30%,"6,03,13,399",99.70%,2012
102,Quartet,"5,95,20,298","1,83,90,117",30.90%,"4,11,30,181",69.10%,2012
103,Rock of Ages,"5,94,18,613","3,85,18,613",64.80%,"2,09,00,000",35.20%,2012
104,That's My Boy,"5,77,19,093","3,69,31,089",64%,"2,07,88,004",36%,2012
105,The Odd Life of Timothy Green,"5,60,12,642","5,18,54,875",92.60%,"41,57,767",7.40%,2012
106,Lawless,"5,54,04,159","3,74,00,127",67.50%,"1,80,04,032",32.50%,2012
107,End of Watch,"5,50,78,146","4,10,03,371",74.40%,"1,40,74,775",25.60%,2012
108,Wolf Children,"5,49,84,346",0,0,"5,49,84,346",100%,2012
109,The Three Stooges,"5,48,19,301","4,43,38,224",80.90%,"1,04,81,077",19.10%,2012
110,The Five0Year Engagement,"5,41,69,363","2,88,35,528",53.20%,"2,53,33,835",46.80%,2012
111,Red Dawn,"5,09,50,296","4,48,06,783",87.90%,"61,43,513",12.10%,2012
112,Red Tails,"5,03,65,498","4,98,76,377",99%,"4,89,121",1%,2012
113,"Monsters, Inc. 2012 3D Release","5,02,07,820","3,40,43,006",67.80%,"1,61,64,814",32.20%,2012
114,HOUBA! On the Trail of the Marsupilami,"5,01,46,474",0,0,"5,01,46,474",100%,2012
115,Tad: The Lost Explorer,"4,94,91,464",0,0,"4,94,91,464",100%,2012
116,A Turtle's Tale 2: Sammy's Escape from Paradise,"4,92,61,830",0,0,"4,92,61,830",100%,2012
117,Trouble with the Curve,"4,89,63,137","3,57,63,137",73%,"1,32,00,000",27%,2012
118,Man on a Ledge,"4,76,36,031","1,86,20,000",39.10%,"2,90,16,031",60.90%,2012
119,A Werewolf Boy,"4,62,82,588","3,42,922",0.70%,"4,59,39,666",99.30%,2012
120,Doraemon: Nobita and the Island of Miracles ~Animal Adventure~,"4,61,80,706",0,0,"4,61,80,706",100%,2012
121,Gekijouban Tenpesuto 3D 2012 Re0release,"4,60,08,255",0,0,"4,60,08,255",100%,2012
122,Detective Conan: The Eleventh Striker,"4,43,69,456",0,0,"4,43,69,456",100%,2012
123,House at the End of the Street,"4,42,87,131","3,16,11,916",71.40%,"1,26,75,215",28.60%,2012
124,The Guilt Trip,"4,18,63,726","3,71,34,215",88.70%,"47,29,511",11.30%,2012
125,Safe,"4,15,64,670","1,71,42,080",41.20%,"2,44,22,590",58.80%,2012
126,Dredd,"4,10,37,742","1,34,14,714",32.70%,"2,76,23,028",67.30%,2012
127,La vérité si je mens! 3,"4,09,28,635",0,0,"4,09,28,635",100%,2012
128,Always: Sunset on Third Street '64,"4,09,23,305",0,0,"4,09,23,305",100%,2012
129,Chernobyl Diaries,"3,83,90,020","1,81,19,640",47.20%,"2,02,70,380",52.80%,2012
130,Killing Them Softly,"3,79,30,465","1,50,26,056",39.60%,"2,29,04,409",60.40%,2012
131,Rurouni Kenshin Part I: Origins,"3,76,54,579",0,0,"3,76,54,579",100%,2012
132,The Tower,"3,65,12,327",0,0,"3,65,12,327",100%,2012
133,Conquest 1453,"3,57,97,045","35,730",0,"3,57,61,315",99.90%,2012
134,Good Deeds,"3,55,79,177","3,50,25,791",98.40%,"5,53,386",1.60%,2012
135,Arbitrage,"3,54,85,056","79,19,574",22.30%,"2,75,65,482",77.70%,2012
136,Welcome to the North,"3,49,95,189",0,0,"3,49,95,189",100%,2012
137,Chimpanzee,"3,48,23,764","2,89,72,764",83.20%,"58,51,000",16.80%,2012
138,Alex Cross,"3,46,18,867","2,58,88,412",74.80%,"87,30,455",25.20%,2012
139,Salmon Fishing in the Yemen,"3,45,64,651","90,47,981",26.20%,"2,55,16,670",73.80%,2012
140,Haywire,"3,45,13,760","1,89,42,396",54.90%,"1,55,71,364",45.10%,2012
141,Adventures in Zambezia,"3,44,28,345",0,0,"3,44,28,345",100%,2012
142,Cirque du Soleil: Worlds Away,"3,41,53,101","1,25,12,862",36.60%,"2,16,40,239",63.40%,2012
143,Three Heroes on Distant Shores,"3,36,74,759",0,0,"3,36,74,759",100%,2012
144,2016: Obama's America,"3,34,49,086","3,34,49,086",100%,0,0,2012
145,The Perks of Being a Wallflower,"3,33,84,127","1,77,42,948",53.10%,"1,56,41,179",46.90%,2012
146,Lockout,"3,29,48,113","1,43,26,864",43.50%,"1,86,21,249",56.50%,2012
147,Bait,"3,28,13,407",0,0,"3,28,13,407",100%,2012
148,Katy Perry: Part of Me,"3,27,26,956","2,53,26,071",77.40%,"74,00,885",22.60%,2012
149,Nameless Gangster: Rules of the Time,"3,24,72,645",0,0,"3,24,72,645",100%,2012
150,Movie 43,"3,24,38,988","88,40,453",27.30%,"2,35,98,535",72.70%,2012
151,The Floating Castle,"3,19,67,471",0,0,"3,19,67,471",100%,2012
152,The Neighbors,"3,19,49,315",0,0,"3,19,49,315",100%,2012
153,The Dream Team,"3,18,22,402",0,0,"3,18,22,402",100%,2012
154,What's in a Name?,"3,13,03,580","8,111",0,"3,12,95,469",100%,2012
155,Joyful Noise,"3,11,58,113","3,09,32,113",99.30%,"2,26,000",0.70%,2012
156,Premium Rush,"3,10,83,599","2,02,75,446",65.20%,"1,08,08,153",34.80%,2012
157,Playing for Keeps,"3,09,62,335","1,31,03,272",42.30%,"1,78,59,063",57.70%,2012
158,The Four,"3,05,05,808",0,0,"3,05,05,808",100%,2012
159,The Grand Heist,"3,01,58,762",0,0,"3,01,58,762",100%,2012
160,The Raven,"2,96,99,345","1,60,08,272",53.90%,"1,36,91,073",46.10%,2012
161,Amour,"2,96,52,180","67,39,492",22.70%,"2,29,12,688",77.30%,2012
162,All About My Wife,"2,93,82,038",0,0,"2,93,82,038",100%,2012
163,Seven Psychopaths,"2,93,47,202","1,50,24,049",51.20%,"1,43,23,153",48.80%,2012
164,Rowdy Rathore,"2,93,42,463","7,77,373",2.60%,"2,85,65,090",97.40%,2012
165,SPEC: Heaven,"2,90,23,960",0,0,"2,90,23,960",100%,2012
166,We Were There: True Love,"2,88,76,929",0,0,"2,88,76,929",100%,2012
167,Bol Bachchan,"2,87,75,262","12,16,258",4.20%,"2,75,59,004",95.80%,2012
168,Deranged,"2,84,44,173",0,0,"2,84,44,173",100%,2012
169,The Master,"2,82,58,060","1,63,77,274",58%,"1,18,80,786",42%,2012
170,Hitchcock,"2,70,39,669","60,08,677",22.20%,"2,10,30,992",77.80%,2012
171,Dearest,"2,67,23,916",0,0,"2,67,23,916",100%,2012
172,Architecture 101,"2,66,42,354",0,0,"2,66,42,354",100%,2012
173,Dancing Queen,"2,64,11,266",0,0,"2,64,11,266",100%,2012
174,Lesson of the Evil,"2,61,67,224",0,0,"2,61,67,224",100%,2012
175,Agneepath,"2,60,01,696","19,86,748",7.60%,"2,40,14,948",92.40%,2012
176,Rust and Bone,"2,58,07,712","20,62,027",8%,"2,37,45,685",92%,2012
177,Head Over Heels 2,"2,54,02,893",0,0,"2,54,02,893",100%,2012
178,On the Other Side of the Tracks,"2,51,09,572","9,572",0,"2,51,00,000",100%,2012
179,Helter Skelter,"2,50,66,699",0,0,"2,50,66,699",100%,2012
180,The Last Tycoon,"2,50,09,914",0,0,"2,50,09,914",100%,2012
181,Housefull 2,"2,49,22,847","17,91,780",7.20%,"2,31,31,067",92.80%,2012
182,Big Miracle,"2,47,19,215","2,01,57,300",81.50%,"45,61,915",18.50%,2012
183,Sparkle,"2,46,37,800","2,43,97,469",99%,"2,40,331",1%,2012
184,The Players,"2,46,29,152","10,854",0,"2,46,18,298",100%,2012
185,Liar Game: Reborn,"2,45,49,726",0,0,"2,45,49,726",100%,2012
186,I Want You,"2,39,61,214",0,0,"2,39,61,214",100%,2012
187,Turkish for Beginners,"2,39,52,712",0,0,"2,39,52,712",100%,2012
188,Wanderlust,"2,38,12,816","1,74,50,535",73.30%,"63,62,281",26.70%,2012
189,"Little Brother, Big Trouble: A Christmas Adventure","2,37,85,681",0,0,"2,37,85,681",100%,2012
190,To the Arctic 3D,"2,36,95,388","1,45,60,838",61.50%,"91,34,550",38.50%,2012
191,Hotaru the Movie: It's Only a Little Light in My Life,"2,29,75,341",0,0,"2,29,75,341",100%,2012
192,Kon0Tiki,"2,28,42,887","15,17,410",6.60%,"2,13,25,477",93.40%,2012
193,Fall in Love Like a Star,"2,26,40,355",0,0,"2,26,40,355",100%,2012
194,Upside Down,"2,21,87,813","1,05,095",0.50%,"2,20,82,718",99.50%,2012
195,Unbowed,"2,21,32,903",0,0,"2,21,32,903",100%,2012
196,Confession of Murder,"2,17,01,525",0,0,"2,17,01,525",100%,2012
197,StreetDance 2 2012 Re0release,"2,16,38,853",0,0,"2,16,38,853",100%,2012
198,2012 2012 Re0release,"2,15,38,353",0,0,"2,15,38,353",100%,2012
199,Beasts of the Southern Wild,"2,11,07,746","1,27,95,746",60.60%,"83,12,000",39.40%,2012
0,Frozen,"1,28,08,02,282","40,07,38,009",31.30%,"88,00,64,273",68.70%,2013
1,Iron Man 3,"1,21,48,11,252","40,90,13,994",33.70%,"80,57,97,258",66.30%,2013
2,Despicable Me 2,"97,07,66,005","36,80,65,385",37.90%,"60,27,00,620",62.10%,2013
3,The Hobbit: The Desolation of Smaug,"95,83,66,855","25,83,66,855",27%,"70,00,00,000",73%,2013
4,The Hunger Games: Catching Fire,"86,50,11,746","42,46,68,047",49.10%,"44,03,43,699",50.90%,2013
5,Fast & Furious 6,"78,86,79,850","23,86,79,850",30.30%,"55,00,00,000",69.70%,2013
6,Monsters University,"74,35,59,607","26,84,92,764",36.10%,"47,50,66,843",63.90%,2013
7,Gravity,"72,31,92,705","27,40,92,705",37.90%,"44,91,00,000",62.10%,2013
8,Man of Steel,"67,01,45,518","29,10,45,518",43.40%,"37,91,00,000",56.60%,2013
9,Thor: The Dark World,"64,47,83,140","20,63,62,140",32%,"43,84,21,000",68%,2013
10,The Croods,"58,72,04,668","18,71,68,425",31.90%,"40,00,36,243",68.10%,2013
11,World War Z,"54,00,07,876","20,23,59,711",37.50%,"33,76,48,165",62.50%,2013
12,Oz the Great and Powerful,"49,33,11,825","23,49,11,825",47.60%,"25,84,00,000",52.40%,2013
13,Star Trek Into Darkness,"46,73,65,246","22,87,78,661",49%,"23,85,86,585",51%,2013
14,The Wolverine,"41,48,28,246","13,25,56,852",32%,"28,22,71,394",68%,2013
15,Pacific Rim,"41,10,02,906","10,18,02,906",24.80%,"30,92,00,000",75.20%,2013
16,The Wolf of Wall Street,"39,20,00,694","11,69,00,694",29.80%,"27,51,00,000",70.20%,2013
17,G.I. Joe: Retaliation,"37,57,40,705","12,25,23,060",32.60%,"25,32,17,645",67.40%,2013
18,The Hangover Part III,"36,20,00,072","11,22,00,072",31%,"24,98,00,000",69%,2013
19,The Great Gatsby,"35,36,41,895","14,48,40,419",41%,"20,88,01,476",59%,2013
20,Now You See Me,"35,17,23,989","11,77,23,989",33.50%,"23,40,00,000",66.50%,2013
21,The Smurfs 2,"34,75,45,360","7,10,17,784",20.40%,"27,65,27,576",79.60%,2013
22,The Conjuring,"31,94,94,638","13,74,00,141",43%,"18,20,94,497",57%,2013
23,A Good Day to Die Hard,"30,46,54,182","6,73,49,198",22.10%,"23,73,04,984",77.90%,2013
24,Oblivion,"28,61,68,572","8,91,07,235",31.10%,"19,70,61,337",68.90%,2013
25,Elysium,"28,61,40,700","9,30,50,117",32.50%,"19,30,90,583",67.50%,2013
26,Turbo,"28,25,70,682","8,30,28,128",29.40%,"19,95,42,554",70.60%,2013
27,Cloudy with a Chance of Meatballs 2,"27,43,25,949","11,97,93,567",43.70%,"15,45,32,382",56.30%,2013
28,Epic,"26,84,26,634","10,75,18,682",40.10%,"16,09,07,952",59.90%,2013
29,The Lone Ranger,"26,05,02,115","8,93,02,115",34.30%,"17,12,00,000",65.70%,2013
30,American Hustle,"25,11,71,807","15,01,17,807",59.80%,"10,10,54,000",40.20%,2013
31,Grown Ups 2,"24,69,84,278","13,36,68,525",54.10%,"11,33,15,753",45.90%,2013
32,After Earth,"24,36,11,982","6,05,22,097",24.80%,"18,30,89,885",75.20%,2013
33,Planes,"23,92,58,712","9,02,88,712",37.70%,"14,89,70,000",62.30%,2013
34,The Heat,"22,99,30,771","15,95,82,188",69.40%,"7,03,48,583",30.60%,2013
35,Hansel & Gretel: Witch Hunters,"22,63,49,749","5,57,03,475",24.60%,"17,06,46,274",75.40%,2013
36,Captain Phillips,"21,87,91,811","10,71,00,855",49%,"11,16,90,956",51%,2013
37,Journey to the West: Conquering the Demons,"20,56,37,183","18,058",0,"20,56,19,125",100%,2013
38,White House Down,"20,53,66,737","7,31,03,784",35.60%,"13,22,62,953",64.40%,2013
39,Percy Jackson: Sea of Monsters,"19,98,50,315","6,85,59,554",34.30%,"13,12,90,761",65.70%,2013
40,Jack the Giant Slayer,"19,76,87,603","6,51,87,603",33%,"13,25,00,000",67%,2013
41,The Secret Life of Walter Mitty,"18,81,33,322","5,82,36,838",31%,"12,98,96,484",69%,2013
42,12 Years a Slave,"18,77,33,202","5,66,71,993",30.20%,"13,10,61,209",69.80%,2013
43,The Butler,"17,73,13,795","11,66,32,095",65.80%,"6,06,81,700",34.20%,2013
44,Identity Thief,"17,39,65,010","13,45,06,920",77.30%,"3,94,58,090",22.70%,2013
45,Anchorman 2: The Legend Continues,"17,14,64,676","12,51,68,368",73%,"4,62,96,308",27%,2013
46,Olympus Has Fallen,"17,02,70,201","9,89,25,640",58.10%,"7,13,44,561",41.90%,2013
47,Insidious: Chapter 2,"16,19,19,318","8,35,86,447",51.60%,"7,83,32,871",48.40%,2013
48,Lone Survivor,"15,48,02,912","12,50,95,601",80.80%,"2,97,07,311",19.20%,2013
49,Jackass Presents: Bad Grandpa,"15,18,26,547","10,20,03,019",67.20%,"4,98,23,528",32.80%,2013
50,47 Ronin,"15,17,83,839","3,83,62,475",25.30%,"11,34,21,364",74.70%,2013
51,RED 2,"14,80,75,565","5,32,62,560",36%,"9,48,13,005",64%,2013
52,Mama,"14,64,28,180","7,16,28,180",48.90%,"7,48,00,000",51.10%,2013
53,Escape Plan,"13,73,28,301","2,51,35,965",18.30%,"11,21,92,336",81.70%,2013
54,2 Guns,"13,19,40,411","7,56,12,460",57.30%,"5,63,27,951",42.70%,2013
55,This Is the End,"12,60,41,322","10,14,70,202",80.50%,"2,45,71,120",19.50%,2013
56,Ender's Game,"12,55,44,024","6,17,37,191",49.20%,"6,38,06,833",50.80%,2013
57,Prisoners,"12,21,26,687","6,10,02,302",50%,"6,11,24,385",50%,2013
58,Jurassic Park 2013 Re0release,"11,81,92,315","4,53,85,935",38.40%,"7,28,06,380",61.60%,2013
59,Saving Mr. Banks,"11,78,67,984","8,33,01,580",70.70%,"3,45,66,404",29.30%,2013
60,Warm Bodies,"11,69,80,662","6,63,80,662",56.70%,"5,06,00,000",43.30%,2013
61,Personal Tailor,"11,61,26,458","3,75,892",0.30%,"11,57,50,566",99.70%,2013
62,So Young,"11,49,26,694","11,186",0,"11,49,15,508",100%,2013
63,Free Birds,"11,03,87,072","5,57,50,480",50.50%,"5,46,36,592",49.50%,2013
64,Gangster Squad,"10,52,00,903","4,60,00,903",43.70%,"5,92,00,000",56.30%,2013
65,Instructions Not Included,"10,04,86,616","4,44,67,206",44.30%,"5,60,19,410",55.70%,2013
66,Philomena,"10,01,29,872","3,77,09,979",37.70%,"6,24,19,893",62.30%,2013
67,Blue Jasmine,"9,91,04,804","3,34,05,481",33.70%,"6,56,99,323",66.30%,2013
68,Young Detective Dee: Rise of the Sea Dragon,"9,87,74,891","87,783",0,"9,86,87,108",99.90%,2013
69,Riddick,"9,83,37,295","4,20,25,135",42.70%,"5,63,12,160",57.30%,2013
70,Safe Haven,"9,75,94,140","7,13,49,120",73.10%,"2,62,45,020",26.90%,2013
71,Evil Dead,"9,75,42,952","5,42,39,856",55.60%,"4,33,03,096",44.40%,2013
72,42,"9,74,70,701","9,50,20,213",97.50%,"24,50,488",2.50%,2013
73,The Mortal Instruments: City of Bones,"9,53,96,573","3,11,65,421",32.70%,"6,42,31,152",67.30%,2013
74,Rush,"9,52,24,595","2,69,47,624",28.30%,"6,82,76,971",71.70%,2013
75,Police Story: Lockdown,"9,42,49,025",0,0,"9,42,49,025",100%,2013
76,The Internship,"9,34,92,844","4,46,72,764",47.80%,"4,88,20,080",52.20%,2013
77,The Purge,"8,93,28,627","6,44,73,115",72.20%,"2,48,55,512",27.80%,2013
78,Dhoom 3,"8,80,31,955","80,31,955",9.10%,"8,00,00,000",90.90%,2013
79,Pain & Gain,"8,73,05,549","4,98,75,291",57.10%,"3,74,30,258",42.90%,2013
80,About Time,"8,71,00,449","1,53,22,921",17.60%,"7,17,77,528",82.40%,2013
81,American Dreams in China,"8,70,97,067",0,0,"8,70,97,067",100%,2013
82,Snowpiercer,"8,67,58,912","45,63,650",5.30%,"8,21,95,262",94.70%,2013
83,Carrie,"8,47,90,678","3,52,66,619",41.60%,"4,95,24,059",58.40%,2013
84,Finding Mr. Right,"8,41,12,033","6,945",0,"8,41,05,088",100%,2013
85,The Fighter Pilot,"8,28,79,386",0,0,"8,28,79,386",100%,2013
86,Miracle in Cell No. 7,"8,21,01,723",0,0,"8,21,01,723",100%,2013
87,The Attorney,"7,85,47,586","5,57,236",0.70%,"7,79,90,350",99.30%,2013
88,The Family,"7,84,18,811","3,69,18,811",47.10%,"4,15,00,000",52.90%,2013
89,Scary Movie V,"7,83,78,744","3,20,15,787",40.80%,"4,63,62,957",59.20%,2013
90,R.I.P.D.,"7,83,24,220","3,36,18,855",42.90%,"4,47,05,365",57.10%,2013
91,Tiny Times,"7,77,17,014","23,462",0,"7,76,93,552",100%,2013
92,Suck Me Shakespeer,"7,76,76,735",0,0,"7,76,76,735",100%,2013
93,The Book Thief,"7,65,86,316","2,14,88,481",28.10%,"5,50,97,835",71.90%,2013
94,Escape from Planet Earth,"7,45,97,643","5,70,12,977",76.40%,"1,75,84,666",23.60%,2013
95,August: Osage County,"7,41,88,937","3,77,38,810",50.90%,"3,64,50,127",49.10%,2013
96,The Best Man Holiday,"7,28,35,710","7,05,25,195",96.80%,"23,10,515",3.20%,2013
97,The Counselor,"7,10,09,334","1,69,73,715",23.90%,"5,40,35,619",76.10%,2013
98,Sole a catinelle,"6,99,03,094",0,0,"6,99,03,094",100%,2013
99,The Call,"6,85,72,631","5,18,72,378",75.60%,"1,67,00,253",24.40%,2013
100,One Direction: This Is Us,"6,85,32,898","2,88,73,374",42.10%,"3,96,59,524",57.90%,2013
101,Stalingrad,"6,83,16,452","10,13,945",1.50%,"6,73,02,507",98.50%,2013
102,Thunder and the House of Magic,"6,41,97,205","4,091",0,"6,41,93,114",100%,2013
103,The Grandmaster,"6,40,76,736","65,94,959",10.30%,"5,74,81,777",89.70%,2013
104,Side Effects,"6,34,14,135","3,21,72,757",50.70%,"3,12,41,378",49.30%,2013
105,The Host,"6,33,65,859","2,66,27,201",42%,"3,67,38,658",58%,2013
106,Runner Runner,"6,26,75,095","1,93,16,646",30.80%,"4,33,58,449",69.20%,2013
107,The Face Reader,"6,15,59,184","5,15,876",0.80%,"6,10,43,308",99.20%,2013
108,The Legend of Hercules,"6,12,79,452","1,88,48,538",30.80%,"4,24,30,914",69.20%,2013
109,Kick0Ass 2,"6,07,95,985","2,87,95,985",47.40%,"3,20,00,000",52.60%,2013
110,A Haunted House,"6,01,59,584","4,00,41,683",66.60%,"2,01,17,901",33.40%,2013
111,Beautiful Creatures,"6,00,52,138","1,94,52,138",32.40%,"4,06,00,000",67.60%,2013
112,Snitch,"5,78,24,674","4,29,30,462",74.20%,"1,48,94,212",25.80%,2013
113,The Physician,"5,72,84,237",0,0,"5,72,84,237",100%,2013
114,Firestorm,"5,57,54,766",0,0,"5,57,54,766",100%,2013
115,Dallas Buyers Club,"5,51,98,285","2,72,98,285",49.50%,"2,79,00,000",50.50%,2013
116,A Madea Christmas,"5,33,96,635","5,25,43,354",98.40%,"8,53,281",1.60%,2013
117,Temptation: Confessions of a Marriage Counselor,"5,31,43,144","5,19,75,354",97.80%,"11,67,790",2.20%,2013
118,Delivery Man,"5,31,20,346","3,06,64,106",57.70%,"2,24,56,240",42.30%,2013
119,The 100 Year0Old Man Who Climbed Out the Window and Disappeared,"5,11,67,572","9,44,193",1.80%,"5,02,23,379",98.20%,2013
120,Dragon Ball Z: Battle of Gods,"5,04,61,371","25,53,002",5.10%,"4,79,08,369",94.90%,2013
121,The Berlin File,"4,89,72,848","6,65,210",1.40%,"4,83,07,638",98.60%,2013
122,Homefront,"4,84,49,416","2,01,58,898",41.60%,"2,82,90,518",58.40%,2013
123,The Last Stand,"4,83,30,757","1,20,50,299",24.90%,"3,62,80,458",75.10%,2013
124,Her,"4,82,69,269","2,55,68,251",53%,"2,27,01,018",47%,2013
125,21 & Over,"4,80,65,672","2,56,82,380",53.40%,"2,23,83,292",46.60%,2013
126,Texas Chainsaw,"4,73,40,586","3,43,41,945",72.50%,"1,29,98,641",27.50%,2013
127,Tiny Times 2.0,"4,72,89,937","43,788",0,"4,72,46,149",99.90%,2013
128,Switch,"4,71,64,301",0,0,"4,71,64,301",100%,2013
129,The Place Beyond the Pines,"4,70,52,899","2,14,03,519",45.50%,"2,56,49,380",54.50%,2013
130,Parker,"4,69,22,566","1,76,16,641",37.50%,"2,93,05,925",62.50%,2013
131,The Big Wedding,"4,65,22,137","2,18,19,348",46.90%,"2,47,02,789",53.10%,2013
132,Badges of Fury,"4,64,95,296",0,0,"4,64,95,296",100%,2013
133,The World's End,"4,60,89,287","2,60,04,851",56.40%,"2,00,84,436",43.60%,2013
134,Grudge Match,"4,49,07,260","2,98,07,260",66.40%,"1,51,00,000",33.60%,2013
135,The White Storm,"4,46,70,277",0,0,"4,46,70,277",100%,2013
136,Tarzan,"4,40,95,996",0,0,"4,40,95,996",100%,2013
137,Secretly Greatly,"4,34,47,199",0,0,"4,34,47,199",100%,2013
138,"The Chef, The Actor, The Scoundrel","4,29,70,000",0,0,"4,29,70,000",100%,2013
139,Doraemon: Nobita's Secret Gadget Museum,"4,27,70,271",0,0,"4,27,70,271",100%,2013
140,Jobs,"4,21,28,352","1,61,31,410",38.30%,"2,59,96,942",61.70%,2013
141,No Man's Land,"4,18,07,712",0,0,"4,18,07,712",100%,2013
142,Lupin III vs. Detective Conan: The Movie,"4,13,97,727",0,0,"4,13,97,727",100%,2013
143,Yolki 3,"4,02,67,368",0,0,"4,02,67,368",100%,2013
144,Don Jon,"3,94,39,355","2,44,77,704",62.10%,"1,49,61,651",37.90%,2013
145,Antoine and Sebastian,"3,87,19,881",0,0,"3,87,19,881",100%,2013
146,Cold Eyes,"3,77,95,598",0,0,"3,77,95,598",100%,2013
147,"Like Father, Like Son","3,71,70,163","3,34,616",0.90%,"3,68,35,547",99.10%,2013
148,Detective Conan: Private Eye in the Distant Sea,"3,63,24,232",0,0,"3,63,24,232",100%,2013
149,Dügün Dernek,"3,61,85,741",0,0,"3,61,85,741",100%,2013
150,The Terror Live,"3,56,59,824",0,0,"3,56,59,824",100%,2013
151,Hide and Seek,"3,54,61,505",0,0,"3,54,61,505",100%,2013
152,Blind Detective,"3,49,58,596",0,0,"3,49,58,596",100%,2013
153,Broken City,"3,47,37,199","1,97,01,164",56.70%,"1,50,36,035",43.30%,2013
154,Inside Llewyn Davis,"3,29,35,319","1,32,35,319",40.20%,"1,97,00,000",59.80%,2013
155,Serial Teachers,"3,28,49,727",0,0,"3,28,49,727",100%,2013
156,Mud,"3,26,13,173","2,15,90,086",66.20%,"1,10,23,087",33.80%,2013
157,Midsummer's Equation,"3,25,14,549",0,0,"3,25,14,549",100%,2013
158,Kevin Hart: Let Me Explain,"3,23,18,051","3,22,44,051",99.80%,"74,000",0.20%,2013
159,Pokémon,"3,22,93,377",0,0,"3,22,93,377",100%,2013
160,The After0Dinner Mysteries,"3,21,60,741",0,0,"3,21,60,741",100%,2013
161,Underdogs,"3,17,75,719",0,0,"3,17,75,719",100%,2013
162,Spring Breakers,"3,17,24,284","1,41,24,284",44.50%,"1,76,00,000",55.50%,2013
163,New World,"3,16,70,607","4,57,806",1.40%,"3,12,12,801",98.60%,2013
164,101 Proposals,"3,12,83,838",0,0,"3,12,83,838",100%,2013
165,A Wedding Invitation,"3,06,65,036","14,350",0,"3,06,50,686",100%,2013
166,Silent Witness,"2,93,15,945",0,0,"2,93,15,945",100%,2013
167,Special ID,"2,91,39,936","12,666",0,"2,91,27,270",100%,2013
168,Kokowääh 2,"2,88,11,936",0,0,"2,88,11,936",100%,2013
169,The Suspect,"2,86,74,130","2,18,693",0.80%,"2,84,55,437",99.20%,2013
170,The Four 2,"2,85,99,970",0,0,"2,85,99,970",100%,2013
171,The Kiyosu Conference,"2,83,38,665",0,0,"2,83,38,665",100%,2013
172,I Give It a Year,"2,83,28,531","34,657",0.10%,"2,82,93,874",99.90%,2013
173,Mandela: Long Walk to Freedom,"2,79,85,788","83,23,085",29.70%,"1,96,62,703",70.30%,2013
174,Dark Skies,"2,78,58,103","1,74,18,667",62.50%,"1,04,39,436",37.50%,2013
175,Nebraska,"2,76,82,872","1,76,54,912",63.80%,"1,00,27,960",36.20%,2013
176,The Incredible Burt Wonderstone,"2,74,37,881","2,25,37,881",82.10%,"49,00,000",17.90%,2013
177,Gorko!,"2,73,69,902",0,0,"2,73,69,902",100%,2013
178,Khumba,"2,71,87,375","1,029",0,"2,71,86,346",100%,2013
179,You're Next,"2,68,95,481","1,84,94,006",68.80%,"84,01,475",31.20%,2013
180,Mr. Go,"2,68,35,201",0,0,"2,68,35,201",100%,2013
181,The Break Up Man,"2,64,77,012",0,0,"2,64,77,012",100%,2013
182,The Way Way Back,"2,64,74,920","2,15,06,546",81.20%,"49,68,374",18.80%,2013
183,We Are the Nobles,"2,64,33,651",0,0,"2,64,33,651",100%,2013
184,The Stolen Years,"2,62,49,553",0,0,"2,62,49,553",100%,2013
185,One Night Surprise,"2,62,20,159",0,0,"2,62,20,159",100%,2013
186,Platinum Data,"2,60,52,718",0,0,"2,60,52,718",100%,2013
187,Gekijouban SPEC: Kurôzu 0 Zen no hen,"2,58,60,404",0,0,"2,58,60,404",100%,2013
188,Unbeatable,"2,58,16,154",0,0,"2,58,16,154",100%,2013
189,Man on the Edge,"2,57,74,679",0,0,"2,57,74,679",100%,2013
190,Enough Said,"2,52,88,872","1,75,50,872",69.40%,"77,38,000",30.60%,2013
191,The Last Exorcism Part II,"2,50,51,865","1,51,79,302",60.60%,"98,72,563",39.40%,2013
192,"Me, Myself and Mum","2,49,91,467",0,0,"2,49,91,467",100%,2013
193,Drug War,"2,46,76,341","1,28,195",0.50%,"2,45,48,146",99.50%,2013
194,The Tale of The Princess Kaguya,"2,44,79,719","7,03,232",2.90%,"2,37,76,487",97.10%,2013
195,The Great Beauty,"2,43,95,873","28,52,400",11.70%,"2,15,43,473",88.30%,2013
196,Trance,"2,42,61,569","23,28,743",9.60%,"2,19,32,826",90.40%,2013
197,The Railway Man,"2,41,74,885","44,38,438",18.40%,"1,97,36,447",81.60%,2013
198,Out of Inferno,"2,41,09,886",0,0,"2,41,09,886",100%,2013
199,Bring Happiness Home,"2,39,80,000",0,0,"2,39,80,000",100%,2013
0,Transformers: Age of Extinction,"1,10,40,54,072","24,54,39,076",22.20%,"85,86,14,996",77.80%,2014
1,The Hobbit: The Battle of the Five Armies,"95,60,19,788","25,51,19,788",26.70%,"70,09,00,000",73.30%,2014
2,Guardians of the Galaxy,"77,27,76,600","33,31,76,600",43.10%,"43,96,00,000",56.90%,2014
3,Maleficent,"75,84,10,378","24,14,10,378",31.80%,"51,70,00,000",68.20%,2014
4,The Hunger Games: Mockingjay 0 Part 1,"75,53,56,711","33,71,35,885",44.60%,"41,82,20,826",55.40%,2014
5,X0Men: Days of Future Past,"74,60,45,700","23,39,21,534",31.40%,"51,21,24,166",68.60%,2014
6,Captain America: The Winter Soldier,"71,44,21,503","25,97,66,572",36.40%,"45,46,54,931",63.60%,2014
7,Dawn of the Planet of the Apes,"71,06,44,566","20,85,45,589",29.30%,"50,20,98,977",70.70%,2014
8,The Amazing Spider0Man 2,"70,89,82,323","20,28,53,933",28.60%,"50,61,28,390",71.40%,2014
9,Interstellar,"68,10,70,397","18,80,20,017",27.60%,"49,30,50,380",72.40%,2014
10,Big Hero 6,"65,78,27,828","22,25,27,828",33.80%,"43,53,00,000",66.20%,2014
11,How to Train Your Dragon 2,"62,15,37,519","17,70,02,924",28.50%,"44,45,34,595",71.50%,2014
12,American Sniper,"54,76,26,372","35,01,26,372",63.90%,"19,75,00,000",36.10%,2014
13,Godzilla,"52,49,76,069","20,06,76,069",38.20%,"32,43,00,000",61.80%,2014
14,Rio 2,"49,87,81,117","13,15,38,435",26.40%,"36,72,42,682",73.60%,2014
15,Teenage Mutant Ninja Turtles,"48,50,04,754","19,12,04,754",39.40%,"29,38,00,000",60.60%,2014
16,The Lego Movie,"46,80,60,692","25,77,60,692",55.10%,"21,03,00,000",44.90%,2014
17,Lucy,"45,88,63,600","12,66,63,600",27.60%,"33,22,00,000",72.40%,2014
18,Penguins of Madagascar,"37,35,15,621","8,38,50,911",22.40%,"28,96,64,710",77.60%,2014
19,Edge of Tomorrow,"37,05,41,256","10,02,06,256",27%,"27,03,35,000",73%,2014
20,Gone Girl,"36,93,30,363","16,77,67,189",45.40%,"20,15,63,174",54.60%,2014
21,Night at the Museum: Secret of the Tomb,"36,32,04,635","11,37,46,621",31.30%,"24,94,58,014",68.70%,2014
22,Noah,"35,92,00,044","10,12,00,044",28.20%,"25,80,00,000",71.80%,2014
23,The Maze Runner,"34,83,19,861","10,24,27,862",29.40%,"24,58,91,999",70.60%,2014
24,300: Rise of an Empire,"33,75,80,051","10,65,80,051",31.60%,"23,10,00,000",68.40%,2014
25,22 Jump Street,"33,13,33,876","19,17,19,337",57.90%,"13,96,14,539",42.10%,2014
26,The Fault in Our Stars,"30,71,66,834","12,48,72,350",40.70%,"18,22,94,484",59.30%,2014
27,Divergent,"28,88,85,818","15,09,47,895",52.30%,"13,79,37,923",47.70%,2014
28,Paddington,"28,23,70,135","7,62,71,832",27%,"20,60,98,303",73%,2014
29,Mr. Peabody & Sherman,"27,56,98,039","11,15,06,430",40.40%,"16,41,91,609",59.60%,2014
30,Neighbors,"27,06,65,134","15,01,57,400",55.50%,"12,05,07,734",44.50%,2014
31,Exodus: Gods and Kings,"26,81,75,631","6,50,14,513",24.20%,"20,31,61,118",75.80%,2014
32,Annabelle,"25,70,47,661","8,42,73,813",32.80%,"17,27,73,848",67.20%,2014
33,Hercules,"24,48,19,862","7,26,88,614",29.70%,"17,21,31,248",70.30%,2014
34,RoboCop,"24,26,88,965","5,86,07,007",24.10%,"18,40,81,958",75.90%,2014
35,The Imitation Game,"23,35,55,708","9,11,25,683",39%,"14,24,30,025",61%,2014
36,Non0Stop,"22,28,09,600","9,21,68,600",41.40%,"13,06,41,000",58.60%,2014
37,Dracula Untold,"21,71,24,280","5,62,80,355",25.90%,"16,08,43,925",74.10%,2014
38,The Expendables 3,"21,46,57,577","3,93,22,544",18.30%,"17,53,35,033",81.70%,2014
39,Into the Woods,"21,29,02,372","12,80,02,372",60.10%,"8,49,00,000",39.90%,2014
40,Fury,"21,18,17,906","8,58,17,906",40.50%,"12,60,00,000",59.50%,2014
41,Need for Speed,"20,32,77,636","4,35,77,636",21.40%,"15,97,00,000",78.60%,2014
42,The Other Woman,"19,67,10,396","8,39,11,193",42.70%,"11,27,99,203",57.30%,2014
43,The Equalizer,"19,23,30,738","10,15,30,738",52.80%,"9,08,00,000",47.20%,2014
44,Breakup Buddies,"18,90,17,596","7,77,896",0.40%,"18,82,39,700",99.60%,2014
45,Stand by Me Doraemon,"18,34,42,714",0,0,"18,34,42,714",100%,2014
46,Serial Bad Weddings,"17,64,04,493",0,0,"17,64,04,493",100%,2014
47,The Monkey King: Havoc in Heaven's Palace,"17,58,35,580",0,0,"17,58,35,580",100%,2014
48,The Grand Budapest Hotel,"17,29,36,941","5,93,01,324",34.30%,"11,36,35,617",65.70%,2014
49,Dumb and Dumber To,"16,98,37,010","8,62,08,010",50.80%,"8,36,29,000",49.20%,2014
50,Into the Storm,"16,15,02,194","4,76,02,194",29.50%,"11,39,00,000",70.50%,2014
51,Unbroken,"16,14,59,297","11,56,37,895",71.60%,"4,58,21,402",28.40%,2014
52,The Monuments Men,"15,56,41,650","7,80,31,620",50.10%,"7,76,10,030",49.90%,2014
53,Ride Along,"15,44,68,902","13,49,38,200",87.40%,"1,95,30,702",12.60%,2014
54,Planes: Fire & Rescue,"14,69,65,787","5,91,65,787",40.30%,"8,78,00,000",59.70%,2014
55,The Taking of Tiger Mountain,"14,16,54,055","2,28,984",0.20%,"14,14,25,071",99.80%,2014
56,The Admiral: Roaring Currents,"13,83,42,258","25,89,811",1.90%,"13,57,52,447",98.10%,2014
57,Let's Be Cops,"13,82,24,951","8,23,90,774",59.60%,"5,58,34,177",40.40%,2014
58,Annie,"13,68,53,506","8,59,11,262",62.80%,"5,09,42,244",37.20%,2014
59,Jack Ryan: Shadow Recruit,"13,55,03,748","5,05,77,412",37.30%,"8,49,26,336",62.70%,2014
60,Blended,"12,79,94,610","4,62,94,610",36.20%,"8,17,00,000",63.80%,2014
61,Sex Tape,"12,60,69,509","3,85,43,473",30.60%,"8,75,26,036",69.40%,2014
62,The Theory of Everything,"12,37,26,688","3,58,93,537",29%,"8,78,33,151",71%,2014
63,The Nut Job,"12,08,85,527","6,42,51,541",53.20%,"5,66,33,986",46.80%,2014
64,Pompeii,"11,78,31,631","2,32,19,748",19.70%,"9,46,11,883",80.30%,2014
65,Seventh Son,"11,41,78,613","1,72,23,265",15.10%,"9,69,55,348",84.90%,2014
66,The Purge: Anarchy,"11,19,28,365","7,19,62,800",64.30%,"3,99,65,565",35.70%,2014
67,"Dad, Where Are We Going?","11,18,70,000",0,0,"11,18,70,000",100%,2014
68,The Boxtrolls,"10,82,55,770","5,08,37,305",47%,"5,74,18,465",53%,2014
69,Horrible Bosses 2,"10,76,45,357","5,44,45,357",50.60%,"5,32,00,000",49.40%,2014
70,The Breakup Guru,"10,69,80,263","2,08,959",0.20%,"10,67,71,304",99.80%,2014
71,Ouija,"10,35,90,271","5,08,56,010",49.10%,"5,27,34,261",50.90%,2014
72,Birdman or (The Unexpected Virtue of Ignorance),"10,32,15,094","4,23,40,598",41%,"6,08,74,496",59%,2014
73,Transcendence,"10,30,39,258","2,30,22,309",22.30%,"8,00,16,949",77.70%,2014
74,Heaven Is for Real,"10,18,88,019","9,14,43,253",89.70%,"1,04,44,766",10.30%,2014
75,"Alexander and the Terrible, Horrible, No Good, Very Bad Day","10,06,54,149","6,69,54,149",66.50%,"3,37,00,000",33.50%,2014
76,Tammy,"10,03,75,432","8,45,25,432",84.20%,"1,58,50,000",15.80%,2014
77,PK,"10,03,70,104","1,06,16,104",10.60%,"8,97,54,000",89.40%,2014
78,The Continent,"10,01,25,957",0,0,"10,01,25,957",100%,2014
79,The Book of Life,"9,97,83,556","5,01,51,543",50.30%,"4,96,32,013",49.70%,2014
80,Ode to My Father,"9,90,85,291","23,00,121",2.30%,"9,67,85,170",97.70%,2014
81,Fleet of Time,"9,42,44,191","5,69,280",0.60%,"9,36,74,911",99.40%,2014
82,The Man from Macau,"9,38,64,936",0,0,"9,38,64,936",100%,2014
83,Paranormal Activity: The Marked Ones,"9,08,94,962","3,24,62,372",35.70%,"5,84,32,590",64.30%,2014
84,The Hundred0Foot Journey,"8,95,14,453","5,42,40,821",60.60%,"3,52,73,632",39.40%,2014
85,Deliver Us from Evil,"8,79,37,815","3,05,77,122",34.80%,"5,73,60,693",65.20%,2014
86,A Million Ways to Die in the West,"8,71,89,756","4,31,39,300",49.50%,"4,40,50,456",50.50%,2014
87,Step Up All In,"8,61,65,646","1,49,04,384",17.30%,"7,12,61,262",82.70%,2014
88,John Wick,"8,60,13,056","4,30,37,835",50%,"4,29,75,221",50%,2014
89,The Judge,"8,44,19,388","4,71,19,388",55.80%,"3,73,00,000",44.20%,2014
90,Tiny Times 3.0,"8,23,20,000",0,0,"8,23,20,000",100%,2014
91,Gone with the Bullets,"8,13,87,479",0,0,"8,13,87,479",100%,2014
92,Muppets Most Wanted,"8,03,83,113","5,11,83,113",63.70%,"2,92,00,000",36.30%,2014
93,Spanish Affair,"7,87,68,613",0,0,"7,87,68,613",100%,2014
94,If I Stay,"7,82,74,843","5,04,74,843",64.50%,"2,78,00,000",35.50%,2014
95,Head Full of Honey,"7,81,27,384",0,0,"7,81,27,384",100%,2014
96,"I, Frankenstein","7,68,01,179","1,90,75,290",24.80%,"5,77,25,889",75.20%,2014
97,Crimson Peak,"7,46,79,822","3,10,90,320",41.60%,"4,35,89,502",58.40%,2014
98,My Old Classmate,"7,30,52,128",0,0,"7,30,52,128",100%,2014
99,The Bélier Family,"7,27,51,538",0,0,"7,27,51,538",100%,2014
100,Brick Mansions,"7,14,16,730","2,03,96,829",28.60%,"5,10,19,901",71.40%,2014
101,Son of God,"7,08,29,270","5,97,00,064",84.30%,"1,11,29,206",15.70%,2014
102,Think Like a Man Too,"7,01,81,428","6,51,82,182",92.90%,"49,99,246",7.10%,2014
103,Jersey Boys,"6,76,47,013","4,70,47,013",69.50%,"2,06,00,000",30.50%,2014
104,The Giver,"6,69,80,456","4,50,90,374",67.30%,"2,18,90,082",32.70%,2014
105,Selma,"6,67,87,908","5,20,76,908",78%,"1,47,11,000",22%,2014
106,Beijing Love Story,"6,58,42,375","4,28,318",0.70%,"6,54,14,057",99.30%,2014
107,The House That Never Dies,"6,52,20,000",0,0,"6,52,20,000",100%,2014
108,The Pirates,"6,48,58,224","4,15,775",0.60%,"6,44,42,449",99.40%,2014
109,God's Not Dead,"6,46,67,874","6,07,55,732",94%,"39,12,142",6%,2014
110,The Pirate Fairy,"6,39,98,725",0,0,"6,39,98,725",100%,2014
111,The Inbetweeners 2,"6,38,52,235",0,0,"6,38,52,235",100%,2014
112,Begin Again,"6,34,64,861","1,61,70,632",25.50%,"4,72,94,229",74.50%,2014
113,The White Haired Witch of Lunar Kingdom,"6,25,15,046",0,0,"6,25,15,046",100%,2014
114,The Walk,"6,11,81,942","1,01,37,502",16.60%,"5,10,44,440",83.40%,2014
115,Miss Granny,"5,89,40,254",0,0,"5,89,40,254",100%,2014
116,A Walk Among the Tombstones,"5,88,34,384","2,63,07,600",44.70%,"3,25,26,784",55.30%,2014
117,Dolphin Tale 2,"5,78,24,533","4,20,24,533",72.70%,"1,58,00,000",27.30%,2014
118,St. Vincent,"5,48,37,234","4,41,37,712",80.50%,"1,06,99,522",19.50%,2014
119,No Good Deed,"5,43,23,210","5,25,43,632",96.70%,"17,79,578",3.30%,2014
120,Overheard 3,"5,34,93,428",0,0,"5,34,93,428",100%,2014
121,Supercondriaque,"5,34,25,036",0,0,"5,34,25,036",100%,2014
122,3 Days to Kill,"5,32,60,230","3,06,97,999",57.60%,"2,25,62,231",42.40%,2014
123,Rurouni Kenshin Part II: Kyoto Inferno,"5,26,96,176",0,0,"5,26,96,176",100%,2014
124,Wild,"5,25,01,541","3,78,80,356",72.20%,"1,46,21,185",27.80%,2014
125,Magic in the Moonlight,"5,10,29,361","1,05,39,326",20.70%,"4,04,90,035",79.30%,2014
126,About Last Night,"5,04,45,860","4,86,37,684",96.40%,"18,08,176",3.60%,2014
127,Dearest 2014 Re0release,"5,00,00,583",0,0,"5,00,00,583",100%,2014
128,Whiplash,"4,89,82,041","1,30,92,000",26.70%,"3,58,90,041",73.30%,2014
129,Chef,"4,84,28,048","3,14,24,003",64.90%,"1,70,04,045",35.10%,2014
130,Boyhood,"4,81,37,666","2,53,52,281",52.70%,"2,27,85,385",47.30%,2014
131,Coming Home,"4,75,87,984","3,77,607",0.80%,"4,72,10,377",99.20%,2014
132,Beauty and the Beast,"4,74,30,624",0,0,"4,74,30,624",100%,2014
133,Nightcrawler,"4,74,25,835","3,23,81,217",68.30%,"1,50,44,618",31.70%,2014
134,Earth to Echo,"4,56,81,062","3,89,34,842",85.20%,"67,46,220",14.80%,2014
135,That Awkward Moment,"4,56,40,143","2,60,68,955",57.10%,"1,95,71,188",42.90%,2014
136,Love on the Cloud,"4,53,86,560","2,71,734",0.60%,"4,51,14,826",99.40%,2014
137,Oculus,"4,44,46,287","2,76,95,246",62.30%,"1,67,51,041",37.70%,2014
138,The Great Hypnotist,"4,40,77,818",0,0,"4,40,77,818",100%,2014
139,Kick,"4,39,96,483","24,72,695",5.60%,"4,15,23,788",94.40%,2014
140,Asterix and Obelix: Mansion of the Gods,"4,28,30,578",0,0,"4,28,30,578",100%,2014
141,Thermae Romae II,"4,24,73,163",0,0,"4,24,73,163",100%,2014
142,Bang Bang,"4,20,45,981","25,46,172",6.10%,"3,94,99,809",93.90%,2014
143,Detective Conan: The Sniper from Another Dimension,"4,20,28,116",0,0,"4,20,28,116",100%,2014
144,Rurouni Kenshin: The Legend Ends,"4,19,00,000",0,0,"4,19,00,000",100%,2014
145,"As Above, So Below","4,18,98,409","2,13,21,100",50.90%,"2,05,77,309",49.10%,2014
146,This Is Where I Leave You,"4,12,96,320","3,42,96,320",83%,"70,00,000",17%,2014
147,Boonie Bears: To the Rescue,"4,01,63,675",0,0,"4,01,63,675",100%,2014
148,The November Man,"3,96,61,919","2,50,18,119",63.10%,"1,46,43,800",36.90%,2014
149,Recep Ivedik 4,"3,94,77,906",0,0,"3,94,77,906",100%,2014
150,Sin City: A Dame to Kill For,"3,94,07,616","1,37,57,804",34.90%,"2,56,49,812",65.10%,2014
151,The Gambler,"3,92,80,992","3,36,80,992",85.70%,"56,00,000",14.30%,2014
152,Samba,"3,91,78,695","1,51,530",0.40%,"3,90,27,165",99.60%,2014
153,Women Who Flirt,"3,91,56,132","3,75,495",1%,"3,87,80,637",99%,2014
154,Forbidden Empire 2014 Re0release,"3,88,85,962",0,0,"3,88,85,962",100%,2014
155,The Best of Me,"3,86,09,668","2,67,66,213",69.30%,"1,18,43,455",30.70%,2014
156,Million Dollar Arm,"3,84,83,455","3,64,57,627",94.70%,"20,25,828",5.30%,2014
157,But Always,"3,80,39,248","4,30,760",1.10%,"3,76,08,488",98.90%,2014
158,Devil's Due,"3,69,21,560","1,58,21,461",42.90%,"2,11,00,099",57.10%,2014
159,A Most Wanted Man,"3,62,33,517","1,72,37,855",47.60%,"1,89,95,662",52.40%,2014
160,Kundo: Age of the Rampant,"3,59,41,291","2,80,958",0.80%,"3,56,60,333",99.20%,2014
161,Doraemon the Movie: The New Records of Nobita's Spaceblazer 2014 Re0release,"3,58,61,856",0,0,"3,58,61,856",100%,2014
162,The Water Diviner,"3,53,96,641","41,96,641",11.90%,"3,12,00,000",88.10%,2014
163,When Marnie Was There,"3,49,49,567","5,61,085",1.60%,"3,43,88,482",98.40%,2014
164,Endless Love,"3,47,18,173","2,34,38,250",67.50%,"1,12,79,923",32.50%,2014
165,Black & White: The Dawn of Justice,"3,41,46,896",0,0,"3,41,46,896",100%,2014
166,"My Love, Don't Cross That River","3,40,12,261",0,0,"3,40,12,261",100%,2014
167,Don't Go Breaking My Heart 2,"3,38,01,759",0,0,"3,38,01,759",100%,2014
168,Get on Up,"3,34,48,971","3,07,03,100",91.80%,"27,45,871",8.20%,2014
169,Girls,"3,33,25,338",0,0,"3,33,25,338",100%,2014
170,The Crossing,"3,28,06,475",0,0,"3,28,06,475",100%,2014
171,Old Boys: The Way of the Dragon,"3,28,00,000",0,0,"3,28,00,000",100%,2014
172,Tinker Bell and the Legend of the NeverBeast,"3,18,36,701",0,0,"3,18,36,701",100%,2014
173,The Four 3,"3,15,21,335",0,0,"3,15,21,335",100%,2014
174,Wild Tales,"3,14,78,893","31,06,530",9.90%,"2,83,72,363",90.10%,2014
175,Tazza: The Hidden Card,"3,12,78,476","2,51,555",0.80%,"3,10,26,921",99.20%,2014
176,Mrs. Brown's Boys D'Movie,"3,11,16,264",0,0,"3,11,16,264",100%,2014
177,Rise of the Legend,"3,09,32,534",0,0,"3,09,32,534",100%,2014
178,Winter's Tale,"3,08,00,231","1,26,00,231",40.90%,"1,82,00,000",59.10%,2014
179,When the Game Stands Tall,"3,01,38,754","3,01,27,963",100%,"10,791",0,2014
180,Draft Day,"2,98,24,199","2,88,42,237",96.70%,"9,81,962",3.30%,2014
181,Big Eyes,"2,92,53,166","1,44,82,031",49.50%,"1,47,71,135",50.50%,2014
182,The Fatal Encounter,"2,90,60,186",0,0,"2,90,60,186",100%,2014
183,Maya the Bee Movie,"2,86,38,603",0,0,"2,86,38,603",100%,2014
184,Pokémon the Movie: Diancie and the Cocoon of Destruction,"2,85,95,105",0,0,"2,85,95,105",100%,2014
185,The Divine Move,"2,79,26,871","1,36,707",0.50%,"2,77,90,164",99.50%,2014
186,Nicholas on Holiday,"2,75,67,832",0,0,"2,75,67,832",100%,2014
187,Grace of Monaco,"2,75,15,247",0,0,"2,75,15,247",100%,2014
188,Left Behind,"2,74,05,896","1,40,19,924",51.20%,"1,33,85,972",48.80%,2014
189,Joy of Fatherhood,"2,70,88,817",0,0,"2,70,88,817",100%,2014
190,A Hard Day,"2,64,88,847","19,004",0,"2,64,69,843",99.90%,2014
191,Top Five,"2,61,17,471","2,53,17,471",96.90%,"8,00,000",3.10%,2014
192,Iceman,"2,60,33,917","7,679",0,"2,60,26,238",100%,2014
193,Meet Miss Anxiety,"2,59,48,636",0,0,"2,59,48,636",100%,2014
194,"Love, Rosie","2,55,74,387","20,431",0,"2,55,53,956",99.90%,2014
195,A Haunted House 2,"2,53,58,716","1,73,29,486",68.30%,"80,29,230",31.70%,2014
196,And So It Goes,"2,53,12,387","1,51,60,801",59.90%,"1,01,51,586",40.10%,2014
197,Kung Fu Jungle,"2,40,70,765","1,29,784",0.50%,"2,39,40,981",99.50%,2014
198,Hot Road,"2,29,16,313",0,0,"2,29,16,313",100%,2014
199,Fading Gigolo,"2,27,06,304","37,69,873",16.60%,"1,89,36,431",83.40%,2014
0,Star Wars: Episode VII 0 The Force Awakens,"2,06,82,23,624","93,66,62,225",45.30%,"1,13,15,61,399",54.70%,2015
1,Jurassic World,"1,67,04,00,637","65,22,70,625",39%,"1,01,81,30,012",61%,2015
2,Furious 7,"1,51,50,47,671","35,30,07,020",23.30%,"1,16,20,40,651",76.70%,2015
3,Avengers: Age of Ultron,"1,40,28,05,868","45,90,05,868",32.70%,"94,38,00,000",67.30%,2015
4,Minions,"1,15,93,98,397","33,60,45,770",29%,"82,33,52,627",71%,2015
5,Spectre,"88,06,74,609","20,00,74,609",22.70%,"68,06,00,000",77.30%,2015
6,Inside Out,"85,82,94,430","35,64,61,711",41.50%,"50,18,32,719",58.50%,2015
7,Mission: Impossible 0 Rogue Nation,"68,27,14,267","19,50,42,377",28.60%,"48,76,71,890",71.40%,2015
8,The Hunger Games: Mockingjay 0 Part 2,"65,34,28,261","28,17,23,902",43.10%,"37,17,04,359",56.90%,2015
9,The Martian,"63,01,61,890","22,84,33,663",36.20%,"40,17,28,227",63.80%,2015
10,Fifty Shades of Grey,"56,96,51,467","16,61,67,230",29.20%,"40,34,84,237",70.80%,2015
11,Cinderella,"54,23,51,353","20,11,51,353",37.10%,"34,12,00,000",62.90%,2015
12,The Revenant,"53,29,50,503","18,36,37,894",34.50%,"34,93,12,609",65.50%,2015
13,Ant0Man,"51,93,11,965","18,02,02,163",34.70%,"33,91,09,802",65.30%,2015
14,Hotel Transylvania 2,"47,48,00,000","16,97,00,110",35.70%,"30,50,99,890",64.30%,2015
15,San Andreas,"47,45,90,832","15,51,90,832",32.70%,"31,94,00,000",67.30%,2015
16,Terminator Genisys,"44,06,03,537","8,97,60,956",20.40%,"35,08,42,581",79.60%,2015
17,Kingsman: The Secret Service,"41,43,51,546","12,82,61,724",31%,"28,60,89,822",69%,2015
18,Monster Hunt,"38,70,53,506","32,766",0,"38,70,20,740",100%,2015
19,Home,"38,60,41,607","17,73,97,510",46%,"20,86,44,097",54%,2015
20,Mad Max: Fury Road,"37,94,36,354","15,36,36,354",40.50%,"22,58,00,000",59.50%,2015
21,The Good Dinosaur,"33,22,07,671","12,30,87,120",37.10%,"20,91,20,551",62.90%,2015
22,Taken 3,"32,64,79,141","8,92,56,424",27.30%,"23,72,22,717",72.70%,2015
23,The SpongeBob Movie: Sponge Out of Water,"32,51,86,032","16,29,94,032",50.10%,"16,21,92,000",49.90%,2015
24,Maze Runner: The Scorch Trials,"31,22,96,056","8,16,97,192",26.20%,"23,05,98,864",73.80%,2015
25,The Divergent Series: Insurgent,"29,70,02,527","13,01,79,072",43.80%,"16,68,23,455",56.20%,2015
26,Pitch Perfect 2,"28,71,44,079","18,42,96,230",64.20%,"10,28,47,849",35.80%,2015
27,Mojin: The Lost Legend,"25,93,68,448","12,43,810",0.50%,"25,81,24,638",99.50%,2015
28,Lost in Hong Kong,"25,62,83,912","13,02,281",0.50%,"25,49,81,631",99.50%,2015
29,The Peanuts Movie,"24,62,33,113","13,01,78,411",52.90%,"11,60,54,702",47.10%,2015
30,Pixels,"24,48,74,809","7,87,47,585",32.20%,"16,61,27,224",67.80%,2015
31,Daddy's Home,"24,27,86,137","15,03,57,137",61.90%,"9,24,29,000",38.10%,2015
32,Spy,"23,56,66,219","11,08,25,712",47%,"12,48,40,507",53%,2015
33,Alvin and the Chipmunks: The Road Chip,"23,47,98,636","8,58,86,987",36.60%,"14,89,11,649",63.40%,2015
34,Goodbye Mr. Loser,"22,81,22,928","12,93,626",0.60%,"22,68,29,302",99.40%,2015
35,Ted 2,"21,58,63,606","8,14,76,385",37.70%,"13,43,87,221",62.30%,2015
36,Tomorrowland,"20,90,35,668","9,34,36,322",44.70%,"11,55,99,346",55.30%,2015
37,Everest,"20,34,27,584","4,34,82,270",21.40%,"15,99,45,314",78.60%,2015
38,Straight Outta Compton,"20,16,34,991","16,11,97,785",79.90%,"4,04,37,206",20.10%,2015
39,The Intern,"19,47,64,672","7,57,64,672",38.90%,"11,90,00,000",61.10%,2015
40,Jian Bing Man,"18,66,83,536",0,0,"18,66,83,536",100%,2015
41,Jupiter Ascending,"18,42,87,723","4,73,87,723",25.70%,"13,69,00,000",74.30%,2015
42,Creed,"17,41,67,581","10,97,67,581",63%,"6,44,00,000",37%,2015
43,Fantastic Four,"16,78,82,881","5,61,17,548",33.40%,"11,17,65,333",66.60%,2015
44,Bridge of Spies,"16,54,78,348","7,23,13,754",43.70%,"9,31,64,594",56.30%,2015
45,From Vegas to Macau II,"16,38,77,532",0,0,"16,38,77,532",100%,2015
46,Focus,"15,91,62,963","5,38,62,963",33.80%,"10,53,00,000",66.20%,2015
47,Goosebumps,"15,82,60,952","8,00,80,379",50.60%,"7,81,80,573",49.40%,2015
48,Ip Man 3,"15,69,54,938","26,79,437",1.70%,"15,42,75,501",98.30%,2015
49,The Hateful Eight,"15,57,60,117","5,41,17,416",34.70%,"10,16,42,701",65.30%,2015
50,Monkey King: Hero Is Back,"15,32,62,397",0,0,"15,32,62,397",100%,2015
51,Gods of Egypt,"15,06,80,864","3,11,53,464",20.70%,"11,95,27,400",79.30%,2015
52,The Last Witch Hunter,"14,69,36,910","2,73,67,660",18.60%,"11,95,69,250",81.40%,2015
53,Trainwreck,"14,07,95,793","11,02,12,700",78.30%,"3,05,83,093",21.70%,2015
54,Mr. Six,"13,91,91,345","14,15,450",1%,"13,77,75,895",99%,2015
55,Point Break,"13,37,82,481","2,87,82,481",21.50%,"10,50,00,000",78.50%,2015
56,The Big Short,"13,34,40,870","7,02,59,870",52.70%,"6,31,81,000",47.30%,2015
57,Pan,"12,89,88,320","3,50,88,320",27.20%,"9,39,00,000",72.80%,2015
58,Detective Chinatown,"12,58,42,935","4,74,252",0.40%,"12,53,68,683",99.60%,2015
59,Wolf Totem,"12,58,37,070","2,10,591",0.20%,"12,56,26,479",99.80%,2015
60,Ride Along 2,"12,46,05,297","9,12,21,830",73.20%,"3,33,83,467",26.80%,2015
61,Magic Mike XXL,"12,26,13,057","6,60,13,057",53.80%,"5,66,00,000",46.20%,2015
62,Dragon Blade,"12,25,93,849","74,068",0,"12,25,19,781",99.90%,2015
63,Insidious: Chapter 3,"11,29,83,889","5,22,18,558",46.20%,"6,07,65,331",53.80%,2015
64,Get Hard,"11,18,11,453","9,04,11,453",80.90%,"2,14,00,000",19.10%,2015
65,The Man from U.N.C.L.E.,"11,00,45,109","4,54,45,109",41.30%,"6,46,00,000",58.70%,2015
66,The 5th Wave,"10,99,06,372","3,49,16,787",31.80%,"7,49,89,585",68.20%,2015
67,Paul Blart: Mall Cop 2,"10,75,88,225","7,10,38,190",66%,"3,65,50,035",34%,2015
68,Vacation,"10,72,28,221","5,88,84,188",54.90%,"4,83,44,033",45.10%,2015
69,Chronicles of the Ghostly Tribe,"10,63,80,000",0,0,"10,63,80,000",100%,2015
70,Shaun the Sheep Movie,"10,62,09,378","1,93,75,982",18.20%,"8,68,33,396",81.80%,2015
71,Sisters,"10,50,11,053","8,70,44,645",82.90%,"1,79,66,408",17.10%,2015
72,Chappie,"10,28,11,889","3,15,69,268",30.70%,"7,12,42,621",69.30%,2015
73,Joy,"10,11,34,059","5,64,51,232",55.80%,"4,46,82,827",44.20%,2015
74,Black Mass,"9,99,75,678","6,25,75,678",62.60%,"3,74,00,000",37.40%,2015
75,Spotlight,"9,86,90,254","4,50,55,776",45.70%,"5,36,34,478",54.30%,2015
76,Devil and Angel,"9,85,99,942","1,31,058",0.10%,"9,84,68,884",99.90%,2015
77,The Visit,"9,84,50,062","6,52,06,105",66.20%,"3,32,43,957",33.80%,2015
78,The Little Prince,"9,75,71,250","13,39,152",1.40%,"9,62,32,098",98.60%,2015
79,Assassination,"9,61,19,773","19,04,682",2%,"9,42,15,091",98%,2015
80,Poltergeist,"9,54,37,994","4,74,25,125",49.70%,"4,80,12,869",50.30%,2015
81,Veteran,"9,43,93,020","12,00,627",1.30%,"9,31,92,393",98.70%,2015
82,In the Heart of the Sea,"9,43,20,758","2,50,20,758",26.50%,"6,93,00,000",73.50%,2015
83,Kill Zone 2,"9,36,38,358","11,998",0,"9,36,26,360",100%,2015
84,Southpaw,"9,19,70,827","5,24,21,953",57%,"3,95,48,874",43%,2015
85,The Second Best Exotic Marigold Hotel,"8,59,78,266","3,30,78,266",38.50%,"5,29,00,000",61.50%,2015
86,Paper Towns,"8,55,12,300","3,20,00,304",37.40%,"5,35,11,996",62.60%,2015
87,Sicario,"8,48,72,444","4,68,89,293",55.20%,"3,79,83,151",44.80%,2015
88,Our Times,"8,38,67,493",0,0,"8,38,67,493",100%,2015
89,Suck Me Shakespeer 2,"8,30,27,924",0,0,"8,30,27,924",100%,2015
90,Hitman: Agent 47,"8,23,47,656","2,24,67,450",27.30%,"5,98,80,206",72.70%,2015
91,Wolf Warrior,"8,14,11,331",0,0,"8,14,11,331",100%,2015
92,Go Away Mr. Tumor,"8,06,06,893","2,86,639",0.40%,"8,03,20,254",99.60%,2015
93,The Wedding Ringer,"7,97,99,880","6,44,60,211",80.80%,"1,53,39,669",19.20%,2015
94,Paranormal Activity: The Ghost Dimension,"7,89,03,124","1,83,00,124",23.20%,"6,06,03,000",76.80%,2015
95,The Left Ear,"7,80,15,473",0,0,"7,80,15,473",100%,2015
96,Tiny Times 4.0,"7,77,50,000",0,0,"7,77,50,000",100%,2015
97,Bajrangi Bhaijaan,"7,55,47,184","81,78,001",10.80%,"6,73,69,183",89.20%,2015
98,War Room,"7,32,67,874","6,77,90,117",92.50%,"54,77,757",7.50%,2015
99,The Transporter Refueled,"7,26,29,670","1,60,29,670",22.10%,"5,66,00,000",77.90%,2015
100,Run All Night,"7,16,61,644","2,64,61,644",36.90%,"4,52,00,000",63.10%,2015
101,13 Hours: The Secret Soldiers of Benghazi,"6,94,11,370","5,28,53,219",76.10%,"1,65,58,151",23.90%,2015
102,Running Man,"6,87,82,475","3,10,978",0.50%,"6,84,71,497",99.50%,2015
103,A Violent Prosecutor,"6,67,36,633",0,0,"6,67,36,633",100%,2015
104,The Age of Adaline,"6,56,63,276","4,26,29,776",64.90%,"2,30,33,500",35.10%,2015
105,Monk Comes Down the Mountain,"6,44,55,686",0,0,"6,44,55,686",100%,2015
106,Zhongkui: Snow Girl and the Dark Crystal,"6,43,25,947","1,65,428",0.30%,"6,41,60,519",99.70%,2015
107,The Danish Girl,"6,41,91,523","1,11,14,018",17.30%,"5,30,77,505",82.70%,2015
108,The Boy,"6,41,88,367","3,58,19,556",55.80%,"2,83,68,811",44.20%,2015
109,The Hundred Regiments Offensive,"6,32,30,000",0,0,"6,32,30,000",100%,2015
110,The Longest Ride,"6,29,44,815","3,74,46,117",59.50%,"2,54,98,698",40.50%,2015
111,Unfriended,"6,28,82,090","3,24,82,090",51.70%,"3,04,00,000",48.30%,2015
112,Brooklyn,"6,20,76,141","3,83,22,743",61.70%,"2,37,53,398",38.30%,2015
113,Dragon Ball Z: Resurrection 'F',"6,17,68,190","80,08,363",13%,"5,37,59,827",87%,2015
114,Woman in Gold,"6,16,19,773","3,33,07,793",54.10%,"2,83,11,980",45.90%,2015
115,Krampus,"6,15,48,707","4,27,25,475",69.40%,"1,88,23,232",30.60%,2015
116,The Perfect Guy,"6,02,73,173","5,70,27,435",94.60%,"32,45,738",5.40%,2015
117,Forever Young,"5,99,81,902","1,49,761",0.20%,"5,98,32,141",99.80%,2015
118,Miss Granny,"5,93,96,311","2,34,573",0.40%,"5,91,61,738",99.60%,2015
119,The Gift,"5,89,78,653","4,37,87,265",74.20%,"1,51,91,388",25.80%,2015
120,You Are My Sunshine,"5,66,40,000",0,0,"5,66,40,000",100%,2015
121,No Escape,"5,44,18,872","2,72,88,872",50.10%,"2,71,30,000",49.90%,2015
122,Sinister 2,"5,33,29,150","2,77,40,955",52%,"2,55,88,195",48%,2015
123,Detective Conan: Sunflowers of Inferno,"5,29,20,296",0,0,"5,29,20,296",100%,2015
124,Prem Ratan Dhan Payo,"5,27,15,771","43,64,639",8.30%,"4,83,51,132",91.70%,2015
125,The Boy Next Door,"5,24,25,855","3,54,23,380",67.60%,"1,70,02,475",32.40%,2015
126,The Night Before,"5,23,95,996","4,30,47,372",82.20%,"93,48,624",17.80%,2015
127,Hollywood Adventures,"5,22,65,070",0,0,"5,22,65,070",100%,2015
128,"Yo0kai Watch Movie: It's the Secret of Birth, Meow!","5,18,38,845","2,57,343",0.50%,"5,15,81,502",99.50%,2015
129,Hot Pursuit,"5,16,80,201","3,45,80,201",66.90%,"1,71,00,000",33.10%,2015
130,The Himalayas,"5,05,44,493","6,96,717",1.40%,"4,98,47,776",98.60%,2015
131,The Boy and the Beast,"4,97,14,378","4,90,643",1%,"4,92,23,735",99%,2015
132,Surprise,"4,95,67,466",0,0,"4,95,67,466",100%,2015
133,Entourage,"4,92,63,404","3,23,63,404",65.70%,"1,69,00,000",34.30%,2015
134,The Woman in Black 2: Angel of Death,"4,88,54,305","2,65,01,323",54.20%,"2,23,52,982",45.80%,2015
135,Concussion,"4,86,23,572","3,45,42,474",71%,"1,40,81,098",29%,2015
136,Inside Men,"4,76,16,503",0,0,"4,76,16,503",100%,2015
137,The Dead End,"4,76,00,000",0,0,"4,76,00,000",100%,2015
138,Boonie Bears: A Mystical Winter,"4,75,81,416",0,0,"4,75,81,416",100%,2015
139,Mortdecai,"4,72,75,695","76,96,134",16.30%,"3,95,79,561",83.70%,2015
140,Let's Get Married,"4,59,72,724","4,62,918",1%,"4,55,09,806",99%,2015
141,Somewhere Only We Know,"4,57,37,711","4,82,341",1.10%,"4,52,55,370",98.90%,2015
142,"McFarland, USA","4,57,10,059","4,44,82,410",97.30%,"12,27,649",2.70%,2015
143,Hero,"4,55,65,534","88,675",0.20%,"4,54,76,859",99.80%,2015
144,Still Alice,"4,47,79,195","1,87,54,371",41.90%,"2,60,24,824",58.10%,2015
145,Max,"4,39,56,255","4,26,56,255",97%,"13,00,000",3%,2015
146,The DUFF,"4,37,09,744","3,40,30,343",77.90%,"96,79,401",22.10%,2015
147,Legend,"4,29,72,994","18,72,994",4.40%,"4,11,00,000",95.60%,2015
148,The Gallows,"4,29,64,410","2,27,64,410",53%,"2,02,00,000",47%,2015
149,Love the Coopers,"4,24,26,912","2,63,02,731",62%,"1,61,24,181",38%,2015
150,The Throne,"4,21,65,755",0,0,"4,21,65,755",100%,2015
151,The Lady in the Van,"4,13,87,687","1,00,21,175",24.20%,"3,13,66,512",75.80%,2015
152,Ricki and the Flash,"4,13,25,328","2,68,22,144",64.90%,"1,45,03,184",35.10%,2015
153,Spanish Affair 2,"4,05,91,862",0,0,"4,05,91,862",100%,2015
154,Carol,"4,02,72,135","1,27,11,491",31.60%,"2,75,60,644",68.40%,2015
155,Northern Limit Line,"4,00,34,677","3,37,907",0.80%,"3,96,96,770",99.20%,2015
156,Ex0Files 2: The Backup Strikes Back,"3,91,08,291",0,0,"3,91,08,291",100%,2015
157,Criminal,"3,88,03,993","1,47,08,696",37.90%,"2,40,95,297",62.10%,2015
158,Boruto: Naruto the Movie,"3,83,62,448","9,19,651",2.40%,"3,74,42,797",97.60%,2015
159,The Lazarus Effect,"3,83,56,892","2,58,01,570",67.30%,"1,25,55,322",32.70%,2015
160,Helios,"3,79,38,005",0,0,"3,79,38,005",100%,2015
161,A Walk in the Woods,"3,74,61,274","2,95,04,281",78.80%,"79,56,993",21.20%,2015
162,Ex Machina,"3,68,69,414","2,54,42,958",69%,"1,14,26,456",31%,2015
163,Burnt,"3,66,06,743","1,36,51,946",37.30%,"2,29,54,797",62.70%,2015
164,The Priests,"3,65,77,134","1,85,093",0.50%,"3,63,92,041",99.50%,2015
165,The New Adventures of Aladdin,"3,57,71,820",0,0,"3,57,71,820",100%,2015
166,Heidi,"3,57,55,670",0,0,"3,57,55,670",100%,2015
167,Room,"3,54,01,758","1,46,77,654",41.50%,"2,07,24,104",58.50%,2015
168,Lost and Love,"3,49,30,177","1,88,817",0.50%,"3,47,41,360",99.50%,2015
169,Secret in Their Eyes,"3,48,54,990","2,01,80,155",57.90%,"1,46,74,835",42.10%,2015
170,"Dad, Where Are We Going 2","3,48,40,000",0,0,"3,48,40,000",100%,2015
171,Doraemon: Nobita no Uchû Eiyûki,"3,48,11,747",0,0,"3,48,11,747",100%,2015
172,Steve Jobs,"3,44,41,873","1,77,66,658",51.60%,"1,66,75,215",48.40%,2015
173,Victor Frankenstein,"3,42,27,298","57,75,076",16.90%,"2,84,52,222",83.10%,2015
174,The Witness,"3,39,63,557","4,18,063",1.20%,"3,35,45,494",98.80%,2015
175,Project Almanac,"3,32,13,241","2,23,48,241",67.30%,"1,08,65,000",32.70%,2015
176,Dilwale,"3,19,94,323","48,71,263",15.20%,"2,71,23,060",84.80%,2015
177,Suffragette,"3,19,72,096","47,02,420",14.70%,"2,72,69,676",85.30%,2015
178,Self/less,"3,18,07,156","1,22,79,691",38.60%,"1,95,27,465",61.40%,2015
179,Saving Mr. Wu,"3,12,22,161","92,696",0.30%,"3,11,29,465",99.70%,2015
180,Attack on Titan Part 1,"3,08,10,658","4,49,523",1.50%,"3,03,61,135",98.50%,2015
181,A Man Called Ove,"3,06,92,889","34,79,315",11.30%,"2,72,13,574",88.70%,2015
182,Far from the Madding Crowd,"3,02,29,977","1,22,36,500",40.50%,"1,79,93,477",59.50%,2015
183,Mr. Holmes,"2,93,55,203","1,77,37,646",60.40%,"1,16,17,557",39.60%,2015
184,Love & Mercy,"2,86,41,776","1,25,51,031",43.80%,"1,60,90,745",56.20%,2015
185,Flying Colors,"2,85,25,563",0,0,"2,85,25,563",100%,2015
186,Triumph in the Skies,"2,80,85,162",0,0,"2,80,85,162",100%,2015
187,The 33,"2,79,72,023","1,22,27,722",43.70%,"1,57,44,301",56.30%,2015
188,Bride Wars,"2,76,70,000",0,0,"2,76,70,000",100%,2015
189,Irrational Man,"2,73,91,084","40,30,360",14.70%,"2,33,60,724",85.30%,2015
190,Detective K: Secret of the Lost Island,"2,73,87,870","1,85,367",0.70%,"2,72,02,503",99.30%,2015
191,To the Fore,"2,72,67,799",0,0,"2,72,67,799",100%,2015
192,American Ultra,"2,72,62,374","1,44,40,985",53%,"1,28,21,389",47%,2015
193,Orange,"2,62,61,536",0,0,"2,62,61,536",100%,2015
194,Aloha,"2,62,50,020","2,10,67,116",80.30%,"51,82,904",19.70%,2015
195,Huevos: Little Rooster's Egg0cellent Adventure,"2,58,92,561","90,80,818",35.10%,"1,68,11,743",64.90%,2015
196,Dügün Dernek 2: Sünnet,"2,58,36,668",0,0,"2,58,36,668",100%,2015
197,Look Who's Back,"2,55,13,752",0,0,"2,55,13,752",100%,2015
198,Serial Teachers 2,"2,53,64,150",0,0,"2,53,64,150",100%,2015
199,Wild City,"2,48,17,852","34,866",0.10%,"2,47,82,986",99.90%,2015
0,Captain America: Civil War,"1,15,32,96,293","40,80,84,349",35.40%,"74,52,11,944",64.60%,2016
1,Rogue One: A Star Wars Story,"1,05,60,57,273","53,21,77,324",50.40%,"52,38,79,949",49.60%,2016
2,Finding Dory,"1,02,85,70,889","48,62,95,561",47.30%,"54,22,75,328",52.70%,2016
3,Zootopia,"1,02,37,84,195","34,12,68,248",33.30%,"68,25,15,947",66.70%,2016
4,The Jungle Book,"96,65,50,600","36,40,01,123",37.70%,"60,25,49,477",62.30%,2016
5,The Secret Life of Pets,"87,56,97,467","36,86,23,860",42.10%,"50,70,73,607",57.90%,2016
6,Batman v Superman: Dawn of Justice,"87,43,60,194","33,03,60,194",37.80%,"54,40,00,000",62.20%,2016
7,Fantastic Beasts and Where to Find Them,"81,60,37,575","23,40,37,575",28.70%,"58,20,00,000",71.30%,2016
8,Deadpool,"78,26,12,155","36,30,70,709",46.40%,"41,95,41,446",53.60%,2016
9,Suicide Squad,"74,92,00,054","32,51,00,054",43.40%,"42,41,00,000",56.60%,2016
10,Doctor Strange,"67,77,18,395","23,26,41,920",34.30%,"44,50,76,475",65.70%,2016
11,Moana,"64,33,31,111","24,87,57,044",38.70%,"39,45,74,067",61.30%,2016
12,Sing,"63,41,51,679","27,03,95,425",42.60%,"36,37,56,254",57.40%,2016
13,The Mermaid,"55,38,10,228","32,32,685",0.60%,"55,05,77,543",99.40%,2016
14,X0Men: Apocalypse,"54,39,34,105","15,54,42,489",28.60%,"38,84,91,616",71.40%,2016
15,Kung Fu Panda 3,"52,11,70,825","14,35,28,619",27.50%,"37,76,42,206",72.50%,2016
16,La La Land,"44,74,07,695","15,11,01,803",33.80%,"29,63,05,892",66.20%,2016
17,Warcraft,"43,90,48,914","4,73,65,290",10.80%,"39,16,83,624",89.20%,2016
18,Jason Bourne,"41,54,84,914","16,24,34,410",39.10%,"25,30,50,504",60.90%,2016
19,Ice Age: Collision Course,"40,85,79,038","6,40,63,008",15.70%,"34,45,16,030",84.30%,2016
20,Independence Day: Resurgence,"38,96,81,935","10,31,44,286",26.50%,"28,65,37,649",73.50%,2016
21,Your Name.,"35,79,86,087","50,17,246",1.40%,"35,29,68,841",98.60%,2016
22,The Legend of Tarzan,"35,72,43,061","12,66,43,061",35.50%,"23,06,00,000",64.50%,2016
23,The Angry Birds Movie,"35,23,33,929","10,75,09,366",30.50%,"24,48,24,563",69.50%,2016
24,Trolls,"34,70,13,487","15,38,56,089",44.30%,"19,31,57,398",55.70%,2016
25,Star Trek Beyond,"34,34,71,816","15,88,48,340",46.20%,"18,46,23,476",53.80%,2016
26,The Great Wall,"33,49,33,831","4,55,40,830",13.60%,"28,93,93,001",86.40%,2016
27,Now You See Me 2,"33,48,97,606","6,50,75,540",19.40%,"26,98,22,066",80.60%,2016
28,The Conjuring 2,"32,13,70,008","10,24,70,008",31.90%,"21,89,00,000",68.10%,2016
29,Resident Evil: The Final Chapter,"31,22,42,626","2,68,30,068",8.60%,"28,54,12,558",91.40%,2016
30,Dangal,"30,37,23,636","1,23,91,761",4.10%,"29,13,31,875",95.90%,2016
31,Passengers,"30,31,44,152","10,00,14,699",33%,"20,31,29,453",67%,2016
32,Alice Through the Looking Glass,"29,94,57,024","7,70,41,381",25.70%,"22,24,15,643",74.30%,2016
33,Miss Peregrine's Home for Peculiar Children,"29,64,82,446","8,72,42,834",29.40%,"20,92,39,612",70.60%,2016
34,Teenage Mutant Ninja Turtles: Out of the Shadows,"24,56,23,848","8,20,51,601",33.40%,"16,35,72,247",66.60%,2016
35,Sully,"24,38,70,033","12,50,70,033",51.30%,"11,88,00,000",48.70%,2016
36,Assassin's Creed,"24,06,97,856","5,46,47,948",22.70%,"18,60,49,908",77.30%,2016
37,Hidden Figures,"23,59,56,898","16,96,07,287",71.90%,"6,63,49,611",28.10%,2016
38,Ghostbusters,"22,91,47,509","12,83,50,574",56%,"10,07,96,935",44%,2016
39,Inferno,"22,00,21,259","3,43,43,574",15.60%,"18,56,77,685",84.40%,2016
40,Central Intelligence,"21,69,40,871","12,74,40,871",58.70%,"8,95,00,000",41.30%,2016
41,Bridget Jones's Baby,"21,19,52,420","2,42,52,420",11.40%,"18,77,00,000",88.60%,2016
42,Me Before You,"20,84,45,075","5,62,45,075",27%,"15,22,00,000",73%,2016
43,London Has Fallen,"20,57,54,447","6,25,24,260",30.40%,"14,32,30,187",69.60%,2016
44,Arrival,"20,33,88,186","10,05,46,139",49.40%,"10,28,42,047",50.60%,2016
45,The BFG,"19,52,43,411","5,54,83,770",28.40%,"13,97,59,641",71.60%,2016
46,The Monkey King 2,"19,36,78,298","7,09,982",0.40%,"19,29,68,316",99.60%,2016
47,Bad Moms,"18,39,36,074","11,32,57,297",61.60%,"7,06,78,777",38.40%,2016
48,Storks,"18,36,79,278","7,26,79,278",39.60%,"11,10,00,000",60.40%,2016
49,From Vegas to Macau III,"18,17,32,879",0,0,"18,17,32,879",100%,2016
50,Hacksaw Ridge,"18,05,63,636","6,72,09,615",37.20%,"11,33,54,021",62.80%,2016
51,Allegiant,"17,92,46,868","6,61,84,051",36.90%,"11,30,62,817",63.10%,2016
52,Operation Mekong,"17,38,39,072","8,00,012",0.50%,"17,30,39,060",99.50%,2016
53,The Girl on the Train,"17,31,85,859","7,53,95,035",43.50%,"9,77,90,824",56.50%,2016
54,The Huntsman: Winter's War,"16,49,89,338","4,83,90,190",29.30%,"11,65,99,148",70.70%,2016
55,The Magnificent Seven,"16,23,60,636","9,34,32,655",57.50%,"6,89,27,981",42.50%,2016
56,Jack Reacher: Never Go Back,"16,21,46,076","5,86,97,076",36.20%,"10,34,49,000",63.80%,2016
57,Don't Breathe,"15,77,61,002","8,92,17,875",56.60%,"6,85,43,127",43.40%,2016
58,The Accountant,"15,55,60,045","8,62,60,045",55.50%,"6,93,00,000",44.50%,2016
59,Lights Out,"14,93,68,835","6,72,68,835",45%,"8,21,00,000",55%,2016
60,Time Raiders,"14,58,19,137",0,0,"14,58,19,137",100%,2016
61,Pete's Dragon,"14,36,95,338","7,62,33,151",53.10%,"6,74,62,187",46.90%,2016
62,Sausage Party,"14,07,05,322","9,76,85,686",69.40%,"4,30,19,636",30.60%,2016
63,Lion,"14,03,12,928","5,17,38,905",36.90%,"8,85,74,023",63.10%,2016
64,Skiptrace,"13,65,79,287",0,0,"13,65,79,287",100%,2016
65,Mechanic: Resurrection,"12,57,29,635","2,12,18,403",16.90%,"10,45,11,232",83.10%,2016
66,Deepwater Horizon,"12,17,90,373","6,14,33,527",50.40%,"6,03,56,846",49.60%,2016
67,Allied,"11,95,20,023","4,00,98,064",33.50%,"7,94,21,959",66.50%,2016
68,I Belonged to You,"11,91,07,580","7,44,541",0.60%,"11,83,63,039",99.40%,2016
69,The Shallows,"11,91,00,758","5,51,24,043",46.30%,"6,39,76,715",53.70%,2016
70,The Purge: Election Year,"11,85,87,880","7,92,13,375",66.80%,"3,93,74,505",33.20%,2016
71,Why Him?,"11,81,02,725","6,03,23,786",51.10%,"5,77,78,939",48.90%,2016
72,Book of Love,"11,46,79,097",0,0,"11,46,79,097",100%,2016
73,Office Christmas Party,"11,45,01,299","5,47,67,494",47.80%,"5,97,33,805",52.20%,2016
74,How to Be Single,"11,25,43,513","4,68,43,513",41.60%,"6,57,00,000",58.40%,2016
75,10 Cloverfield Lane,"11,02,16,998","7,20,82,998",65.40%,"3,81,34,000",34.60%,2016
76,Neighbors 2: Sorority Rising,"10,80,07,109","5,54,55,765",51.30%,"5,25,51,344",48.70%,2016
77,Cold War 2,"10,31,97,501","5,60,824",0.50%,"10,26,36,677",99.50%,2016
78,Railroad Tigers,"10,22,05,175","2,18,044",0.20%,"10,19,87,131",99.80%,2016
79,Some Like It Hot,"9,57,21,752","1,00,026",0.10%,"9,56,21,726",99.90%,2016
80,Dirty Grandpa,"9,40,73,028","3,55,93,113",37.80%,"5,84,79,915",62.20%,2016
81,Ben0Hur,"9,40,61,311","2,64,10,477",28.10%,"6,76,50,834",71.90%,2016
82,Money Monster,"9,32,82,604","4,10,12,075",44%,"5,22,70,529",56%,2016
83,Train to Busan,"9,27,42,323","21,29,768",2.30%,"9,06,12,555",97.70%,2016
84,My Big Fat Greek Wedding 2,"9,06,32,641","5,96,89,605",65.90%,"3,09,43,036",34.10%,2016
85,Collateral Beauty,"8,86,16,021","3,10,16,021",35%,"5,76,00,000",65%,2016
86,Line Walker,"8,82,28,755",0,0,"8,82,28,755",100%,2016
87,Sultan,"8,72,80,000","62,00,000",7.10%,"8,10,80,000",92.90%,2016
88,War Dogs,"8,64,34,523","4,30,34,523",49.80%,"4,34,00,000",50.20%,2016
89,Big Fish & Begonia,"8,54,09,373",0,0,"8,54,09,373",100%,2016
90,Nerve,"8,52,51,425","3,85,83,626",45.30%,"4,66,67,799",54.70%,2016
91,Leap!,"8,41,97,417","28,44,490",3.40%,"8,13,52,927",96.60%,2016
92,Ouija: Origin of Evil,"8,17,05,746","3,51,44,505",43%,"4,65,61,241",57%,2016
93,Underworld: Blood Wars,"8,10,93,313","3,03,53,973",37.40%,"5,07,39,340",62.60%,2016
94,Manchester by the Sea,"7,89,88,148","4,76,95,371",60.40%,"3,12,92,777",39.60%,2016
95,The Boss,"7,88,44,582","6,32,85,885",80.30%,"1,55,58,697",19.70%,2016
96,Shin Godzilla,"7,79,47,607","19,18,403",2.50%,"7,60,29,204",97.50%,2016
97,Mike and Dave Need Wedding Dates,"7,70,68,246","4,60,09,673",59.70%,"3,10,58,573",40.30%,2016
98,Kubo and the Two Strings,"7,62,49,438","4,80,23,088",63%,"2,82,26,350",37%,2016
99,Quo vado?,"7,58,78,701",0,0,"7,58,78,701",100%,2016
100,Boo! A Madea Halloween,"7,48,27,344","7,32,06,343",97.80%,"16,21,001",2.20%,2016
101,Miracles from Heaven,"7,39,83,003","6,17,05,123",83.40%,"1,22,77,880",16.60%,2016
102,The Nice Guys,"7,12,61,763","3,62,61,763",50.90%,"3,50,00,000",49.10%,2016
103,I Am Not Madame Bovary,"7,08,26,207","4,36,798",0.60%,"7,03,89,409",99.40%,2016
104,See You Tomorrow,"7,00,65,569",0,0,"7,00,65,569",100%,2016
105,One Piece Film: Gold,"6,62,07,073","4,23,593",0.60%,"6,57,83,480",99.40%,2016
106,Moonlight,"6,51,72,611","2,78,54,932",42.70%,"3,73,17,679",57.30%,2016
107,Monster Trucks,"6,44,93,915","3,33,70,166",51.70%,"3,11,23,749",48.30%,2016
108,Fences,"6,44,14,761","5,76,82,904",89.50%,"67,31,857",10.50%,2016
109,"Hail, Caesar!","6,36,47,656","3,04,98,085",47.90%,"3,31,49,571",52.10%,2016
110,Huo guo ying xiong,"5,81,06,427","7,79,818",1.30%,"5,73,26,609",98.70%,2016
111,L.O.R.D: Legend of Ravaging Dynasties,"5,80,89,494","3,50,456",0.60%,"5,77,39,038",99.40%,2016
112,Nine Lives,"5,78,14,445","1,97,00,032",34.10%,"3,81,14,413",65.90%,2016
113,Zoolander 2,"5,67,22,693","2,88,48,693",50.90%,"2,78,74,000",49.10%,2016
114,Barbershop: The Next Cut,"5,56,30,051","5,40,30,051",97.10%,"16,00,000",2.90%,2016
115,The Age of Shadows,"5,44,91,162","5,41,719",1%,"5,39,49,443",99%,2016
116,A Chinese Odyssey: Part Three,"5,33,06,108",0,0,"5,33,06,108",100%,2016
117,Tunnel,"5,24,44,295","5,68,876",1.10%,"5,18,75,419",98.90%,2016
118,Patriots Day,"5,21,85,751","3,18,86,361",61.10%,"2,02,99,390",38.90%,2016
119,My Beloved Bodyguard,"5,21,65,873",0,0,"5,21,65,873",100%,2016
120,The Finest Hours,"5,20,99,090","2,75,69,558",52.90%,"2,45,29,532",47.10%,2016
121,Master,"5,16,36,415","5,97,251",1.20%,"5,10,39,164",98.80%,2016
122,Doraemon the Movie: Nobita and the Birth of Japan,"5,09,39,840",0,0,"5,09,39,840",100%,2016
123,The Wailing,"4,98,51,770","7,86,633",1.60%,"4,90,65,137",98.40%,2016
124,Two Is a Family,"4,96,19,118",0,0,"4,96,19,118",100%,2016
125,Never Gone,"4,89,80,792","96,421",0.20%,"4,88,84,371",99.80%,2016
126,Luck0Key,"4,89,13,975","4,66,505",1%,"4,84,47,470",99%,2016
127,Florence Foster Jenkins,"4,89,02,953","2,73,83,770",56%,"2,15,19,183",44%,2016
128,Mother's Day,"4,87,82,670","3,24,92,859",66.60%,"1,62,89,811",33.40%,2016
129,"Yo0kai Watch Movie: It's the Secret of Birth, Meow! 2016 Re0release","4,76,42,462",0,0,"4,76,42,462",100%,2016
130,A Monster Calls,"4,73,09,313","37,40,823",7.90%,"4,35,68,490",92.10%,2016
131,Risen,"4,64,32,579","3,68,80,033",79.40%,"95,52,546",20.60%,2016
132,Eddie the Eagle,"4,61,52,800","1,57,89,389",34.20%,"3,03,63,411",65.80%,2016
133,Blair Witch,"4,51,73,154","2,07,77,061",46%,"2,43,96,093",54%,2016
134,Boonie Bears: The Big Top Secret,"4,51,50,390",0,0,"4,51,50,390",100%,2016
135,Café Society,"4,37,63,247","1,11,03,205",25.40%,"3,26,60,042",74.60%,2016
136,League of Gods,"4,34,98,766","1,81,633",0.40%,"4,33,17,133",99.60%,2016
137,Almost Christmas,"4,25,80,920","4,21,58,780",99%,"4,22,140",1%,2016
138,The Witch,"4,04,23,945","2,51,38,705",62.20%,"1,52,85,240",37.80%,2016
139,The Wild Life,"4,00,75,446","80,05,586",20%,"3,20,69,860",80%,2016
140,Love O2O,"3,99,69,537",0,0,"3,99,69,537",100%,2016
141,The Forest,"3,97,12,000","2,65,94,261",67%,"1,31,17,739",33%,2016
142,Absolutely Fabulous: The Movie,"3,92,19,109","47,72,155",12.20%,"3,44,46,954",87.80%,2016
143,My Mom Is a Character 2,"3,91,95,565",0,0,"3,91,95,565",100%,2016
144,Masterpiece Mystery: Sherlock: The Abominable Bride,"3,91,39,204",0,0,"3,91,39,204",100%,2016
145,"Crouching Tiger, Hidden Dragon: Sword of Destiny","3,86,59,039",0,0,"3,86,59,039",100%,2016
146,Hell or High Water,"3,78,79,877","2,70,07,844",71.30%,"1,08,72,033",28.70%,2016
147,Mission Milano,"3,77,49,848",0,0,"3,77,49,848",100%,2016
148,The Handmaiden,"3,76,92,886","20,06,788",5.30%,"3,56,86,098",94.70%,2016
149,Snowden,"3,73,57,216","2,15,87,519",57.80%,"1,57,69,697",42.20%,2016
150,Nobunaga Concerto: The Movie,"3,61,87,594",0,0,"3,61,87,594",100%,2016
151,Eye in the Sky,"3,52,59,653","1,87,04,595",53%,"1,65,55,058",47%,2016
152,The Tuche Family: The American Dream,"3,52,10,425",0,0,"3,52,10,425",100%,2016
153,Os Dez Mandamentos 0 O Filme,"3,19,98,251",0,0,"3,19,98,251",100%,2016
154,Bounty Hunters,"3,19,18,573",0,0,"3,19,18,573",100%,2016
155,Ae Dil Hai Mushkil,"3,16,68,920","42,64,983",13.50%,"2,74,03,937",86.50%,2016
156,Assassination Classroom: The Graduation,"3,13,52,921",0,0,"3,13,52,921",100%,2016
157,Perfect Strangers,"3,12,54,929",0,0,"3,12,54,929",100%,2016
158,Billy Lynn's Long Halftime Walk,"3,09,30,984","17,38,477",5.60%,"2,91,92,507",94.40%,2016
159,Pandora,"3,08,96,701",0,0,"3,08,96,701",100%,2016
160,Norm of the North,"3,07,34,502","1,70,62,499",55.50%,"1,36,72,003",44.50%,2016
161,When the Bough Breaks,"3,06,58,387","2,97,47,603",97%,"9,10,784",3%,2016
162,S Storm,"3,03,81,402",0,0,"3,03,81,402",100%,2016
163,Nocturnal Animals,"3,03,11,857","1,06,63,357",35.20%,"1,96,48,500",64.80%,2016
164,A Silent Voice: The Movie,"3,00,21,659","3,10,407",1%,"2,97,11,252",99%,2016
165,Keeping Up with the Joneses,"2,99,18,745","1,49,04,426",49.80%,"1,50,14,319",50.20%,2016
166,Jackie,"2,97,77,777","1,39,60,394",46.90%,"1,58,17,383",53.10%,2016
167,Masterminds,"2,96,74,699","1,73,68,022",58.50%,"1,23,06,677",41.50%,2016
168,Flight Crew,"2,91,71,110",0,0,"2,91,71,110",100%,2016
169,Viking,"2,91,61,298",0,0,"2,91,61,298",100%,2016
170,M.S. Dhoni: The Untold Story,"2,89,03,047","18,01,550",6.20%,"2,71,01,497",93.80%,2016
171,Fan,"2,82,40,000","23,00,000",8.10%,"2,59,40,000",91.90%,2016
172,"Yôkai Watch: the Movie: The Flying Whale and the Grand Adventure of the Double Worlds, Meow!","2,81,10,245",0,0,"2,81,10,245",100%,2016
173,Welcome to Germany,"2,80,36,021",0,0,"2,80,36,021",100%,2016
174,The Brothers Grimsby,"2,79,79,040","68,74,837",24.60%,"2,11,04,203",75.40%,2016
175,When Larry Meets Mary,"2,78,63,090",0,0,"2,78,63,090",100%,2016
176,Yesterday Once More,"2,74,13,790",0,0,"2,74,13,790",100%,2016
177,The Light Between Oceans,"2,59,75,621","1,25,45,979",48.30%,"1,34,29,642",51.70%,2016
178,A Beautiful Planet,"2,57,30,120","1,56,50,615",60.80%,"1,00,79,505",39.20%,2016
179,Mr. Donkey,"2,55,37,759","3,56,255",1.40%,"2,51,81,504",98.60%,2016
180,Born in China,"2,50,81,168","1,38,73,211",55.30%,"1,12,07,957",44.70%,2016
181,Race,"2,50,70,261","1,92,06,207",76.60%,"58,64,054",23.40%,2016
182,Call of Heroes,"2,50,40,561",0,0,"2,50,40,561",100%,2016
183,Free State of Jones,"2,50,35,950","2,08,10,036",83.10%,"42,25,914",16.90%,2016
184,Whiskey Tango Foxtrot,"2,49,72,139","2,30,83,334",92.40%,"18,88,805",7.60%,2016
185,Soulmate,"2,46,84,439",0,0,"2,46,84,439",100%,2016
186,The Snow Queen 3: Fire and Ice,"2,46,44,317",0,0,"2,46,44,317",100%,2016
187,God's Not Dead 2,"2,44,87,848","2,07,74,575",84.80%,"37,13,273",15.20%,2016
188,Camping 3,"2,42,24,579",0,0,"2,42,24,579",100%,2016
189,The Founder,"2,41,21,245","1,27,86,053",53%,"1,13,35,192",47%,2016
190,Bad Santa 2,"2,40,79,268","1,77,82,178",73.80%,"62,97,090",26.20%,2016
191,Spirits' Homecoming,"2,38,57,217","1,25,616",0.50%,"2,37,31,601",99.50%,2016
192,Silence,"2,38,34,809","71,00,177",29.80%,"1,67,34,632",70.20%,2016
193,Kevin Hart: What Now?,"2,35,91,043","2,35,91,043",100%,0,0,2016
194,No Manches Frida,"2,35,40,937","1,15,28,613",49%,"1,20,12,324",51%,2016
195,Middle School: The Worst Years of My Life,"2,33,16,139","2,00,07,149",85.80%,"33,08,990",14.20%,2016
196,Triple 9,"2,31,77,948","1,26,39,297",54.50%,"1,05,38,651",45.50%,2016
197,Rock Dog,"2,31,39,802","94,20,546",40.70%,"1,37,19,256",59.30%,2016
198,The Choice,"2,30,64,015","1,87,30,891",81.20%,"43,33,124",18.80%,2016
199,Penny Pincher!,"2,29,55,486",0,0,"2,29,55,486",100%,2016
0,Star Wars: Episode VIII 0 The Last Jedi,"1,33,25,39,889","62,01,81,382",46.50%,"71,23,58,507",53.50%,2017
1,Beauty and the Beast,"1,26,35,21,126","50,40,14,165",39.90%,"75,95,06,961",60.10%,2017
2,The Fate of the Furious,"1,23,60,05,118","22,60,08,385",18.30%,"1,00,99,96,733",81.70%,2017
3,Despicable Me 3,"1,03,47,99,409","26,46,24,300",25.60%,"77,01,75,109",74.40%,2017
4,Jumanji: Welcome to the Jungle,"96,20,77,546","40,45,15,480",42%,"55,75,62,066",58%,2017
5,Spider0Man: Homecoming,"88,01,66,924","33,42,01,140",38%,"54,59,65,784",62%,2017
6,Wolf Warrior 2,"87,03,25,439","27,21,100",0.30%,"86,76,04,339",99.70%,2017
7,Guardians of the Galaxy Vol. 2,"86,37,56,051","38,98,13,101",45.10%,"47,39,42,950",54.90%,2017
8,Thor: Ragnarok,"85,39,77,126","31,50,58,289",36.90%,"53,89,18,837",63.10%,2017
9,Wonder Woman,"82,29,63,408","41,25,63,408",50.10%,"41,04,00,000",49.90%,2017
10,Coco,"81,46,41,172","21,04,60,015",25.80%,"60,41,81,157",74.20%,2017
11,Pirates of the Caribbean: Dead Men Tell No Tales,"79,48,61,794","17,25,58,876",21.70%,"62,23,02,918",78.30%,2017
12,It,"70,27,81,748","32,74,81,748",46.60%,"37,53,00,000",53.40%,2017
13,Justice League,"66,13,24,295","22,90,24,295",34.60%,"43,23,00,000",65.40%,2017
14,Logan,"61,90,21,436","22,62,77,068",36.60%,"39,27,44,368",63.40%,2017
15,Transformers: The Last Knight,"60,54,25,157","13,01,68,683",21.50%,"47,52,56,474",78.50%,2017
16,Kong: Skull Island,"56,86,52,812","16,80,52,812",29.60%,"40,06,00,000",70.40%,2017
17,The Boss Baby,"52,79,65,936","17,50,03,033",33.10%,"35,29,62,903",66.90%,2017
18,Dunkirk,"52,60,45,546","18,80,45,546",35.70%,"33,80,00,000",64.30%,2017
19,War for the Planet of the Apes,"49,07,19,763","14,68,80,162",29.90%,"34,38,39,601",70.10%,2017
20,The Greatest Showman,"43,49,93,183","17,43,40,174",40.10%,"26,06,53,009",59.90%,2017
21,Kingsman: The Golden Circle,"41,09,02,662","10,02,34,838",24.40%,"31,06,67,824",75.60%,2017
22,The Mummy,"40,92,31,607","8,02,27,895",19.60%,"32,90,03,712",80.40%,2017
23,Cars 3,"38,39,30,656","15,29,01,115",39.80%,"23,10,29,541",60.20%,2017
24,Fifty Shades Darker,"38,15,45,846","11,45,81,250",30%,"26,69,64,596",70%,2017
25,Murder on the Orient Express,"35,27,89,811","10,28,26,543",29.10%,"24,99,63,268",70.90%,2017
26,xXx: Return of Xander Cage,"34,61,18,277","4,48,98,413",13%,"30,12,19,864",87%,2017
27,Never Say Die,"33,45,30,869",0,0,"33,45,30,869",100%,2017
28,The Lego Batman Movie,"31,21,50,384","17,57,50,384",56.30%,"13,64,00,000",43.70%,2017
29,The Ex0File 3: Return of the Exes,"30,75,92,427","8,38,959",0.30%,"30,67,53,468",99.70%,2017
30,Annabelle: Creation,"30,65,92,201","10,20,92,201",33.30%,"20,45,00,000",66.70%,2017
31,Wonder,"30,59,37,718","13,24,22,809",43.30%,"17,35,14,909",56.70%,2017
32,Ferdinand,"29,60,69,199","8,44,10,380",28.50%,"21,16,58,819",71.50%,2017
33,Split,"27,84,54,358","13,82,91,365",49.70%,"14,01,62,993",50.30%,2017
34,Blade Runner 2049,"25,91,54,159","9,20,54,159",35.50%,"16,71,00,000",64.50%,2017
35,Kung Fu Yoga,"25,77,43,016","3,62,657",0.10%,"25,73,80,359",99.90%,2017
36,Get Out,"25,54,07,969","17,60,40,665",68.90%,"7,93,67,304",31.10%,2017
37,Baahubali 2: The Conclusion,"25,41,58,390","2,01,86,659",7.90%,"23,39,71,731",92.10%,2017
38,Journey to the West: The Demons Strike Back,"24,75,85,244","8,80,346",0.40%,"24,67,04,898",99.60%,2017
39,Alien: Covenant,"24,08,91,763","7,42,62,031",30.80%,"16,66,29,732",69.20%,2017
40,Paddington 2,"22,72,91,591","4,08,91,591",18%,"18,64,00,000",82%,2017
41,Youth,"22,70,91,290","18,91,956",0.80%,"22,51,99,334",99.20%,2017
42,Baby Driver,"22,69,45,087","10,78,25,862",47.50%,"11,91,19,225",52.50%,2017
43,Valerian and the City of a Thousand Planets,"22,58,74,228","4,11,89,488",18.20%,"18,46,84,740",81.80%,2017
44,Geostorm,"22,19,00,160","3,37,00,160",15.20%,"18,82,00,000",84.80%,2017
45,The Emoji Movie,"21,77,76,646","8,60,89,513",39.50%,"13,16,87,133",60.50%,2017
46,A Dog's Purpose,"20,50,35,819","6,45,08,620",31.50%,"14,05,27,199",68.50%,2017
47,Smurfs: The Lost Village,"19,71,83,546","4,50,20,282",22.80%,"15,21,63,264",77.20%,2017
48,The Shape of Water,"19,52,43,464","6,38,59,435",32.70%,"13,13,84,029",67.30%,2017
49,Pitch Perfect 3,"18,54,00,345","10,48,97,530",56.60%,"8,05,02,815",43.40%,2017
50,The Hitman's Bodyguard,"18,34,15,183","7,54,68,583",41.10%,"10,79,46,600",58.90%,2017
51,Daddy's Home 2,"18,06,13,180","10,40,29,443",57.60%,"7,65,83,737",42.40%,2017
52,The Post,"17,97,69,457","8,19,03,458",45.60%,"9,78,65,999",54.40%,2017
53,Baywatch,"17,78,56,751","5,80,60,186",32.60%,"11,97,96,565",67.40%,2017
54,John Wick: Chapter 2,"17,15,39,887","9,20,29,184",53.60%,"7,95,10,703",46.40%,2017
55,Ghost in the Shell,"16,98,01,921","4,05,63,557",23.90%,"12,92,38,364",76.10%,2017
56,"Three Billboards Outside Ebbing, Missouri","16,00,60,063","5,45,13,740",34.10%,"10,55,46,323",65.90%,2017
57,Duckweed,"15,28,94,264","4,71,575",0.30%,"15,24,22,689",99.70%,2017
58,Darkest Hour,"15,08,47,207","5,64,68,410",37.40%,"9,43,78,797",62.60%,2017
59,King Arthur: Legend of the Sword,"14,91,75,066","3,91,75,066",26.30%,"11,00,00,000",73.70%,2017
60,The Foreigner,"14,53,74,099","3,43,93,507",23.70%,"11,09,80,592",76.30%,2017
61,Power Rangers,"14,23,37,240","8,53,64,450",60%,"5,69,72,790",40%,2017
62,Girls Trip,"14,05,52,359","11,51,71,585",81.90%,"2,53,80,774",18.10%,2017
63,American Made,"13,48,66,593","5,13,42,000",38.10%,"8,35,24,593",61.90%,2017
64,A Bad Moms Christmas,"13,05,60,428","7,21,10,659",55.20%,"5,84,49,769",44.80%,2017
65,Happy Death Day,"12,54,79,266","5,56,83,845",44.40%,"6,97,95,421",55.60%,2017
66,Captain Underpants: The First Epic Movie,"12,54,27,681","7,39,21,000",58.90%,"5,15,06,681",41.10%,2017
67,The Lego Ninjago Movie,"12,36,81,555","5,92,81,555",47.90%,"6,44,00,000",52.10%,2017
68,Secret Superstar,"12,20,26,260",0,0,"12,20,26,260",100%,2017
69,The Commuter,"11,99,42,387","3,63,43,858",30.30%,"8,35,98,529",69.70%,2017
70,Forever Young,"11,90,55,731",0,0,"11,90,55,731",100%,2017
71,The Dark Tower,"11,32,31,078","5,07,01,325",44.80%,"6,25,29,753",55.20%,2017
72,Buddies in India,"11,01,55,128","2,93,194",0.30%,"10,98,61,934",99.70%,2017
73,Along With the Gods: The Two Worlds,"10,93,83,972","19,08,823",1.70%,"10,74,75,149",98.30%,2017
74,Immortal Demon Slayer,"10,38,18,506",0,0,"10,38,18,506",100%,2017
75,Jigsaw,"10,29,52,888","3,80,52,832",37%,"6,49,00,056",63%,2017
76,Life,"10,05,41,806","3,02,34,022",30.10%,"7,03,07,784",69.90%,2017
77,Atomic Blonde,"10,00,14,025","5,16,87,870",51.70%,"4,83,26,155",48.30%,2017
78,Legend of the Demon Cat,"9,70,51,623",0,0,"9,70,51,623",100%,2017
79,The Shack,"9,69,42,115","5,73,86,418",59.20%,"3,95,55,697",40.80%,2017
80,Chasing the Dragon,"8,79,65,942","4,56,854",0.50%,"8,75,09,088",99.50%,2017
81,Tiger Zinda Hai,"8,73,20,000","55,60,921",6.40%,"8,17,59,079",93.60%,2017
82,A Taxi Driver,"8,62,52,940","15,27,829",1.80%,"8,47,25,111",98.20%,2017
83,Going in Style,"8,52,18,541","4,50,18,541",52.80%,"4,02,00,000",47.20%,2017
84,Rings,"8,30,80,890","2,77,93,018",33.50%,"5,52,87,872",66.50%,2017
85,Once Upon A Time,"8,28,86,178","4,85,728",0.60%,"8,24,00,450",99.40%,2017
86,Paradox,"7,92,26,860",0,0,"7,92,26,860",100%,2017
87,Lady Bird,"7,89,65,611","4,89,58,273",62%,"3,00,07,338",38%,2017
88,Fantastica: A Boonie Bears Adventure,"7,71,51,096",0,0,"7,71,51,096",100%,2017
89,The Nut Job 2: Nutty by Nature,"6,87,43,485","2,83,70,522",41.30%,"4,03,72,963",58.70%,2017
90,American Assassin,"6,72,34,188","3,62,49,674",53.90%,"3,09,84,514",46.10%,2017
91,Victoria & Abdul,"6,65,58,465","2,22,45,070",33.40%,"4,43,13,395",66.60%,2017
92,Suck Me Shakespeer 3,"6,42,36,772",0,0,"6,42,36,772",100%,2017
93,Detective Conan: Crimson Love Letter,"6,31,44,805",0,0,"6,31,44,805",100%,2017
94,The Mountain Between Us,"6,28,32,209","3,03,48,555",48.30%,"3,24,83,654",51.70%,2017
95,The Star,"6,28,12,974","4,08,52,824",65%,"2,19,60,150",35%,2017
96,How to Be a Latin Lover,"6,25,47,032","3,21,49,404",51.40%,"3,03,97,628",48.60%,2017
97,47 Meters Down,"6,21,87,529","4,43,07,191",71.20%,"1,78,80,338",28.80%,2017
98,"Everything, Everything","6,17,21,140","3,41,21,140",55.30%,"2,76,00,000",44.70%,2017
99,Doraemon: Great Adventure in the Antarctic Kachi Kochi,"6,11,53,455",0,0,"6,11,53,455",100%,2017
100,Snatched,"6,08,45,711","4,58,52,178",75.40%,"1,49,93,533",24.60%,2017
101,The Founding of an Army,"6,06,00,361",0,0,"6,06,00,361",100%,2017
102,My Little Pony: The Movie,"6,03,30,833","2,18,85,107",36.30%,"3,84,45,726",63.70%,2017
103,Molly's Game,"5,92,84,015","2,87,80,744",48.50%,"3,05,03,271",51.50%,2017
104,Xian yi ren X de xian shen,"5,90,35,664","6,86,435",1.20%,"5,83,49,229",98.80%,2017
105,Shock Wave,"5,88,24,459",0,0,"5,88,24,459",100%,2017
106,Goldbuster,"5,76,28,292","1,86,135",0.30%,"5,74,42,157",99.70%,2017
107,All the Money in the World,"5,69,96,304","2,51,13,707",44.10%,"3,18,82,597",55.90%,2017
108,The Big Sick,"5,64,11,585","4,28,73,127",76%,"1,35,38,458",24%,2017
109,Confidential Assignment,"5,59,72,241","4,75,618",0.80%,"5,54,96,623",99.20%,2017
110,All Eyez on Me,"5,56,68,698","4,49,22,302",80.70%,"1,07,46,396",19.30%,2017
111,Downsizing,"5,50,03,890","2,44,49,754",44.50%,"3,05,54,136",55.50%,2017
112,"I, Tonya","5,39,39,297","3,00,14,539",55.60%,"2,39,24,758",44.40%,2017
113,1987: When the Day Comes,"5,38,34,292",0,0,"5,38,34,292",100%,2017
114,The Outlaws,"5,29,46,454",0,0,"5,29,46,454",100%,2017
115,Bleeding Steel,"4,88,25,526",0,0,"4,88,25,526",100%,2017
116,Logan Lucky,"4,84,53,605","2,77,80,977",57.30%,"2,06,72,628",42.70%,2017
117,Boo 2! A Madea Halloween,"4,83,33,932","4,73,19,572",97.90%,"10,14,360",2.10%,2017
118,Sky Hunter,"4,80,65,601",0,0,"4,80,65,601",100%,2017
119,Phantom Thread,"4,77,56,590","2,11,98,205",44.40%,"2,65,58,385",55.60%,2017
120,Rough Night,"4,73,47,283","2,21,05,643",46.70%,"2,52,41,640",53.30%,2017
121,Son of Bigfoot,"4,70,46,281","2,89,308",0.60%,"4,67,56,973",99.40%,2017
122,Three Seconds,"4,65,96,415",0,0,"4,65,96,415",100%,2017
123,The Thousand Faces of Dunjia,"4,62,63,237","1,24,187",0.30%,"4,61,39,050",99.70%,2017
124,The Battleship Island,"4,61,83,383","11,04,957",2.40%,"4,50,78,426",97.60%,2017
125,Hanson and the Beast,"4,61,54,323",0,0,"4,61,54,323",100%,2017
126,Gintama Live Action the Movie,"4,57,46,967",0,0,"4,57,46,967",100%,2017
127,Guilty of Mind,"4,56,98,503",0,0,"4,56,98,503",100%,2017
128,Flatliners,"4,51,58,254","1,68,83,115",37.40%,"2,82,75,139",62.60%,2017
129,Bad Genius,"4,45,60,421",0,0,"4,45,60,421",100%,2017
130,Mother!,"4,45,16,999","1,78,00,004",40%,"2,67,16,995",60%,2017
131,Wind River,"4,39,80,821","3,38,00,859",76.90%,"1,01,79,962",23.10%,2017
132,Battle of Memories,"4,38,92,362","5,94,552",1.40%,"4,32,97,810",98.60%,2017
133,The Snowman,"4,31,55,261","67,00,035",15.50%,"3,64,55,226",84.50%,2017
134,Gifted,"4,30,46,590","2,48,01,212",57.60%,"1,82,45,378",42.40%,2017
135,Loving Vincent,"4,21,87,665","67,35,118",16%,"3,54,52,547",84%,2017
136,Call Me by Your Name,"4,21,12,584","1,80,95,701",43%,"2,40,16,883",57%,2017
137,Mary and the Witch's Flower,"4,19,78,431","24,18,404",5.80%,"3,95,60,027",94.20%,2017
138,T2 Trainspotting,"4,16,81,746","24,02,004",5.80%,"3,92,79,742",94.20%,2017
139,Fist Fight,"4,11,87,017","3,21,87,017",78.10%,"90,00,000",21.90%,2017
140,The Circle,"4,06,56,399","2,04,97,844",50.40%,"2,01,58,555",49.60%,2017
141,Diary of a Wimpy Kid: The Long Haul,"4,01,40,972","2,07,38,724",51.70%,"1,94,02,248",48.30%,2017
142,Brotherhood of Blades 2,"3,99,66,092","14,204",0,"3,99,51,888",100%,2017
143,Midnight Runners,"3,97,30,433",0,0,"3,97,30,433",100%,2017
144,The King,"3,78,86,707",0,0,"3,78,86,707",100%,2017
145,Pokémon the Movie: I Choose You!,"3,75,52,144","24,01,722",6.40%,"3,51,50,422",93.60%,2017
146,Home Again,"3,72,70,721","2,70,20,284",72.50%,"1,02,50,437",27.50%,2017
147,The Adventurers,"3,67,96,816","2,16,556",0.60%,"3,65,80,260",99.40%,2017
148,"Tad, the Lost Explorer, and the Secret of King Midas","3,57,04,046","5,874",0,"3,56,98,172",100%,2017
149,Hostiles,"3,56,69,017","2,98,19,114",83.60%,"58,49,903",16.40%,2017
150,Namiya,"3,53,51,623","70,814",0.20%,"3,52,80,809",99.80%,2017
151,Destiny: The Tale of Kamakura,"3,51,66,640",0,0,"3,51,66,640",100%,2017
152,The Liquidator,"3,50,46,130",0,0,"3,50,46,130",100%,2017
153,Kidnap,"3,48,14,102","3,09,71,040",89%,"38,43,062",11%,2017
154,R.A.I.D. Special Unit,"3,45,98,750",0,0,"3,45,98,750",100%,2017
155,The House,"3,42,84,504","2,55,84,504",74.60%,"87,00,000",25.40%,2017
156,I Want to Eat Your Pancreas,"3,37,48,006","2,77,019",0.80%,"3,34,70,987",99.20%,2017
157,Perfect Strangers,"3,32,62,366","10,14,507",3.10%,"3,22,47,859",96.90%,2017
158,Sleepless,"3,29,17,353","2,07,83,704",63.10%,"1,21,33,649",36.90%,2017
159,Hindi Medium,"3,28,41,493",0,0,"3,28,41,493",100%,2017
160,Steel Rain,"3,27,83,733",0,0,"3,27,83,733",100%,2017
161,The House That Never Dies II,"3,24,33,588",0,0,"3,24,33,588",100%,2017
162,The Invisible Guest,"3,11,91,910",0,0,"3,11,91,910",100%,2017
163,This Is Not What I Expected,"3,09,96,615","3,37,670",1.10%,"3,06,58,945",98.90%,2017
164,The Last Warrior,"3,06,18,274",0,0,"3,06,18,274",100%,2017
165,Reset 2017 Re0release,"2,99,49,252","1,08,970",0.40%,"2,98,40,282",99.60%,2017
166,The Bye Bye Man,"2,98,74,280","2,23,95,806",75%,"74,78,474",25%,2017
167,The Disaster Artist,"2,98,20,616","2,11,20,616",70.80%,"87,00,000",29.20%,2017
168,The Swindlers,"2,97,21,916","2,41,916",0.80%,"2,94,80,000",99.20%,2017
169,Alibi.com,"2,93,70,592",0,0,"2,93,70,592",100%,2017
170,Sword Art Online the Movie: Ordinal Scale,"2,93,22,339","15,22,976",5.20%,"2,77,99,363",94.80%,2017
171,Recep Ivedik 5,"2,89,52,258",0,0,"2,89,52,258",100%,2017
172,Judwaa 2,"2,87,33,523","14,31,255",5%,"2,73,02,268",95%,2017
173,The Fortress,"2,86,45,448","2,52,895",0.90%,"2,83,92,553",99.10%,2017
174,What Happened to Monday,"2,79,75,429",0,0,"2,79,75,429",100%,2017
175,Monster Family,"2,78,90,108","1,27,259",0.50%,"2,77,62,849",99.50%,2017
176,The Beguiled,"2,78,69,129","1,07,09,995",38.40%,"1,71,59,134",61.60%,2017
177,CHIPS,"2,68,00,152","1,86,00,152",69.40%,"82,00,000",30.60%,2017
178,A Cure for Wellness,"2,66,20,002","81,06,986",30.50%,"1,85,13,016",69.50%,2017
179,Only the Brave,"2,63,51,322","1,83,43,983",69.60%,"80,07,339",30.40%,2017
180,Twenty Two,"2,62,89,378","46,796",0.20%,"2,62,42,582",99.80%,2017
181,The Zookeeper's Wife,"2,61,52,835","1,75,71,660",67.20%,"85,81,175",32.80%,2017
182,The Bride of Badrinath,"2,61,34,309","19,93,259",7.60%,"2,41,41,050",92.40%,2017
183,A Chinese Odyssey: Part 2 0 Cinderella 2017 Re0release,"2,59,60,664",0,0,"2,59,60,664",100%,2017
184,Love Off the Cuff,"2,59,59,989",0,0,"2,59,59,989",100%,2017
185,Father Figures,"2,57,01,244","1,75,01,244",68.10%,"82,00,000",31.90%,2017
186,Fireworks,"2,56,72,406","5,25,280",2%,"2,51,47,126",98%,2017
187,Money,"2,54,03,753",0,0,"2,54,03,753",100%,2017
188,Leap! 2017 Re0release,"2,53,76,094","2,18,58,070",86.10%,"35,18,024",13.90%,2017
189,The Death of Stalin,"2,46,46,055","80,47,856",32.70%,"1,65,98,199",67.30%,2017
190,The 80Year Engagement,"2,44,25,963",0,0,"2,44,25,963",100%,2017
191,Jolly LLB 2,"2,42,14,186","16,54,254",6.80%,"2,25,59,932",93.20%,2017
192,I Can Speak,"2,40,24,444","63,239",0.30%,"2,39,61,205",99.70%,2017
193,Wish Upon,"2,34,68,586","1,43,01,505",60.90%,"91,67,081",39.10%,2017
194,Detroit,"2,33,55,100","1,67,90,139",71.90%,"65,64,961",28.10%,2017
195,Extraordinary Mission,"2,27,57,764","54,174",0.20%,"2,27,03,590",99.80%,2017
196,The Glass Castle,"2,20,88,533","1,72,73,059",78.20%,"48,15,474",21.80%,2017
197,Épouse0moi mon pote,"2,15,71,464",0,0,"2,15,71,464",100%,2017
198,The Prison,"2,12,05,329","2,07,481",1%,"2,09,97,848",99%,2017
199,One Hundred Thousand Bad Jokes 2,"2,04,60,352",0,0,"2,04,60,352",100%,2017
0,Avengers: Infinity War,"2,04,83,59,754","67,88,15,482",33.10%,"1,36,95,44,272",66.90%,2018
1,Black Panther,"1,34,69,13,161","70,00,59,566",52%,"64,68,53,595",48%,2018
2,Jurassic World: Fallen Kingdom,"1,30,84,67,944","41,77,19,760",31.90%,"89,07,48,184",68.10%,2018
3,Incredibles 2,"1,24,28,05,359","60,85,81,744",49%,"63,42,23,615",51%,2018
4,Aquaman,"1,15,19,61,807","33,50,61,807",29.10%,"81,69,00,000",70.90%,2018
5,Bohemian Rhapsody,"90,36,55,259","21,64,28,042",24%,"68,72,27,217",76%,2018
6,Venom,"85,60,85,151","21,35,15,506",24.90%,"64,25,69,645",75.10%,2018
7,Mission: Impossible 0 Fallout,"79,11,15,104","22,01,59,104",27.80%,"57,09,56,000",72.20%,2018
8,Deadpool 2,"73,45,46,611","31,84,91,426",43.40%,"41,60,55,185",56.60%,2018
9,Fantastic Beasts: The Crimes of Grindelwald,"65,57,55,901","15,95,55,901",24.30%,"49,62,00,000",75.70%,2018
10,Ant0Man and the Wasp,"62,26,74,139","21,66,48,740",34.80%,"40,60,25,399",65.20%,2018
11,Ready Player One,"58,34,90,172","13,76,90,172",23.60%,"44,58,00,000",76.40%,2018
12,Operation Red Sea,"57,93,30,426","15,43,547",0.30%,"57,77,86,879",99.70%,2018
13,Detective Chinatown 2,"54,41,85,156","19,83,984",0.40%,"54,22,01,172",99.60%,2018
14,Ralph Breaks the Internet,"52,93,23,962","20,10,91,711",38%,"32,82,32,251",62%,2018
15,The Meg,"52,92,43,742","14,54,43,742",27.50%,"38,38,00,000",72.50%,2018
16,Hotel Transylvania 3: Summer Vacation,"52,85,83,774","16,75,10,016",31.70%,"36,10,73,758",68.30%,2018
17,The Grinch,"51,24,53,517","27,14,78,510",53%,"24,09,75,007",47%,2018
18,Bumblebee,"46,79,89,645","12,71,95,589",27.20%,"34,07,94,056",72.80%,2018
19,Dying to Survive,"45,11,76,639",0,0,"45,11,76,639",100%,2018
20,A Star Is Born,"43,63,88,866","21,52,88,866",49.30%,"22,11,00,000",50.70%,2018
21,Rampage,"42,81,28,233","10,10,28,233",23.60%,"32,71,00,000",76.40%,2018
22,Mamma Mia! Here We Go Again,"39,50,44,706","12,06,34,935",30.50%,"27,44,09,771",69.50%,2018
23,Solo: A Star Wars Story,"39,29,24,807","21,37,67,512",54.40%,"17,91,57,295",45.60%,2018
24,Spider0Man: Into the Spider0Verse,"37,55,82,637","19,02,41,310",50.70%,"18,53,41,327",49.30%,2018
25,Fifty Shades Freed,"37,19,85,018","10,04,07,760",27%,"27,15,77,258",73%,2018
26,Hello Mr. Billionaire,"36,69,61,907",0,0,"36,69,61,907",100%,2018
27,The Nun,"36,60,50,119","11,74,50,119",32.10%,"24,86,00,000",67.90%,2018
28,Monster Hunt 2,"36,16,82,618","7,06,153",0.20%,"36,09,76,465",99.80%,2018
29,Peter Rabbit,"35,12,66,433","11,52,53,424",32.80%,"23,60,13,009",67.20%,2018
30,Mary Poppins Returns,"34,95,37,494","17,19,58,438",49.20%,"17,75,79,056",50.80%,2018
31,A Quiet Place,"34,09,39,361","18,80,24,361",55.10%,"15,29,15,000",44.90%,2018
32,Green Book,"32,17,52,656","8,50,80,171",26.40%,"23,66,72,485",73.60%,2018
33,Skyscraper,"30,48,68,961","6,84,20,120",22.40%,"23,64,48,841",77.60%,2018
34,Ocean's Eight,"29,77,18,711","14,02,18,711",47.10%,"15,75,00,000",52.90%,2018
35,Pacific Rim: Uprising,"29,09,30,148","5,98,74,525",20.60%,"23,10,55,623",79.40%,2018
36,Maze Runner: The Death Cure,"28,81,75,335","5,80,32,443",20.10%,"23,01,42,892",79.90%,2018
37,Tomb Raider,"27,49,50,803","5,82,50,803",21.20%,"21,67,00,000",78.80%,2018
38,Halloween,"25,54,85,178","15,93,42,015",62.40%,"9,61,43,163",37.60%,2018
39,Crazy Rich Asians,"23,90,32,921","17,45,32,921",73%,"6,45,00,000",27%,2018
40,Smallfoot,"21,79,40,103","8,32,40,103",38.20%,"13,47,00,000",61.80%,2018
41,Creed II,"21,42,15,889","11,57,15,889",54%,"9,85,00,000",46%,2018
42,Us and Them,"20,92,21,380",0,0,"20,92,21,380",100%,2018
43,The Island,"19,83,26,350","6,70,883",0.30%,"19,76,55,467",99.70%,2018
44,Christopher Robin,"19,77,44,377","9,92,15,042",50.20%,"9,85,29,335",49.80%,2018
45,The Equalizer 2,"19,04,00,157","10,20,84,362",53.60%,"8,83,15,795",46.40%,2018
46,Project Gutenberg,"18,81,16,796",0,0,"18,81,16,796",100%,2018
47,The Mule,"17,48,04,407","10,38,04,407",59.40%,"7,10,00,000",40.60%,2018
48,The Nutcracker and the Four Realms,"17,39,61,069","5,48,58,851",31.50%,"11,91,02,218",68.50%,2018
49,Insidious: The Last Key,"16,78,85,588","6,77,45,330",40.40%,"10,01,40,258",59.60%,2018
50,The Predator,"16,05,42,134","5,10,24,708",31.80%,"10,95,17,426",68.20%,2018
51,Johnny English Strikes Again,"15,89,70,776","44,12,170",2.80%,"15,45,58,606",97.20%,2018
52,Red Sparrow,"15,15,72,634","4,68,74,505",30.90%,"10,46,98,129",69.10%,2018
53,More Than Blue,"14,29,58,164","7,22,669",0.50%,"14,22,35,495",99.50%,2018
54,The First Purge,"13,70,56,262","6,94,88,745",50.70%,"6,75,67,517",49.30%,2018
55,How Long Will I Love U,"13,67,96,719","7,46,933",0.50%,"13,60,49,786",99.50%,2018
56,A Wrinkle in Time,"13,26,75,864","10,04,78,608",75.70%,"3,21,97,256",24.30%,2018
57,The House with a Clock in Its Walls,"13,14,57,147","6,85,49,695",52.10%,"6,29,07,452",47.90%,2018
58,Instant Family,"12,05,56,201","6,73,63,237",55.90%,"5,31,92,964",44.10%,2018
59,A Cool Fish,"11,81,53,135","5,51,876",0.50%,"11,76,01,259",99.50%,2018
60,Game Night,"11,76,79,066","6,91,79,066",58.80%,"4,85,00,000",41.20%,2018
61,Dragon Ball Super: Broly,"11,57,50,445","3,07,12,119",26.50%,"8,50,38,326",73.50%,2018
62,The Monkey King 3,"11,50,84,576","1,87,074",0.20%,"11,48,97,502",99.80%,2018
63,First Man,"10,56,97,415","4,49,36,545",42.50%,"6,07,60,870",57.50%,2018
64,Book Club,"10,44,38,188","6,85,66,296",65.70%,"3,58,71,892",34.30%,2018
65,Night School,"10,31,05,878","7,73,39,130",75%,"2,57,66,748",25%,2018
66,Detective Conan: Zero the Enforcer,"10,18,60,359",0,0,"10,18,60,359",100%,2018
67,Alpha,"9,96,30,675","3,58,57,181",36%,"6,37,73,494",64%,2018
68,Along With the Gods: The Last 49 Days,"9,79,62,238","12,00,246",1.20%,"9,67,61,992",98.80%,2018
69,A Simple Favor,"9,76,44,617","5,35,48,586",54.80%,"4,40,96,031",45.20%,2018
70,Boonie Bears: The Big Shrink,"9,68,45,907",0,0,"9,68,45,907",100%,2018
71,The Favourite,"9,59,18,706","3,43,66,783",35.80%,"6,15,51,923",64.20%,2018
72,Truth or Dare,"9,53,30,493","4,14,11,015",43.40%,"5,39,19,478",56.60%,2018
73,Kill Mobile,"9,48,70,905",0,0,"9,48,70,905",100%,2018
74,I Feel Pretty,"9,45,39,426","4,87,95,601",51.60%,"4,57,43,825",48.40%,2018
75,Blockers,"9,40,17,294","6,03,11,495",64.10%,"3,37,05,799",35.90%,2018
76,BlacKkKlansman,"9,34,00,823","4,92,75,340",52.80%,"4,41,25,483",47.20%,2018
77,Goosebumps 2: Haunted Halloween,"9,33,20,380","4,67,00,633",50%,"4,66,19,747",50%,2018
78,Shadow,"9,17,08,374","5,21,396",0.60%,"9,11,86,978",99.40%,2018
79,Overboard,"9,12,44,913","5,03,16,123",55.10%,"4,09,28,790",44.90%,2018
80,Sherlock Gnomes,"9,04,97,778","4,32,42,871",47.80%,"4,72,54,907",52.20%,2018
81,Detective Dee: The Four Heavenly Kings,"9,00,40,771","2,62,963",0.30%,"8,97,77,808",99.70%,2018
82,"Hello, Mrs. Money","8,68,74,070",0,0,"8,68,74,070",100%,2018
83,Robin Hood,"8,64,89,031","3,08,24,628",35.60%,"5,56,64,403",64.40%,2018
84,I Can Only Imagine,"8,60,86,881","8,34,82,352",97%,"26,04,529",3%,2018
85,Hidden Man,"8,51,70,581",0,0,"8,51,70,581",100%,2018
86,Mortal Engines,"8,36,72,673","1,59,51,040",19.10%,"6,77,21,633",80.90%,2018
87,iPartment the Movie,"8,10,96,321",0,0,"8,10,96,321",100%,2018
88,Doraemon the Movie: Nobita's Treasure Island,"8,09,20,916",0,0,"8,09,20,916",100%,2018
89,Den of Thieves,"8,05,09,622","4,49,47,622",55.80%,"3,55,62,000",44.20%,2018
90,Hereditary,"8,00,03,155","4,40,69,456",55.10%,"3,59,33,699",44.90%,2018
91,Code Blue: The Movie,"7,87,78,562",0,0,"7,87,78,562",100%,2018
92,Tag,"7,82,30,625","5,47,30,625",70%,"2,35,00,000",30%,2018
93,Sanju,"7,66,93,052","79,09,317",10.30%,"6,87,83,735",89.70%,2018
94,Vice,"7,60,73,488","4,78,36,282",62.90%,"2,82,37,206",37.10%,2018
95,Widows,"7,59,84,700","4,24,02,632",55.80%,"3,35,82,068",44.20%,2018
96,Sicario: Day of the Soldado,"7,58,37,743","5,00,72,235",66%,"2,57,65,508",34%,2018
97,Searching,"7,54,62,037","2,60,20,957",34.50%,"4,94,41,080",65.50%,2018
98,The Spy Who Dumped Me,"7,53,20,680","3,35,62,069",44.60%,"4,17,58,611",55.40%,2018
99,Animal World,"7,49,22,830",0,0,"7,49,22,830",100%,2018
100,Amazing China,"7,25,06,343",0,0,"7,25,06,343",100%,2018
101,Second Act,"7,22,82,227","3,92,82,227",54.30%,"3,30,00,000",45.70%,2018
102,Spirited Away 2018 Re0release,"7,01,86,029","11,75,067",1.70%,"6,90,10,962",98.30%,2018
103,Shoplifters,"6,79,99,335","33,13,513",4.90%,"6,46,85,822",95.10%,2018
104,12 Strong,"6,73,59,190","4,58,19,713",68%,"2,15,39,477",32%,2018
105,"Love, Simon","6,63,16,289","4,08,26,341",61.60%,"2,54,89,948",38.40%,2018
106,Mile 22,"6,63,08,758","3,61,08,758",54.50%,"3,02,00,000",45.50%,2018
107,Life of the Party,"6,56,59,911","5,30,59,911",80.80%,"1,26,00,000",19.20%,2018
108,L Storm,"6,45,17,456",0,0,"6,45,17,456",100%,2018
109,Capernaum,"6,44,17,003","16,61,096",2.60%,"6,27,55,907",97.40%,2018
110,Isle of Dogs,"6,42,41,499","3,20,15,231",49.80%,"3,22,26,268",50.20%,2018
111,Andhadhun,"6,24,75,342","11,93,046",1.90%,"6,12,82,296",98.10%,2018
112,Adrift,"5,99,45,012","3,14,45,012",52.50%,"2,85,00,000",47.50%,2018
113,The 15:17 to Paris,"5,71,76,286","3,62,76,286",63.40%,"2,09,00,000",36.60%,2018
114,A or B,"5,62,39,049",0,0,"5,62,39,049",100%,2018
115,Go Brother!,"5,46,63,060",0,0,"5,46,63,060",100%,2018
116,Early Man,"5,46,22,814","82,67,544",15.10%,"4,63,55,270",84.90%,2018
117,Peppermint,"5,39,18,723","3,54,18,723",65.70%,"1,85,00,000",34.30%,2018
118,Teen Titans GO! To the Movies,"5,23,90,236","2,97,90,236",56.90%,"2,26,00,000",43.10%,2018
119,Slender Man,"5,17,38,549","3,05,69,484",59.10%,"2,11,69,065",40.90%,2018
120,Breaking In,"5,14,11,620","4,68,40,590",91.10%,"45,71,030",8.90%,2018
121,Cry Me a Sad River,"5,14,00,614",0,0,"5,14,00,614",100%,2018
122,Once Upon a Deadpool 2018 Re0release,"5,13,49,833","61,00,309",11.90%,"4,52,49,524",88.10%,2018
123,Simmba,"5,13,29,025","51,02,129",9.90%,"4,62,26,896",90.10%,2018
124,Family is Family,"4,99,54,866",0,0,"4,99,54,866",100%,2018
125,Death Wish,"4,95,62,710","3,40,17,028",68.60%,"1,55,45,682",31.40%,2018
126,The Magic Tuche,"4,74,27,990",0,0,"4,74,27,990",100%,2018
127,Golden Job,"4,72,87,851","2,85,795",0.60%,"4,70,02,056",99.40%,2018
128,Mary Queen of Scots,"4,67,12,809","1,64,68,499",35.30%,"3,02,44,310",64.70%,2018
129,Uncle Drew,"4,66,64,414","4,24,69,946",91%,"41,94,468",9%,2018
130,Acrimony,"4,64,03,669","4,35,49,096",93.80%,"28,54,573",6.20%,2018
131,Asterix: The Secret of the Magic Potion,"4,62,15,959","12,71,953",2.80%,"4,49,44,006",97.20%,2018
132,Bajrangi Bhaijaan 2018 Re0release,"4,55,79,004",0,0,"4,55,79,004",100%,2018
133,Winchester,"4,40,19,588","2,50,91,816",57%,"1,89,27,772",43%,2018
134,Annihilation,"4,30,70,915","3,27,32,301",76%,"1,03,38,614",24%,2018
135,The Possession of Hannah Grace,"4,30,16,528","1,48,37,422",34.50%,"2,81,79,106",65.50%,2018
136,Long Day's Journey Into Night,"4,21,40,994","5,21,365",1.20%,"4,16,19,629",98.80%,2018
137,Overlord,"4,16,57,844","2,17,04,844",52.10%,"1,99,53,000",47.90%,2018
138,The Great Battle,"4,15,09,280","4,72,166",1.10%,"4,10,37,114",98.90%,2018
139,The Darkest Minds,"4,11,42,379","1,26,95,691",30.90%,"2,84,46,688",69.10%,2018
140,"Lost, Found","4,10,43,552",0,0,"4,10,43,552",100%,2018
141,Holmes & Watson,"4,04,66,970","3,05,73,626",75.60%,"98,93,344",24.40%,2018
142,Intimate Strangers,"3,95,76,060",0,0,"3,95,76,060",100%,2018
143,Thugs of Hindostan,"3,95,70,044","14,49,848",3.70%,"3,81,20,196",96.30%,2018
144,Sink or Swim,"3,91,93,850",0,0,"3,91,93,850",100%,2018
145,Show Dogs,"3,91,56,854","1,78,57,020",45.60%,"2,12,99,834",54.40%,2018
146,Believer,"3,90,47,153","3,65,639",0.90%,"3,86,81,514",99.10%,2018
147,The Spy Gone North,"3,88,44,509","5,00,803",1.30%,"3,83,43,706",98.70%,2018
148,On the Basis of Sex,"3,86,73,750","2,46,22,687",63.70%,"1,40,51,063",36.30%,2018
149,Taxi 5,"3,85,98,227",0,0,"3,85,98,227",100%,2018
150,Fat Buddies,"3,74,96,410",0,0,"3,74,96,410",100%,2018
151,Till The End Of The World,"3,70,13,733","1,18,660",0.30%,"3,68,95,073",99.70%,2018
152,2,"3,69,45,969","41,52,000",11.20%,"3,27,93,969",88.80%,2018
153,Nothing to Lose,"3,60,75,317","10,16,188",2.80%,"3,50,59,129",97.20%,2018
154,Mia and the White Lion,"3,54,87,190","3,99,471",1.10%,"3,50,87,719",98.90%,2018
155,The Girl in the Spider's Web,"3,51,64,920","1,48,41,338",42.20%,"2,03,23,582",57.80%,2018
156,The Hate U Give,"3,49,34,009","2,97,19,483",85.10%,"52,14,526",14.90%,2018
157,Nobody's Fool,"3,37,05,333","3,17,13,110",94.10%,"19,92,223",5.90%,2018
158,Baaghi 2,"3,31,39,063","13,19,579",4%,"3,18,19,484",96%,2018
159,The Hurricane Heist,"3,25,17,248","61,15,825",18.80%,"2,64,01,423",81.20%,2018
160,All About Me,"3,19,20,159",0,0,"3,19,20,159",100%,2018
161,Bad Times at the El Royale,"3,18,82,724","1,78,39,115",56%,"1,40,43,609",44%,2018
162,Beautiful Boy,"3,17,11,319","76,49,973",24.10%,"2,40,61,346",75.90%,2018
163,Hunter Killer,"3,16,72,678","1,57,67,460",49.80%,"1,59,05,218",50.20%,2018
164,Super Troopers 2,"3,16,26,386","3,06,17,396",96.80%,"10,08,990",3.20%,2018
165,The Strangers: Prey at Night,"3,10,39,126","2,45,86,708",79.20%,"64,52,418",20.80%,2018
166,Gintama 2: Rules are Made to be Broken,"3,08,96,653",0,0,"3,08,96,653",100%,2018
167,The Way of the Bug,"3,03,55,804",0,0,"3,03,55,804",100%,2018
168,Clergy,"3,01,14,115",0,0,"3,01,14,115",100%,2018
169,Ice,"2,98,06,210",0,0,"2,98,06,210",100%,2018
170,Free Solo,"2,93,90,279","1,75,41,090",59.70%,"1,18,49,189",40.30%,2018
171,Dark Figure of Crime,"2,91,76,133",0,0,"2,91,76,133",100%,2018
172,Pad Man,"2,90,45,020","16,70,192",5.80%,"2,73,74,828",94.20%,2018
173,Mirai,"2,87,56,961","8,12,794",2.80%,"2,79,44,167",97.20%,2018
174,Default,"2,76,94,043","2,03,775",0.70%,"2,74,90,268",99.30%,2018
175,One Cut of the Dead,"2,75,90,180","52,406",0.20%,"2,75,37,774",99.80%,2018
176,The Happytime Murders,"2,75,06,452","2,07,06,452",75.30%,"68,00,000",24.70%,2018
177,Midnight Sun,"2,73,65,467","95,61,064",34.90%,"1,78,04,403",65.10%,2018
178,VIP Policeman,"2,72,22,681",0,0,"2,72,22,681",100%,2018
179,My Neighbor Totoro 2018 Re0release,"2,70,83,857","11,44,649",4.20%,"2,59,39,208",95.80%,2018
180,The Faces of My Gene,"2,67,96,279",0,0,"2,67,96,279",100%,2018
181,Badhaai Ho,"2,61,25,610",0,0,"2,61,25,610",100%,2018
182,Hichki,"2,60,55,222","3,30,279",1.30%,"2,57,24,943",98.70%,2018
183,Champions,"2,59,62,612",0,0,"2,59,62,612",100%,2018
184,White Boy Rick,"2,59,57,482","2,40,11,188",92.50%,"19,46,294",7.50%,2018
185,"Paul, Apostle of Christ","2,59,15,966","1,75,60,475",67.80%,"83,55,491",32.20%,2018
186,Keys to the Heart,"2,53,75,866","75,134",0.30%,"2,53,00,732",99.70%,2018
187,Stan & Ollie,"2,44,20,923","54,70,235",22.40%,"1,89,50,688",77.60%,2018
188,The Witch: Part 1 0 The Subversion,"2,43,40,302",0,0,"2,43,40,302",100%,2018
189,The Accidental Detective 2: In Action,"2,42,43,825","1,79,045",0.70%,"2,40,64,780",99.30%,2018
190,Killing for the Prosecution,"2,39,29,620",0,0,"2,39,29,620",100%,2018
191,Pokémon the Movie: The Power of Us,"2,37,40,788","7,89,170",3.30%,"2,29,51,618",96.70%,2018
192,The Guernsey Literary and Potato Peel Pie Society,"2,31,48,937",0,0,"2,31,48,937",100%,2018
193,The Crimes That Bind,"2,31,44,130",0,0,"2,31,44,130",100%,2018
194,New Happy Dad and Son 3: Adventure in Russia,"2,31,30,469",0,0,"2,31,30,469",100%,2018
195,Padmaavat,"2,29,91,060","1,18,46,060",51.50%,"1,11,45,000",48.50%,2018
196,Won't You Be My Neighbor?,"2,28,44,741","2,28,35,787",100%,"8,954",0,2018
197,Europe Raiders,"2,24,35,156",0,0,"2,24,35,156",100%,2018
198,Mojin: The Worm Valley,"2,23,81,583","1,01,516",0.50%,"2,22,80,067",99.50%,2018
199,Stree,"2,20,75,730",0,0,"2,20,75,730",100%,2018
0,Avengers: Endgame,"2,79,94,39,100","85,83,73,000",30.70%,"1,94,10,66,100",69.30%,2019
1,The Lion King,"1,65,69,43,394","54,36,38,043",32.80%,"1,11,33,05,351",67.20%,2019
2,Frozen II,"1,45,00,26,933","47,73,73,578",32.90%,"97,26,53,355",67.10%,2019
3,Spider0Man: Far from Home,"1,13,19,27,996","39,05,32,085",34.50%,"74,13,95,911",65.50%,2019
4,Captain Marvel,"1,12,82,74,794","42,68,29,839",37.80%,"70,14,44,955",62.20%,2019
5,Joker,"1,07,87,51,311","33,54,51,311",31.10%,"74,33,00,000",68.90%,2019
6,Star Wars: Episode IX 0 The Rise of Skywalker,"1,07,41,44,248","51,52,02,542",48%,"55,89,41,706",52%,2019
7,Toy Story 4,"1,07,33,94,593","43,40,38,008",40.40%,"63,93,56,585",59.60%,2019
8,Aladdin,"1,05,06,93,953","35,55,59,216",33.80%,"69,51,34,737",66.20%,2019
9,Jumanji: The Next Level,"80,16,93,929","32,03,14,960",40%,"48,13,78,969",60%,2019
10,Fast & Furious Presents: Hobbs & Shaw,"76,07,32,926","17,39,56,935",22.90%,"58,67,75,991",77.10%,2019
11,Ne Zha,"72,60,63,471","36,95,533",0.50%,"72,23,67,938",99.50%,2019
12,The Wandering Earth,"69,98,56,699","59,71,413",0.90%,"69,38,85,286",99.10%,2019
13,How to Train Your Dragon: The Hidden World,"52,17,99,505","16,07,99,505",30.80%,"36,10,00,000",69.20%,2019
14,Maleficent: Mistress of Evil,"49,17,30,089","11,39,29,605",23.20%,"37,78,00,484",76.80%,2019
15,It Chapter Two,"47,30,93,228","21,15,93,228",44.70%,"26,15,00,000",55.30%,2019
16,"My People, My Country","45,00,64,993","23,56,683",0.50%,"44,77,08,310",99.50%,2019
17,Pokémon: Detective Pikachu,"43,33,05,346","14,41,05,346",33.30%,"28,92,00,000",66.70%,2019
18,The Secret Life of Pets 2,"43,11,64,459","15,89,80,250",36.90%,"27,21,84,209",63.10%,2019
19,The Captain,"41,72,82,021","7,06,572",0.20%,"41,65,75,449",99.80%,2019
20,Alita: Battle Angel,"40,49,80,543","8,58,38,210",21.20%,"31,91,42,333",78.80%,2019
21,Godzilla: King of the Monsters,"38,73,00,138","11,05,00,138",28.50%,"27,68,00,000",71.50%,2019
22,1917,"38,45,80,017","15,92,27,644",41.40%,"22,53,52,373",58.60%,2019
23,Once Upon a Time... in Hollywood,"37,74,26,903","14,25,02,728",37.80%,"23,49,24,175",62.20%,2019
24,Shazam!,"36,59,71,656","14,03,71,656",38.40%,"22,56,00,000",61.60%,2019
25,Dumbo,"35,32,84,621","11,47,66,307",32.50%,"23,85,18,314",67.50%,2019
26,John Wick: Chapter 3 0 Parabellum,"32,77,77,335","17,10,15,687",52.20%,"15,67,61,648",47.80%,2019
27,Crazy Alien,"32,75,98,891",0,0,"32,75,98,891",100%,2019
28,Knives Out,"31,28,97,920","16,53,63,234",52.80%,"14,75,34,686",47.20%,2019
29,Terminator: Dark Fate,"26,11,19,292","6,22,53,077",23.80%,"19,88,66,215",76.20%,2019
30,Parasite,"25,81,29,037","5,33,69,749",20.70%,"20,47,59,288",79.30%,2019
31,Us,"25,60,22,707","17,50,84,580",68.40%,"8,09,38,127",31.60%,2019
32,Pegasus,"25,58,63,112",0,0,"25,58,63,112",100%,2019
33,Men in Black: International,"25,38,90,701","8,00,01,807",31.50%,"17,38,88,894",68.50%,2019
34,X0Men: Dark Phoenix,"25,24,42,974","6,58,45,974",26.10%,"18,65,97,000",73.90%,2019
35,Glass,"24,69,99,039","11,10,48,468",45%,"13,59,50,571",55%,2019
36,The Bravest,"24,51,79,562","2,90,217",0.10%,"24,48,89,345",99.90%,2019
37,Annabelle Comes Home,"23,12,52,591","7,41,52,591",32.10%,"15,71,00,000",67.90%,2019
38,Better Days,"22,58,33,113","19,21,657",0.90%,"22,39,11,456",99.10%,2019
39,Ford v Ferrari,"22,55,08,210","11,76,24,357",52.20%,"10,78,83,853",47.80%,2019
40,Little Women,"21,88,43,645","10,81,01,214",49.40%,"11,07,42,431",50.60%,2019
41,The Addams Family,"20,30,44,905","10,00,44,905",49.30%,"10,30,00,000",50.70%,2019
42,Rocketman,"19,53,20,400","9,63,68,160",49.30%,"9,89,52,240",50.70%,2019
43,Downton Abbey,"19,46,94,725","9,68,53,865",49.70%,"9,78,40,860",50.30%,2019
44,The Lego Movie 2: The Second Part,"19,23,06,508","10,58,06,508",55%,"8,65,00,000",45%,2019
45,Weathering with You,"19,20,11,547","80,56,636",4.20%,"18,39,54,911",95.80%,2019
46,Sheep Without a Shepherd,"19,16,02,146",0,0,"19,16,02,146",100%,2019
47,The White Storm 2: Drug Lords,"18,93,96,380","6,09,461",0.30%,"18,87,86,919",99.70%,2019
48,Abominable,"18,86,23,517","6,07,16,390",32.20%,"12,79,07,127",67.80%,2019
49,Ip Man 4: The Finale,"17,63,45,966","39,56,031",2.20%,"17,23,89,935",97.80%,2019
50,Gemini Man,"17,34,69,516","4,85,46,770",28%,"12,49,22,746",72%,2019
51,Spies in Disguise,"17,16,16,764","6,67,57,013",38.90%,"10,48,59,751",61.10%,2019
52,Hustlers,"15,75,63,598","10,49,63,598",66.60%,"5,26,00,000",33.40%,2019
53,The Climbers,"15,68,92,866","4,87,157",0.30%,"15,64,05,709",99.70%,2019
54,Escape Room,"15,57,12,077","5,70,05,601",36.60%,"9,87,06,476",63.40%,2019
55,Yesterday,"15,46,08,856","7,32,86,650",47.40%,"8,13,22,206",52.60%,2019
56,The Angry Birds Movie 2,"14,77,92,047","4,16,67,116",28.20%,"10,61,24,931",71.80%,2019
57,Angel Has Fallen,"14,66,61,977","6,90,30,436",47.10%,"7,76,31,541",52.90%,2019
58,Ad Astra,"12,74,61,872","5,01,88,370",39.40%,"7,72,73,502",60.60%,2019
59,Midway,"12,73,90,389","5,68,46,802",44.60%,"7,05,43,587",55.40%,2019
60,The Upside,"12,58,52,517","10,82,52,517",86%,"1,76,00,000",14%,2019
61,Last Christmas,"12,34,46,172","3,51,50,750",28.50%,"8,82,95,422",71.50%,2019
62,The Curse of La Llorona,"12,32,33,739","5,47,33,739",44.40%,"6,85,00,000",55.60%,2019
63,Looking Up,"12,29,94,583","84,267",0,"12,29,10,316",99.90%,2019
64,Zombieland: Double Tap,"12,28,10,399","7,31,23,082",59.50%,"4,96,87,317",40.50%,2019
65,Dora and the Lost City of Gold,"12,05,97,108","6,04,77,943",50.10%,"6,01,19,165",49.90%,2019
66,Extreme Job,"11,99,32,733","15,65,885",1.30%,"11,83,66,848",98.70%,2019
67,Wonder Park,"11,95,59,110","4,52,16,793",37.80%,"7,43,42,317",62.20%,2019
68,P Storm,"11,79,91,727","3,26,711",0.30%,"11,76,65,016",99.70%,2019
69,Detective Conan: The Fist of Blue Sapphire,"11,54,48,200",0,0,"11,54,48,200",100%,2019
70,The Gentlemen,"11,51,71,795","3,64,71,795",31.70%,"7,87,00,000",68.30%,2019
71,Pet Sematary,"11,31,18,226","5,47,24,696",48.40%,"5,83,93,530",51.60%,2019
72,Boonie Bears: Blast Into the Past,"11,23,67,881",0,0,"11,23,67,881",100%,2019
73,Good Boys,"11,11,73,598","8,31,40,306",74.80%,"2,80,33,292",25.20%,2019
74,Scary Stories to Tell in the Dark,"10,45,45,505","6,89,47,075",65.90%,"3,55,98,430",34.10%,2019
75,Line Walker 2: Invisible Spy,"9,94,82,027","2,96,751",0.30%,"9,91,85,276",99.70%,2019
76,The Hustle,"9,74,09,779","3,54,17,038",36.40%,"6,19,92,741",63.60%,2019
77,The New King of Comedy,"9,56,18,308",0,0,"9,56,18,308",100%,2019
78,Adoring,"9,49,75,692",0,0,"9,49,75,692",100%,2019
79,Five Feet Apart,"9,25,54,209","4,57,29,221",49.40%,"4,68,24,988",50.60%,2019
80,Crawl,"9,15,42,097","3,90,14,193",42.60%,"5,25,27,904",57.40%,2019
81,Rambo: Last Blood,"9,14,90,353","4,48,19,352",49%,"4,66,71,001",51%,2019
82,Jojo Rabbit,"9,03,35,025","3,33,70,906",36.90%,"5,69,64,119",63.10%,2019
83,Serial (Bad) Weddings 2,"8,77,61,988",0,0,"8,77,61,988",100%,2019
84,One Piece: Stampede,"8,15,62,741","12,98,528",1.60%,"8,02,64,213",98.40%,2019
85,A Dog's Way Home,"8,07,08,134","4,20,04,346",52%,"3,87,03,788",48%,2019
86,A Dog's Journey,"7,88,70,908","2,27,82,371",28.90%,"5,60,88,537",71.10%,2019
87,Cold Pursuit,"7,64,19,755","3,21,38,862",42.10%,"4,42,80,893",57.90%,2019
88,Cats,"7,55,58,925","2,71,66,770",36%,"4,83,92,155",64%,2019
89,A Madea Family Funeral,"7,47,47,725","7,32,57,045",98%,"14,90,680",2%,2019
90,Charlie's Angels,"7,32,79,888","1,78,03,077",24.30%,"5,54,76,811",75.70%,2019
91,Doctor Sleep,"7,23,81,712","3,15,81,712",43.60%,"4,08,00,000",56.40%,2019
92,What Men Want,"7,22,16,294","5,46,11,903",75.60%,"1,76,04,391",24.40%,2019
93,Exit,"6,95,01,772","4,70,699",0.70%,"6,90,31,073",99.30%,2019
94,After,"6,94,97,587","1,21,38,565",17.50%,"5,73,59,022",82.50%,2019
95,Playing with Fire,"6,94,12,425","4,44,51,847",64%,"2,49,60,578",36%,2019
96,A Beautiful Day in the Neighborhood,"6,79,25,733","6,17,04,055",90.80%,"62,21,678",9.20%,2019
97,War,"6,71,79,155","46,54,000",6.90%,"6,25,25,155",93.10%,2019
98,Doraemon: Nobita's Chronicle of the Moon Exploration,"6,54,06,606",0,0,"6,54,06,606",100%,2019
99,Happy Death Day 2U,"6,46,00,152","2,81,48,130",43.60%,"3,64,52,022",56.40%,2019
100,White Snake,"6,20,98,770","34,730",0,"6,20,64,040",99.90%,2019
101,Bombshell,"6,14,04,394","3,17,62,808",51.70%,"2,96,41,586",48.30%,2019
102,Ashfall,"6,13,54,854","3,72,562",0.60%,"6,09,82,292",99.40%,2019
103,Ma,"6,12,20,784","4,58,96,028",75%,"1,53,24,756",25%,2019
104,My Best Summer,"6,00,11,073",0,0,"6,00,11,073",100%,2019
105,Ready or Not,"5,76,15,777","2,87,14,231",49.80%,"2,89,01,546",50.20%,2019
106,Jade Dynasty,"5,71,49,764",0,0,"5,71,49,764",100%,2019
107,The Perfect Secret,"5,65,73,047",0,0,"5,65,73,047",100%,2019
108,The Big Shot,"5,60,40,681",0,0,"5,60,40,681",100%,2019
109,Hellboy,"5,50,64,690","2,19,03,748",39.80%,"3,31,60,942",60.20%,2019
110,Les Misérables,"5,46,06,372","3,30,181",0.60%,"5,42,76,191",99.40%,2019
111,Long Shot,"5,38,73,809","3,03,16,271",56.30%,"2,35,57,538",43.70%,2019
112,Just Mercy,"5,09,01,502","3,60,01,502",70.70%,"1,49,00,000",29.30%,2019
113,Son of a Rich,"5,08,03,834",0,0,"5,08,03,834",100%,2019
114,Kingdom,"5,05,74,061",0,0,"5,05,74,061",100%,2019
115,Breakthrough,"5,04,44,358","4,07,13,082",80.70%,"97,31,276",19.30%,2019
116,Uncut Gems,"5,00,23,780","5,00,23,780",100%,0,0,2019
117,21 Bridges,"4,99,39,757","2,85,39,757",57.10%,"2,14,00,000",42.90%,2019
118,Song of Youth,"4,96,15,508",0,0,"4,96,15,508",100%,2019
119,The Grudge,"4,95,11,319","2,12,21,803",42.90%,"2,82,89,516",57.10%,2019
120,Little,"4,89,87,096","4,08,60,481",83.40%,"81,26,615",16.60%,2019
121,Isn't It Romantic,"4,87,91,187","4,87,91,187",100%,0,0,2019
122,The Legend of Hei,"4,85,07,082",0,0,"4,85,07,082",100%,2019
123,Countdown,"4,80,21,766","2,56,21,766",53.40%,"2,24,00,000",46.60%,2019
124,Midsommar,"4,78,75,193","2,74,26,361",57.30%,"2,04,48,832",42.70%,2019
125,Queen & Slim,"4,78,34,125","4,38,08,310",91.60%,"40,25,815",8.40%,2019
126,47 Meters Down: Uncaged,"4,75,82,563","2,22,60,900",46.80%,"2,53,21,663",53.20%,2019
127,Chasing the Dragon II: Wild Wild Bunch,"4,57,33,356","1,96,634",0.40%,"4,55,36,722",99.60%,2019
128,Judy,"4,57,01,880","2,43,13,888",53.20%,"2,13,87,992",46.80%,2019
129,Child's Play,"4,49,07,074","2,92,08,403",65%,"1,56,98,671",35%,2019
130,Richard Jewell,"4,46,45,542","2,23,45,542",50.10%,"2,23,00,000",49.90%,2019
131,Harriet,"4,33,47,017","4,30,82,155",99.40%,"2,64,862",0.60%,2019
132,A Shaun the Sheep Movie: Farmageddon,"4,31,00,248",0,0,"4,31,00,248",100%,2019
133,Fighting with My Family,"4,15,03,392","2,29,58,886",55.30%,"1,85,44,506",44.70%,2019
134,Masquerade Hotel,"4,03,96,244",0,0,"4,03,96,244",100%,2019
135,The Last Wish,"3,97,56,292",0,0,"3,97,56,292",100%,2019
136,Uri: The Surgical Strike,"3,93,46,577","41,86,168",10.60%,"3,51,60,409",89.40%,2019
137,Overcomer,"3,80,26,103","3,47,46,945",91.40%,"32,79,158",8.60%,2019
138,T034,"3,74,10,850",0,0,"3,74,10,850",100%,2019
139,Pain and Glory,"3,73,59,689","45,67,338",12.20%,"3,27,92,351",87.80%,2019
140,A Witness Out of the Blue,"3,70,92,694",0,0,"3,70,92,694",100%,2019
141,The Intruder,"3,65,99,361","3,54,19,122",96.80%,"11,80,239",3.20%,2019
142,The Queen's Corgi,"3,55,15,687",0,0,"3,55,15,687",100%,2019
143,Warrior of the Hornor,"3,42,91,831",0,0,"3,42,91,831",100%,2019
144,The Battle: Roar to Victory,"3,41,48,707",0,0,"3,41,48,707",100%,2019
145,The Bad Guys: The Movie,"3,40,24,386","1,66,972",0.50%,"3,38,57,414",99.50%,2019
146,The Good Liar,"3,38,56,058","1,71,56,058",50.70%,"1,67,00,000",49.30%,2019
147,The Art of Racing in the Rain,"3,37,66,787","2,63,95,642",78.20%,"73,71,145",21.80%,2019
148,Brightburn,"3,32,24,654","1,73,00,439",52.10%,"1,59,24,215",47.90%,2019
149,Bharat,"3,31,85,983","29,71,549",9%,"3,02,14,434",91%,2019
150,Fly Me to the Saitama,"3,28,02,347",0,0,"3,28,02,347",100%,2019
151,UglyDolls,"3,24,50,241","2,01,50,241",62.10%,"1,23,00,000",37.90%,2019
152,Stuber,"3,23,90,945","2,23,70,452",69.10%,"1,00,20,493",30.90%,2019
153,Hit Me Anyone One More Time!,"3,23,33,512",0,0,"3,23,33,512",100%,2019
154,Somewhere Winter,"3,22,18,990",0,0,"3,22,18,990",100%,2019
155,The Kid Who Would Be King,"3,21,40,970","1,67,90,790",52.20%,"1,53,50,180",47.80%,2019
156,Two Tigers,"3,20,01,580",0,0,"3,20,01,580",100%,2019
157,Anna,"3,16,26,978","77,43,794",24.50%,"2,38,83,184",75.50%,2019
158,My Dear Liar,"3,11,77,968","90,545",0.30%,"3,10,87,423",99.70%,2019
159,The Wild Goose Lake,"3,10,64,835","12,573",0,"3,10,52,262",100%,2019
160,My Hero Academia: Heroes Rising,"2,99,71,229","1,33,04,000",44.40%,"1,66,67,229",55.60%,2019
161,Fall In Love At First Kiss,"2,92,06,238",0,0,"2,92,06,238",100%,2019
162,Gully Boy,"2,82,99,498","55,66,534",19.70%,"2,27,32,964",80.30%,2019
163,Kim Ji0young: Born 1982,"2,76,96,393",0,0,"2,76,96,393",100%,2019
164,Pokémon: Mewtwo Strikes Back 0 Evolution,"2,73,47,118",0,0,"2,73,47,118",100%,2019
165,Almost a Comedy,"2,69,90,962",0,0,"2,69,90,962",100%,2019
166,Total Dhamaal,"2,69,11,995","21,67,632",8.10%,"2,47,44,363",91.90%,2019
167,Missing Link,"2,65,65,710","1,66,49,539",62.70%,"99,16,171",37.30%,2019
168,No Manches Frida 2,"2,64,93,648","92,70,920",35%,"1,72,22,728",65%,2019
169,The Confidence Man JP,"2,62,28,317",0,0,"2,62,28,317",100%,2019
170,The Confidence Man JP: The Movie,"2,59,58,189",0,0,"2,59,58,189",100%,2019
171,"The Gangster, the Cop, the Devil","2,57,75,371","2,16,494",0.80%,"2,55,58,877",99.20%,2019
172,Bodies at Rest,"2,52,93,853",0,0,"2,52,93,853",100%,2019
173,Booksmart,"2,49,59,607","2,26,80,962",90.90%,"22,78,645",9.10%,2019
174,Super 30,"2,47,01,637","22,69,878",9.20%,"2,24,31,759",90.80%,2019
175,Skyfire,"2,44,44,590","1,105",0,"2,44,43,485",100%,2019
176,Start0Up,"2,41,06,579",0,0,"2,41,06,579",100%,2019
177,Pinocchio,"2,38,41,090","18,31,718",7.70%,"2,20,09,372",92.30%,2019
178,A Rainy Day in New York,"2,38,05,899",0,0,"2,38,05,899",100%,2019
179,The Peanut Butter Falcon,"2,37,12,090","2,04,57,151",86.30%,"32,54,939",13.70%,2019
180,Little White Lies 2,"2,36,23,665",0,0,"2,36,23,665",100%,2019
181,Ossan's Love: Love or Dead,"2,34,22,744",0,0,"2,34,22,744",100%,2019
182,Only Cloud Knows,"2,34,14,998",0,0,"2,34,14,998",100%,2019
183,Dark Waters,"2,31,08,017","1,11,36,084",48.20%,"1,19,71,933",51.80%,2019
184,The Farewell,"2,30,76,657","1,76,95,781",76.70%,"53,80,876",23.30%,2019
185,The Knight of Shadows: Between Yin and Yang,"2,29,36,257",0,0,"2,29,36,257",100%,2019
186,Black and Blue,"2,27,41,061","2,20,55,313",97%,"6,85,748",3%,2019
187,Late Night,"2,23,86,555","1,54,99,454",69.20%,"68,87,101",30.80%,2019
188,Unplanned,"2,15,85,326","1,90,05,109",88%,"25,80,217",12%,2019
189,Crazy Romance,"2,13,86,368",0,0,"2,13,86,368",100%,2019
190,Shaft,"2,13,60,215","2,13,60,215",100%,0,0,2019
191,Hotel Mumbai,"2,13,14,816","96,51,611",45.30%,"1,16,63,205",54.70%,2019
192,Integrity,"2,12,90,004",0,0,"2,12,90,004",100%,2019
193,The Secret Mission,"2,10,83,522",0,0,"2,10,83,522",100%,2019
194,This Is Tomas,"2,00,84,169",0,0,"2,00,84,169",100%,2019
195,The Specials,"1,93,63,826",0,0,"1,93,63,826",100%,2019
196,Always Miss You,"1,90,15,465","91,884",0.50%,"1,89,23,581",99.50%,2019
197,An Officer and a Spy,"1,88,99,214",0,0,"1,88,99,214",100%,2019
198,Crayon Shin0chan: Honeymoon Hurricane 0 The Lost Hiroshi,"1,87,38,951",0,0,"1,87,38,951",100%,2019
199,Greta,"1,86,53,107","1,05,32,219",56.50%,"81,20,888",43.50%,2019
0,The Eight Hundred,"46,14,21,559","3,72,755",0,"46,10,48,804",99.90%,2020
1,Demon Slayer: Kimetsu no Yaiba 0 The Movie: Mugen Train,"45,32,30,408","4,95,05,008",10.90%,"40,37,25,400",89.10%,2020
2,Bad Boys for Life,"42,65,05,244","20,63,05,244",48.40%,"22,02,00,000",51.60%,2020
3,"My People, My Homeland","42,23,90,820",0,0,"42,23,90,820",100%,2020
4,Tenet,"36,53,04,105","5,85,04,105",16%,"30,68,00,000",84%,2020
5,Sonic the Hedgehog,"31,97,15,683","14,89,74,665",46.60%,"17,07,41,018",53.40%,2020
6,Dolittle,"25,14,10,631","7,70,47,065",30.60%,"17,43,63,566",69.40%,2020
7,Jiang Ziya,"24,06,46,355","2,14,670",0,"24,04,31,685",99.90%,2020
8,A Little Red Flower,"21,60,00,000",0,0,"21,60,00,000",100%,2020
9,The Croods: A New Age,"21,59,05,815","5,85,68,815",27.10%,"15,73,37,000",72.90%,2020
10,Birds of Prey,"20,53,58,461","8,41,58,461",41%,"12,12,00,000",59%,2020
11,Shock Wave 2,"19,89,21,659",0,0,"19,89,21,659",100%,2020
12,Wonder Woman 1984,"16,96,01,036","4,68,01,036",27.60%,"12,28,00,000",72.40%,2020
13,The Sacrifice,"16,10,47,608",0,0,"16,10,47,608",100%,2020
14,The Invisible Man,"14,44,92,724","7,04,10,000",48.70%,"7,40,82,724",51.30%,2020
15,Onward,"14,19,40,042","6,15,55,145",43.40%,"8,03,84,897",56.60%,2020
16,Warm Hug,"12,92,40,236",0,0,"12,92,40,236",100%,2020
17,Soul,"12,19,03,885","9,46,154",0.80%,"12,09,57,731",99.20%,2020
18,The Call of the Wild,"11,11,66,669","6,23,42,368",56.10%,"4,88,24,301",43.90%,2020
19,Mamma Mia! Here We Go Again 2020 Re0release,"8,57,68,073",0,0,"8,57,62,586",100%,2020
20,Mamma Mia! 2020 Re0release,"8,46,04,815",0,0,"8,45,79,977",100%,2020
21,Caught in Time,"8,05,43,319",0,0,"8,05,43,319",100%,2020
22,Mulan,"6,99,65,374",0,0,"6,99,65,374",100%,2020
23,The Yin0Yang Master: Dream of Eternity,"6,80,00,000",0,0,"6,80,00,000",100%,2020
24,Stand by Me Doraemon 2,"6,52,01,374",0,0,"6,52,01,374",100%,2020
25,The Rescue,"6,42,37,554","18,797",0,"6,42,18,757",100%,2020
26,Love You Forever,"6,06,70,799",0,0,"6,06,70,799",100%,2020
27,Greenland,"5,23,00,000",0,0,"5,23,00,000",100%,2020
28,Tolo Tolo,"5,21,86,426",0,0,"5,21,86,426",100%,2020
29,Vanguard,"5,08,66,901","7,93,525",1.60%,"5,00,73,376",98.40%,2020
30,Fantasy Island,"4,94,47,308","2,73,09,289",55.20%,"2,21,38,019",44.80%,2020
31,Trolls World Tour,"4,92,76,818","4,50,000",0.90%,"4,88,26,818",99.10%,2020
32,The New Mutants,"4,91,69,594","2,38,52,659",48.50%,"2,53,16,935",51.50%,2020
33,After We Collided,"4,79,90,414","23,86,483",5%,"4,56,03,931",95%,2020
34,"From Today, It's My Turn: The Movie","4,78,95,887",0,0,"4,78,95,887",100%,2020
35,Tanhaji: The Unsung Warrior,"4,52,21,814",0,0,"4,52,21,814",100%,2020
36,Unhinged,"4,43,31,465","2,08,31,465",47%,"2,35,00,000",53%,2020
37,The End of Endless Love,"4,39,50,000",0,0,"4,39,50,000",100%,2020
38,The War with Grandpa,"4,33,87,638","2,12,77,892",49%,"2,21,09,746",51%,2020
39,Peninsula,"4,26,98,327","12,31,407",2.90%,"4,14,66,920",97.10%,2020
40,Monster Hunter,"4,21,45,959","1,51,62,470",36%,"2,69,83,489",64%,2020
41,Underwater,"4,08,82,928","1,72,91,078",42.30%,"2,35,91,850",57.70%,2020
42,Bloodshot,"3,98,61,118","1,25,61,824",31.50%,"2,72,99,294",68.50%,2020
43,Sarileru Neekevvaru,"3,73,89,889","8,21,000",2.20%,"3,65,68,889",97.80%,2020
44,The Untold Tale of the Three Kingdoms,"3,67,47,486",0,0,"3,67,47,486",100%,2020
45,The Confidence Man JP: Princess,"3,61,09,913",0,0,"3,61,09,913",100%,2020
46,The Man Standing Next,"3,46,64,900","1,13,527",0.30%,"3,45,51,373",99.70%,2020
47,My Mom is a Character 3,"3,43,60,029",0,0,"3,43,60,029",100%,2020
48,Doraemon the Movie: Nobita's New Dinosaur,"3,42,18,525",0,0,"3,42,18,525",100%,2020
49,Deliver Us from Evil,"3,37,18,703",0,0,"3,37,18,703",100%,2020
50,Harry Potter and the Sorcerer's Stone 2020 Re0release,"3,15,03,136",0,0,"3,15,01,815",100%,2020
51,Honest Thief,"3,12,20,247","1,41,63,574",45.40%,"1,70,56,673",54.60%,2020
52,Like a Boss,"3,03,99,490","2,21,69,514",72.90%,"82,29,976",27.10%,2020
53,The Witches,"2,93,03,571","2,03,571",0.70%,"2,91,00,000",99.30%,2020
54,Bath Buddy,"2,87,00,000",0,0,"2,87,00,000",100%,2020
55,Scoob!,"2,85,88,425","21,88,425",7.70%,"2,64,00,000",92.30%,2020
56,Ala Vaikunthapurramuloo,"2,84,77,890",0,0,"2,84,77,890",100%,2020
57,Black Panther 2020 Re0release,"2,80,46,568","3,67,000",1.30%,"2,76,35,191",98.50%,2020
58,Emma.,"2,59,32,444","1,00,55,355",38.80%,"1,58,77,089",61.20%,2020
59,Leap,"2,58,18,882","83,074",0.30%,"2,57,35,808",99.70%,2020
60,Gravity 2020 Re0release,"2,48,57,278",0,0,"2,48,57,244",100%,2020
61,The Father,"2,40,48,935","21,22,771",8.80%,"2,19,20,547",91.10%,2020
62,Poupelle of Chimney Town,"2,27,15,146",0,0,"2,27,15,146",100%,2020
63,Gretel & Hansel,"2,23,04,357","1,53,47,654",68.80%,"69,56,703",31.20%,2020
64,Stigmatized Properties,"2,12,76,720",0,0,"2,12,76,720",100%,2020
65,Pokémon the Movie: Secrets of the Jungle,"2,10,97,921",0,0,"2,10,97,921",100%,2020
66,The Photograph,"2,06,90,779","2,05,78,185",99.50%,"1,12,594",0.50%,2020
67,Threads 0 Our Tapestry of Love,"2,04,74,270",0,0,"2,04,74,270",100%,2020
68,Brahms: The Boy II,"2,03,11,536","1,26,11,536",62.10%,"77,00,000",37.90%,2020
69,Violet Evergarden: The Movie,"2,03,02,668",0,0,"2,03,02,668",100%,2020
70,Interstellar 2020 Re0release,"1,99,90,000",0,0,"1,99,90,000",100%,2020
71,Ice 2,"1,97,88,995",0,0,"1,97,88,995",100%,2020
72,Soul Snatcher,"1,95,61,221",0,0,"1,95,61,221",100%,2020
73,The Turning,"1,94,28,166","1,54,72,775",79.60%,"39,55,391",20.40%,2020
74,Fate/stay night [Heaven's Feel] III. spring song,"1,92,52,497","2,00,000",1%,"1,90,52,497",99%,2020
75,Promising Young Woman,"1,88,54,166","64,60,965",34.30%,"1,23,93,201",65.70%,2020
76,Takizawa Enbujo Zero,"1,80,91,395",0,0,"1,80,91,395",100%,2020
77,Freaky,"1,80,73,433","90,30,855",50%,"90,42,578",50%,2020
78,The Promised Neverland,"1,77,10,977",0,0,"1,77,10,977",100%,2020
79,Kaiji: Final Game,"1,76,45,779",0,0,"1,76,45,779",100%,2020
80,Hitman: Agent Jun,"1,76,01,351",0,0,"1,76,01,351",100%,2020
81,Digimon Adventure: Last Evolution Kizuna,"1,73,61,009",0,0,"1,73,61,009",100%,2020
82,Bye Bye Morons,"1,69,55,924",0,0,"1,69,55,924",100%,2020
83,Baaghi 3,"1,67,26,510","7,21,439",4.30%,"1,60,05,071",95.70%,2020
84,I Still Believe,"1,60,69,730","98,68,521",61.40%,"62,01,209",38.60%,2020
85,The Way Back,"1,54,90,514","1,35,90,514",87.70%,"19,00,000",12.30%,2020
86,Father There is Only One 2,"1,53,73,181",0,0,"1,53,73,181",100%,2020
87,The Personal History of David Copperfield,"1,43,99,270","18,76,298",13%,"1,25,22,972",87%,2020
88,Nightlife,"1,43,08,789",0,0,"1,43,08,789",100%,2020
89,Pawn,"1,41,93,957",0,0,"1,41,93,957",100%,2020
90,The Post 2020 Re0release,"1,39,95,207",0,0,"1,39,95,207",100%,2020
91,#Alive,"1,34,32,212",0,0,"1,34,32,212",100%,2020
92,Howling Village,"1,33,94,556",0,0,"1,33,94,556",100%,2020
93,Come Play,"1,31,82,254","1,04,75,990",79.50%,"27,06,264",20.50%,2020
94,Samjin Company English Class,"1,27,61,386",0,0,"1,27,61,386",100%,2020
95,Another Round,"1,27,45,392",0,0,"1,27,42,455",100%,2020
96,News of the World,"1,26,68,325","1,26,68,325",100%,0,0,2020
97,Collectors,"1,26,40,113",0,0,"1,26,40,113",100%,2020
98,Shinchan: Crash! Scribble Kingdom and Almost Four Heroes,"1,22,21,804",0,0,"1,22,21,804",100%,2020
99,Ducobu 3,"1,21,57,793",0,0,"1,21,57,793",100%,2020
100,The Asadas,"1,18,88,743",0,0,"1,18,88,743",100%,2020
101,Wotakoi: Love Is Hard for Otaku,"1,17,02,371",0,0,"1,17,02,371",100%,2020
102,Bigfoot Family,"1,11,26,309",0,0,"1,11,26,309",100%,2020
103,30 jours max,"1,10,07,713",0,0,"1,10,07,713",100%,2020
104,The Voice of Sin,"1,09,83,063",0,0,"1,09,83,063",100%,2020
105,Two by Two: Overboard!,"1,08,85,076",0,0,"1,08,85,076",100%,2020
106,Let Him Go,"1,08,35,686","93,58,025",86.40%,"14,77,661",13.60%,2020
107,One Second,"1,07,91,301",0,0,"1,07,91,301",100%,2020
108,Me contro Te 0 Il film: La vendetta del Signor S,"1,07,79,891",0,0,"1,07,79,891",100%,2020
109,Impractical Jokers: The Movie,"1,06,91,091","1,06,91,091",100%,0,0,2020
110,Honest Candidate,"1,05,97,464",0,0,"1,05,97,464",100%,2020
111,The Hunt,"1,05,50,350","58,12,500",55.10%,"47,37,850",44.90%,2020
112,Street Dancer 3D,"1,03,39,127",0,0,"1,03,39,127",100%,2020
113,My Spy,"1,02,00,000",0,0,"1,02,00,000",100%,2020
114,100% Wolf,"97,66,489","6,58,764",6.70%,"91,07,725",93.30%,2020
115,Stolen Identity 2,"96,87,188",0,0,"96,87,188",100%,2020
116,Inception 10th Anniversary re0release,"95,81,100",0,0,"95,81,100",100%,2020
117,10 Days with Dad,"94,72,077","2,359",0,"94,69,718",100%,2020
118,Secret Zoo,"94,71,940",0,0,"94,71,940",100%,2020
119,365 Days,"94,58,590",0,0,"94,58,590",100%,2020
120,Okay Madam,"94,33,525",0,0,"94,33,525",100%,2020
121,L'appel de la forêt,"93,17,347",0,0,"93,17,347",100%,2020
122,The Closet,"91,89,552",0,0,"91,89,552",100%,2020
123,Malasaña 32,"89,68,845",0,0,"89,68,845",100%,2020
124,Break the Silence: The Movie,"89,54,345",0,0,"89,54,345",100%,2020
125,I Hate Summer,"89,26,071",0,0,"89,26,071",100%,2020
126,Downhill,"88,99,195","82,87,061",93.10%,"6,12,134",6.90%,2020
127,Les blagues de Toto,"88,59,185",0,0,"88,59,185",100%,2020
128,The Secret Garden,"87,21,243",0,0,"87,21,243",100%,2020
129,Eltilerin Savasi,"86,13,864",0,0,"86,13,864",100%,2020
130,Malang,"83,99,765",0,0,"83,99,765",100%,2020
131,Your Eyes Tell,"80,20,474",0,0,"80,20,474",100%,2020
132,"My Donkey, My Lover & I","79,74,769","1,52,184",1.90%,"78,21,615",98.10%,2020
133,AI Amok,"79,32,191",0,0,"79,32,191",100%,2020
134,The Lost Prince,"78,37,980",0,0,"78,37,980",100%,2020
135,Antebellum,"77,92,716",0,0,"77,92,716",100%,2020
136,The Marriage Escape,"77,60,946",0,0,"77,60,946",100%,2020
137,Spirited Away Studio Ghibli Fest 2020,"77,32,697",0,0,"77,32,435",100%,2020
138,Princess Mononoke Studio Ghibli Fest 2020,"76,73,800",0,0,"76,73,207",100%,2020
139,The Heist of the Century,"76,27,100",0,0,"76,27,100",100%,2020
140,De Gaulle,"75,01,454",0,0,"75,01,454",100%,2020
141,Fukushima 50,"74,94,243",0,0,"74,94,243",100%,2020
142,The Best Years,"73,58,771",0,0,"73,58,771",100%,2020
143,Bohemian Rhapsody 2020 Re0release,"71,58,262","2,40,000",3.40%,"69,14,052",96.60%,2020
144,The (UN)perfect Guy,"71,54,649",0,0,"71,54,649",100%,2020
145,Spycies,"71,28,952",0,0,"71,28,952",100%,2020
146,Back to the Wharf,"70,90,000",0,0,"70,90,000",100%,2020
147,Adu,"70,85,946",0,0,"70,85,946",100%,2020
148,Fatale,"70,31,289","63,06,897",89.70%,"7,24,392",10.30%,2020
149,Dragon Rider,"69,77,378",0,0,"69,77,378",100%,2020
150,Jim Button and the Wild 13,"69,33,267",0,0,"69,33,267",100%,2020
151,Psy 3: W imie zasad,"67,25,146",0,0,"67,25,146",100%,2020
152,Blood Moon Party,"67,09,383",0,0,"67,09,383",100%,2020
153,Innocence,"66,88,330",0,0,"66,59,968",99.60%,2020
154,Shubh Mangal Zyada Saavdhan,"65,74,905",0,0,"65,74,905",100%,2020
155,Chhapaak,"65,32,100","6,04,334",9.30%,"59,27,766",90.70%,2020
156,"Love Me, Love Me Not","64,94,241",0,0,"64,94,241",100%,2020
157,Hammamet,"64,34,874",0,0,"64,34,874",100%,2020
158,Lindenberg! Mach dein Ding,"64,04,964",0,0,"64,04,964",100%,2020
159,Midnight Swan,"63,97,065",0,0,"63,97,065",100%,2020
160,Nausicaä of the Valley of the Wind 2020 Re0release,"63,95,525",0,0,"63,95,525",100%,2020
161,Simply Black,"63,23,750",0,0,"63,23,750",100%,2020
162,My Boyfriend's Meds,"62,92,780","29,71,116",47.20%,"33,21,664",52.80%,2020
163,Bill & Ted Face the Music,"62,74,027","34,39,660",54.80%,"28,34,367",45.20%,2020
164,Hotel Belgrade,"61,89,882",0,0,"61,89,882",100%,2020
165,How to Be a Good Wife,"60,33,430",0,0,"60,33,430",100%,2020
166,The Legacy of Dr. Death: Black File,"60,24,046",0,0,"60,24,046",100%,2020
167,A Piece of Cake,"60,08,448",0,0,"60,08,448",100%,2020
168,The Rhythm Section,"59,89,583","54,37,971",90.80%,"5,51,612",9.20%,2020
169,How I Became a Gangster,"59,75,729",0,0,"59,75,729",100%,2020
170,The Innocent,"59,29,392","22,549",0.40%,"59,06,843",99.60%,2020
171,Twiceborn,"58,80,157","11,527",0.20%,"58,68,630",99.80%,2020
172,The Royal Bride,"58,30,719",0,0,"58,30,719",100%,2020
173,Beasts Clawing at Straws,"57,96,059",0,0,"57,96,059",100%,2020
174,The Lion King 2020 Re0release,"57,73,266",0,0,"57,73,266",100%,2020
175,Last Letter,"56,63,972",0,0,"56,63,972",100%,2020
176,Yowamushi Pedal: The Movie 2020 Re0release,"56,24,218",0,0,"56,24,218",100%,2020
177,Hocus Pocus 2020 Re0release,"56,09,193","48,28,000",86.10%,"7,81,193",13.90%,2020
178,Klassikokkutulek 2: Pulmad ja matused,"55,43,147",0,0,"55,43,147",100%,2020
179,Mama Weed,"54,61,144","29,151",0.50%,"54,31,993",99.50%,2020
180,Divorce Club,"53,16,313",0,0,"53,16,313",100%,2020
181,Cats & Dogs 3: Paws Unite,"53,00,000",0,0,"53,00,000",100%,2020
182,Cindy La Regia,"52,22,322",0,0,"52,22,322",100%,2020
183,Run,"51,84,368",0,0,"51,84,368",100%,2020
184,Love Aaj Kal,"51,20,794",0,0,"51,20,794",100%,2020
185,Masked Ward,"51,07,013",0,0,"51,07,013",100%,2020
186,Ayyappanum Koshiyum,"50,88,713",0,0,"50,88,713",100%,2020
187,Baba Parasi,"50,84,342",0,0,"50,84,342",100%,2020
188,Die Känguru0Chroniken,"50,81,127",0,0,"50,81,127",100%,2020
189,The Real Exorcist,"50,35,830",0,0,"50,35,830",100%,2020
190,Mayday,"50,11,408",0,0,"50,11,408",100%,2020
191,Bheeshma,"49,97,080",0,0,"49,97,080",100%,2020
192,Made in Abyss: Dawn of the Deep Soul,"49,71,635",0,0,"49,71,635",100%,2020
193,Godai 0 The Wunderkind,"49,48,225",0,0,"49,48,225",100%,2020
194,Military Wives,"48,90,505",0,0,"48,90,505",100%,2020
195,Panga,"48,86,124","5,82,720",11.90%,"43,03,404",88.10%,2020
196,The Tales for Old and Young,"48,53,143",0,0,"48,53,143",100%,2020
197,Streltsov,"48,50,073",0,0,"48,50,073",100%,2020
198,Persian Lessons,"48,49,240",0,0,"48,49,240",100%,2020
199,The SpongeBob Movie: Sponge on the Run,"48,10,790","48,10,790",100%,0,0,2020
0,Spider0Man: No Way Home,"1,91,22,33,593","80,47,93,477",42.10%,"1,10,74,40,116",57.90%,2021
1,The Battle at Lake Changjin,"90,25,48,476","3,42,411",0,"90,22,06,065",100%,2021
2,"Hi, Mom","82,20,09,764",0,0,"82,20,09,764",100%,2021
3,No Time to Die,"77,41,53,007","16,08,91,007",20.80%,"61,32,62,000",79.20%,2021
4,F9: The Fast Saga,"72,62,29,501","17,30,05,945",23.80%,"55,32,23,556",76.20%,2021
5,Detective Chinatown 3,"68,62,57,563",0,0,"68,62,57,563",100%,2021
6,Venom: Let There Be Carnage,"50,68,63,592","21,35,50,366",42.10%,"29,33,13,226",57.90%,2021
7,Godzilla vs. Kong,"47,01,16,094","10,09,16,094",21.50%,"36,92,00,000",78.50%,2021
8,Shang0Chi and the Legend of the Ten Rings,"43,22,43,292","22,45,43,292",51.90%,"20,77,00,000",48.10%,2021
9,Sing 2,"40,84,02,685","16,27,90,990",39.90%,"24,56,11,695",60.10%,2021
10,Eternals,"40,20,64,899","16,48,70,234",41%,"23,71,94,665",59%,2021
11,Dune: Part One,"40,20,27,830","10,83,27,830",26.90%,"29,37,00,000",73.10%,2021
12,Black Widow,"37,97,51,655","18,36,51,655",48.40%,"19,61,00,000",51.60%,2021
13,Free Guy,"33,15,26,598","12,16,26,598",36.70%,"20,99,00,000",63.30%,2021
14,A Quiet Place Part II,"29,73,72,261","16,00,72,261",53.80%,"13,73,00,000",46.20%,2021
15,Encanto,"25,67,86,742","9,60,93,622",37.40%,"16,06,93,120",62.60%,2021
16,Cruella,"23,35,03,234","8,61,03,234",36.90%,"14,74,00,000",63.10%,2021
17,"My Country, My Parents","22,18,31,086","1,77,133",0,"22,16,53,953",99.90%,2021
18,Jungle Cruise,"22,08,89,446","11,69,87,516",53%,"10,39,01,930",47%,2021
19,The Conjuring: The Devil Made Me Do It,"20,64,31,050","6,56,31,050",31.80%,"14,08,00,000",68.20%,2021
20,Raging Fire,"20,58,42,393","3,85,305",0.20%,"20,54,57,088",99.80%,2021
21,Ghostbusters: Afterlife,"20,43,34,455","12,93,60,575",63.30%,"7,49,73,880",36.70%,2021
22,Chinese Doctors,"19,71,43,218",0,0,"19,71,43,218",100%,2021
23,Cliff Walkers,"18,13,25,565","1,52,972",0,"18,11,72,593",99.90%,2021
24,The Suicide Squad,"16,87,17,425","5,58,17,425",33.10%,"11,29,00,000",66.90%,2021
25,Jujutsu Kaisen 0,"16,67,60,828","3,45,42,754",20.70%,"13,22,18,074",79.30%,2021
26,Space Jam: A New Legacy,"16,36,92,228","7,05,92,228",43.10%,"9,31,00,000",56.90%,2021
27,The Matrix Resurrections,"15,73,86,805","3,76,86,805",23.90%,"11,97,00,000",76.10%,2021
28,Peter Rabbit 2: The Runaway,"15,39,01,717","4,05,01,717",26.30%,"11,34,00,000",73.70%,2021
29,House of Gucci,"15,32,69,161","5,38,09,574",35.10%,"9,94,59,587",64.90%,2021
30,A Writer's Odyssey,"15,01,23,320","1,60,013",0.10%,"14,99,63,307",99.90%,2021
31,The Boss Baby 2: Family Business,"14,67,45,280","5,73,00,280",39%,"8,94,45,000",61%,2021
32,PAW Patrol: The Movie,"14,43,27,371","4,01,27,371",27.80%,"10,42,00,000",72.20%,2021
33,Tom & Jerry,"13,65,36,687","4,65,36,687",34.10%,"9,00,00,000",65.90%,2021
34,Be Somebody,"13,23,26,332",0,0,"13,23,26,332",100%,2021
35,Halloween Kills,"13,16,47,155","9,20,02,155",69.90%,"3,96,45,000",30.10%,2021
36,Raya and the Last Dragon,"13,04,23,032","5,47,23,032",42%,"7,57,00,000",58%,2021
37,Sister,"12,83,17,206",0,0,"12,83,17,206",100%,2021
38,The King's Man,"12,58,97,478","3,71,76,373",29.50%,"8,87,21,105",70.50%,2021
39,The Addams Family 2,"11,98,15,153","5,64,89,153",47.10%,"6,33,26,000",52.90%,2021
40,My Love,"11,67,20,921","86,252",0,"11,66,34,669",99.90%,2021
41,Clifford the Big Red Dog,"10,73,47,356","4,89,47,356",45.60%,"5,84,00,000",54.40%,2021
42,Wrath of Man,"10,39,66,489","2,74,66,489",26.40%,"7,65,00,000",73.60%,2021
43,Detective Conan: The Scarlet Bullet,"9,53,71,578",0,0,"9,53,71,578",100%,2021
44,Evangelion: 3.0+1.01 Thrice Upon a Time,"9,38,82,453","8,10,744",0.90%,"9,30,71,709",99.10%,2021
45,End Game,"9,18,24,961","23,149",0,"9,18,01,812",100%,2021
46,Old,"9,01,46,510","4,82,76,510",53.60%,"4,18,70,000",46.40%,2021
47,Mortal Kombat,"8,44,26,031","4,23,26,031",50.10%,"4,21,00,000",49.90%,2021
48,Boonie Bears: The Wild Life,"7,81,32,231",0,0,"7,81,32,231",100%,2021
49,Candyman,"7,74,11,570","6,11,86,570",79%,"1,62,25,000",21%,2021
50,The Forever Purge,"7,69,94,245","4,45,39,245",57.80%,"3,24,55,000",42.20%,2021
51,West Side Story,"7,60,16,171","3,85,30,322",50.70%,"3,74,85,849",49.30%,2021
52,1921,"7,51,59,828",0,0,"7,51,59,828",100%,2021
53,Hitman's Wife's Bodyguard,"7,00,60,492","3,80,14,727",54.30%,"3,20,45,765",45.70%,2021
54,Escape Room: Tournament of Champions,"6,57,74,490","2,53,14,753",38.50%,"4,04,59,737",61.50%,2021
55,Belle,"6,46,79,830","40,18,313",6.20%,"6,06,61,517",93.80%,2021
56,Ron's Gone Wrong,"6,06,92,022","2,30,09,270",37.90%,"3,76,82,752",62.10%,2021
57,Cloudy Mountain,"5,83,48,836",0,0,"5,83,48,836",100%,2021
58,Avatar 2021 Re0release,"5,79,95,770",0,0,"5,79,95,770",100%,2021
59,Nobody,"5,75,10,518","2,75,68,035",47.90%,"2,99,42,483",52.10%,2021
60,New Gods: Nezha Reborn,"5,60,88,478",0,0,"5,60,88,478",100%,2021
61,Upcoming,"5,43,00,000",0,0,"5,43,00,000",100%,2021
62,Don't Breathe 2,"5,37,85,551","3,27,12,950",60.80%,"2,10,72,601",39.20%,2021
63,Man in Love,"5,29,46,097",0,0,"5,29,46,097",100%,2021
64,Break Through the Darkness,"5,27,00,000",0,0,"5,27,00,000",100%,2021
65,Schemes in Antiques,"5,16,37,422","36,501",0,"5,16,00,921",99.90%,2021
66,Luca,"5,10,74,773","13,24,302",2.60%,"4,97,50,471",97.40%,2021
67,Belfast,"4,91,58,709","92,50,870",18.80%,"3,99,07,839",81.20%,2021
68,My Hero Academia: World Heroes' Mission,"4,69,40,541","1,22,71,658",26.10%,"3,46,68,883",73.90%,2021
69,The French Dispatch,"4,63,33,545","1,61,24,375",34.80%,"3,02,09,170",65.20%,2021
70,In the Heights,"4,51,75,167","2,99,75,167",66.40%,"1,52,00,000",33.60%,2021
71,Love Will Tear Us Apart,"4,50,60,290",0,0,"4,50,60,290",100%,2021
72,Spirit Untamed,"4,27,17,215","1,77,16,215",41.50%,"2,50,01,000",58.50%,2021
73,Resident Evil: Welcome to Raccoon City,"4,19,14,915","1,70,00,612",40.60%,"2,49,14,303",59.40%,2021
74,Spiral,"4,06,18,920","2,32,16,862",57.20%,"1,74,02,058",42.80%,2021
75,Snake Eyes,"4,00,64,325","2,82,64,325",70.50%,"1,18,00,000",29.50%,2021
76,Tokyo Revengers,"3,97,14,624",0,0,"3,97,14,624",100%,2021
77,Nightmare Alley,"3,96,29,195","1,13,38,107",28.60%,"2,82,91,088",71.40%,2021
78,Nomadland,"3,94,58,207","37,00,000",9.40%,"3,57,58,207",90.60%,2021
79,King Richard,"3,94,29,285","1,51,29,285",38.40%,"2,43,00,000",61.60%,2021
80,Arashi Anniversary Tour 5 x 20 Film: Record of Memories,"3,80,52,695",0,0,"3,80,52,695",100%,2021
81,The Yinyang Master,"3,76,90,000",0,0,"3,76,90,000",100%,2021
82,Rurouni Kenshin: Final Chapter Part I 0 The Final,"3,69,64,978",0,0,"3,69,64,978",100%,2021
83,The Door Lock,"3,61,00,000",0,0,"3,61,00,000",100%,2021
84,We Made a Beautiful Bouquet,"3,50,42,879",0,0,"3,50,42,879",100%,2021
85,Malignant,"3,48,91,791","1,33,91,791",38.40%,"2,15,00,000",61.60%,2021
86,Licorice Pizza,"3,32,76,075","1,73,18,007",52%,"1,59,58,068",48%,2021
87,Respect,"3,28,82,823","2,42,78,399",73.80%,"86,04,424",26.20%,2021
88,Big Red Envelope,"3,28,00,000",0,0,"3,28,00,000",100%,2021
89,Masquerade Night,"3,22,87,400",0,0,"3,22,87,400",100%,2021
90,Once Upon a Time in Hong Kong,"3,22,18,874",0,0,"3,22,18,874",100%,2021
91,Home Sweet Home,"3,21,78,677",0,0,"3,21,78,677",100%,2021
92,The Little Things,"3,08,42,746","1,53,42,746",49.70%,"1,55,00,000",50.30%,2021
93,The Unholy,"3,08,32,137","1,55,32,137",50.40%,"1,53,00,000",49.60%,2021
94,The Last Duel,"3,05,52,111","1,08,53,945",35.50%,"1,96,98,166",64.50%,2021
95,Escape from Mogadishu,"2,99,02,716","3,46,271",1.20%,"2,95,56,445",98.80%,2021
96,Master,"2,86,92,230",0,0,"2,86,92,230",100%,2021
97,The Last Warrior: Root of Evil,"2,83,57,398",0,0,"2,83,57,398",100%,2021
98,The Last Warrior: A Messenger of Darkness,"2,70,52,365",0,0,"2,70,52,365",100%,2021
99,American Underdog,"2,65,14,814","2,65,14,814",100%,0,0,2021
100,Chaos Walking,"2,65,08,132","1,32,87,908",50.10%,"1,32,20,224",49.90%,2021
101,The Courier,"2,60,01,227","66,13,432",25.40%,"1,93,87,795",74.60%,2021
102,Spencer,"2,52,46,967","70,86,632",28.10%,"1,81,60,335",71.90%,2021
103,Parallel Mothers,"2,30,99,858","22,97,501",9.90%,"2,08,02,357",90.10%,2021
104,The Marksman,"2,30,76,711","1,55,66,093",67.50%,"75,10,618",32.50%,2021
105,99.9 Criminal Lawyer: The Movie,"2,30,55,069",0,0,"2,30,55,069",100%,2021
106,Last Night in Soho,"2,29,57,625","1,01,27,625",44.10%,"1,28,30,000",55.90%,2021
107,The Day We Lit Up the Sky,"2,25,00,000",0,0,"2,25,00,000",100%,2021
108,School of Magical Animals,"2,20,29,698","2,88,414",1.30%,"2,17,41,284",98.70%,2021
109,Kaamelott: First Installment,"2,19,79,122","1,88,000",0.90%,"2,17,91,122",99.10%,2021
110,After We Fell,"2,17,53,705","21,70,750",10%,"1,95,82,955",90%,2021
111,Rurouni Kenshin: Final Chapter Part II 0 The Beginning,"2,13,18,560",0,0,"2,13,18,560",100%,2021
112,Wish Dragon,"2,11,20,000",0,0,"2,11,20,000",100%,2021
113,Crayon Shin0chan: Shrouded in Mystery! The Flowers of Tenkazu Academy,"2,07,52,104",0,0,"2,07,52,104",100%,2021
114,Stillwater,"1,97,54,272","1,44,65,535",73.20%,"52,88,737",26.80%,2021
115,The Wolf and the Lion,"1,95,10,578","20,72,173",10.60%,"1,74,38,405",89.40%,2021
116,Les Tuche 4,"1,92,59,766",0,0,"1,92,59,766",100%,2021
117,Dear Evan Hansen,"1,91,33,454","1,50,02,646",78.40%,"41,30,808",21.60%,2021
118,Those Who Wish Me Dead,"1,91,07,200","74,07,200",38.80%,"1,17,00,000",61.20%,2021
119,The Pioneer,"1,89,00,000",0,0,"1,89,00,000",100%,2021
120,The Green Knight,"1,88,87,953","1,71,73,321",90.90%,"17,14,632",9.10%,2021
121,Antlers,"1,88,67,659","1,06,19,670",56.30%,"82,47,989",43.70%,2021
122,Sinkhole,"1,88,16,801",0,0,"1,88,16,801",100%,2021
123,Mobile Suit Gundam: Hathaway,"1,87,31,309",0,0,"1,87,31,309",100%,2021
124,The Stronghold,"1,80,66,143",0,0,"1,80,66,143",100%,2021
125,"Dad, I'm Sorry","1,74,80,489","3,50,000",2%,"1,71,30,489",98%,2021
126,Gintama: The Final,"1,72,52,960",0,0,"1,72,52,960",100%,2021
127,Railway Heroes,"1,72,23,704",0,0,"1,72,23,704",100%,2021
128,Your Turn to Kill,"1,65,11,822",0,0,"1,65,11,822",100%,2021
129,Cry Macho,"1,65,10,734","1,03,10,734",62.40%,"62,00,000",37.60%,2021
130,Reminiscence,"1,64,00,193","39,00,193",23.80%,"1,25,00,000",76.20%,2021
131,Legend No. 17,"1,60,96,860",0,0,"1,60,96,860",100%,2021
132,Upon the Magic Roads,"1,59,90,882",0,0,"1,59,90,882",100%,2021
133,Harry Potter and the Sorcerer's Stone 2021 Re0release,"1,55,91,681","7,99,342",5.10%,"1,46,04,379",93.70%,2021
134,The Dry,"1,55,76,286","3,64,237",2.30%,"1,52,12,049",97.70%,2021
135,The Night House,"1,54,37,703","71,00,581",46%,"83,37,122",54%,2021
136,Drive My Car,"1,53,56,410","23,52,240",15.30%,"1,30,04,170",84.70%,2021
137,Minari,"1,52,88,578","31,10,580",20.30%,"1,21,77,998",79.70%,2021
138,Something About Love,"1,52,04,017",0,0,"1,52,04,017",100%,2021
139,Anita,"1,50,17,470","5,56,632",3.70%,"1,44,60,838",96.30%,2021
140,And So the Baton Is Passed,"1,44,03,588",0,0,"1,44,03,588",100%,2021
141,The Tomorrow War,"1,44,00,000",0,0,"1,44,00,000",100%,2021
142,Sword Art Online: Progressive 0 Aria of a Starless Night,"1,40,32,747","10,50,000",7.50%,"1,29,82,747",92.50%,2021
143,Christmas with the Chosen: The Messengers,"1,37,28,000","1,37,28,000",100%,0,0,2021
144,Eiffel,"1,35,73,923","4,44,814",3.30%,"1,31,29,109",96.70%,2021
145,OSS 117: From Africa with Love,"1,34,57,801",0,0,"1,34,57,801",100%,2021
146,Hostage: Missing Celebrity,"1,31,74,292",0,0,"1,31,74,292",100%,2021
147,Vakeel Saab,"1,30,56,490",0,0,"1,30,56,490",100%,2021
148,The Many Saints of Newark,"1,30,37,403","82,37,403",63.20%,"48,00,000",36.80%,2021
149,The Monkey King: Reborn,"1,30,17,088",0,0,"1,30,17,088",100%,2021
150,No Escapes,"1,29,16,151",0,0,"1,29,16,151",100%,2021
151,The Bodin's in the Land of Smile,"1,28,72,253",0,0,"1,28,72,253",100%,2021
152,The Worst Person in the World,"1,26,87,507","30,34,775",23.90%,"96,52,732",76.10%,2021
153,Character,"1,26,28,017",0,0,"1,26,28,017",100%,2021
154,On Your Mark,"1,21,00,000",0,0,"1,21,00,000",100%,2021
155,On the Line,"1,20,58,986",0,0,"1,20,58,986",100%,2021
156,Stand by Me,"1,19,00,000",0,0,"1,19,00,000",100%,2021
157,The Fable: The Killer Who Doesn't Kill,"1,13,25,545",0,0,"1,13,25,545",100%,2021
158,What Did You Eat Yesterday?,"1,13,20,893",0,0,"1,13,20,893",100%,2021
159,Aline,"1,11,49,943","6,67,815",6%,"1,04,82,128",94%,2021
160,Krack,"1,04,42,916",0,0,"1,04,42,916",100%,2021
161,Realm of Terracotta,"1,03,63,914",0,0,"1,03,63,914",100%,2021
162,Kaiserschmarrndrama,"1,03,57,720",0,0,"1,03,57,720",100%,2021
163,"Caution, Hazardous Wife: The Movie","1,03,56,359",0,0,"1,03,56,359",100%,2021
164,Detective Conan: The Scarlet Alibi,"1,03,08,627",0,0,"1,03,08,627",100%,2021
165,Never Stop,"1,02,24,935",0,0,"1,02,24,935",100%,2021
166,Ainbo,"1,01,72,403",0,0,"1,01,72,403",100%,2021
167,Eiga Sumikkogurashi: Aoi tsukiyo no mahô no ko,"97,42,510",0,0,"97,42,510",100%,2021
168,Black Box,"97,38,741",0,0,"97,38,741",100%,2021
169,The Soul,"96,00,000",0,0,"96,00,000",100%,2021
170,¡A todo tren! Destino Asturias,"95,44,171",0,0,"95,44,171",100%,2021
171,Baragaki: Unbroken Samurai,"94,81,437",0,0,"94,81,437",100%,2021
172,Dad,"92,67,397",0,0,"92,67,397",100%,2021
173,The Lord of the Rings: The Fellowship of the Ring 2021 Re0release,"89,90,599",0,0,"83,77,569",93.20%,2021
174,All About My Mother,"89,00,000",0,0,"89,00,000",100%,2021
175,The Eleventh Chapter,"88,44,997",0,0,"88,44,997",100%,2021
176,The Medium,"88,26,689",0,0,"88,26,689",100%,2021
177,The Vault,"88,03,864",0,0,"88,03,864",100%,2021
178,Kaguya0sama: Love Is War,"87,94,981",0,0,"87,94,981",100%,2021
179,Moonbound,"87,49,618",0,0,"87,49,618",100%,2021
180,The Protégé,"87,37,253","74,46,823",85.20%,"12,90,430",14.80%,2021
181,Lost Illusions,"86,35,184","1,26,391",1.50%,"85,08,793",98.50%,2021
182,Agent Backkom: King's Bear,"86,19,446",0,0,"86,19,446",100%,2021
183,Pil's Adventures,"85,67,345",0,0,"85,67,345",100%,2021
184,Honey Lemon Soda,"84,41,488",0,0,"84,41,488",100%,2021
185,Delicious,"83,71,523",0,0,"83,71,523",100%,2021
186,I Don't Have Any Money Left in My Retirement Account,"82,04,616",0,0,"82,04,616",100%,2021
187,Girls to Buy,"81,77,284",0,0,"81,77,284",100%,2021
188,Green Snake,"81,70,000",0,0,"81,70,000",100%,2021
189,New Happy Dad and Son 4,"80,70,000",0,0,"80,70,000",100%,2021
190,Sunny Sisters,"78,80,000",0,0,"78,80,000",100%,2021
191,Contra,"77,62,797",0,0,"77,62,797",100%,2021
192,Hard Hit,"76,58,021",0,0,"76,58,021",100%,2021
193,Little Canned Men,"76,00,000",0,0,"76,00,000",100%,2021
194,Pushpa: The Rise 0 Part 1,"75,92,374","13,20,000",17.40%,"62,72,374",82.60%,2021
195,The Mauritanian,"75,27,030","8,36,536",11.10%,"66,90,494",88.90%,2021
196,The Ice Road,"75,02,846",0,0,"75,02,846",100%,2021
197,Judas and the Black Messiah,"74,78,009","54,78,009",73.30%,"20,00,000",26.70%,2021
198,Love Letter 2021 Re0release,"74,00,000",0,0,"74,00,000",100%,2021
199,Signal: The Movie,"73,88,603",0,0,"73,88,603",100%,2021
0,Avatar: The Way of Water,"2,32,02,50,281","68,40,75,767",29.50%,"1,63,61,74,514",70.50%,2022
1,Top Gun: Maverick,"1,49,56,96,292","71,87,32,821",48.10%,"77,69,63,471",51.90%,2022
2,Jurassic World Dominion,"1,00,19,78,080","37,68,51,080",37.60%,"62,51,27,000",62.40%,2022
3,Doctor Strange in the Multiverse of Madness,"95,57,75,804","41,13,31,607",43%,"54,44,44,197",57%,2022
4,Minions: The Rise of Gru,"94,02,03,765","37,02,70,765",39.40%,"56,99,33,000",60.60%,2022
5,Black Panther: Wakanda Forever,"85,92,08,836","45,38,29,060",52.80%,"40,53,79,776",47.20%,2022
6,The Batman,"77,22,45,583","36,93,45,583",47.80%,"40,29,00,000",52.20%,2022
7,Thor: Love and Thunder,"76,09,28,081","34,32,56,830",45.10%,"41,76,71,251",54.90%,2022
8,Water Gate Bridge,"62,65,71,697","1,17,294",0,"62,64,54,403",100%,2022
9,Puss in Boots: The Last Wish,"48,17,26,788","18,60,90,535",38.60%,"29,56,36,253",61.40%,2022
10,Moon Man,"46,02,37,662",0,0,"46,02,37,662",100%,2022
11,Fantastic Beasts: The Secrets of Dumbledore,"40,71,50,844","9,58,50,844",23.50%,"31,13,00,000",76.50%,2022
12,Uncharted,"40,71,41,258","14,86,48,820",36.50%,"25,84,92,438",63.50%,2022
13,Sonic the Hedgehog 2,"40,54,21,518","19,08,72,904",47.10%,"21,45,48,614",52.90%,2022
14,Black Adam,"39,34,52,111","16,81,52,111",42.70%,"22,53,00,000",57.30%,2022
15,Elvis,"28,77,40,048","15,10,40,048",52.50%,"13,67,00,000",47.50%,2022
16,The Bad Guys,"25,03,87,888","9,74,59,240",38.90%,"15,29,28,648",61.10%,2022
17,Bullet Train,"23,92,68,602","10,33,68,602",43.20%,"13,59,00,000",56.80%,2022
18,Lightyear,"22,64,25,420","11,83,07,188",52.20%,"10,81,18,232",47.80%,2022
19,Smile,"21,74,08,513","10,59,35,048",48.70%,"11,14,73,465",51.30%,2022
20,Too Cool to Kill,"21,72,54,604","1,85,882",0,"21,70,68,722",99.90%,2022
21,Nice View,"21,10,19,042",0,0,"21,10,19,042",100%,2022
22,DC League of Super0Pets,"20,75,57,117","9,36,57,117",45.10%,"11,39,00,000",54.90%,2022
23,The Lost City,"19,29,07,684","10,53,44,029",54.60%,"8,75,63,655",45.40%,2022
24,M3GAN,"18,00,89,109","9,51,59,005",52.80%,"8,49,30,104",47.20%,2022
25,One Piece Film: Red,"17,13,19,579","1,27,75,324",7.50%,"15,85,44,255",92.50%,2022
26,Nope,"17,12,35,592","12,32,77,080",72%,"4,79,58,512",28%,2022
27,Ticket to Paradise,"16,87,70,985","6,82,75,985",40.50%,"10,04,95,000",59.50%,2022
28,Morbius,"16,74,60,961","7,38,65,530",44.10%,"9,35,95,431",55.90%,2022
29,RRR,"16,59,55,146","1,45,00,000",8.70%,"15,14,55,146",91.30%,2022
30,The Black Phone,"16,14,40,742","9,01,23,230",55.80%,"7,13,17,512",44.20%,2022
31,The First Slam Dunk,"15,17,12,242","12,91,869",0.90%,"15,04,20,373",99.10%,2022
32,Where the Crawdads Sing,"14,43,53,965","9,02,30,760",62.50%,"5,41,23,205",37.50%,2022
33,Everything Everywhere All at Once,"13,94,02,341","7,71,91,785",55.40%,"6,22,10,556",44.60%,2022
34,Scream,"13,77,43,924","8,16,41,405",59.30%,"5,61,02,519",40.70%,2022
35,Death on the Nile,"13,73,07,235","4,56,30,104",33.20%,"9,16,77,131",66.80%,2022
36,Suzume,"13,34,73,196","1,09,32,037",8.20%,"12,25,41,159",91.80%,2022
37,A Man Called Otto,"11,33,59,847","6,42,67,657",56.70%,"4,90,92,190",43.30%,2022
38,"Lyle, Lyle, Crocodile","11,10,80,122","4,68,88,441",42.20%,"6,41,91,681",57.80%,2022
39,Halloween Ends,"10,43,74,176","6,40,79,860",61.40%,"4,02,94,316",38.60%,2022
40,The Roundup,"10,11,66,707","8,12,859",0.80%,"10,03,53,848",99.20%,2022
41,The Woman King,"9,75,62,514","6,73,28,130",69%,"3,02,34,384",31%,2022
42,Downton Abbey: A New Era,"9,26,51,384","4,41,41,550",47.60%,"4,85,09,834",52.40%,2022
43,K.G.F: Chapter 2,"8,91,23,940","28,74,000",3.20%,"8,62,49,940",96.80%,2022
44,Don't Worry Darling,"8,76,09,403","4,53,09,403",51.70%,"4,23,00,000",48.30%,2022
45,Dragon Ball Super: Super Hero,"8,65,62,140","3,81,12,140",44%,"4,84,50,000",56%,2022
46,Dog,"8,45,50,282","6,17,78,069",73.10%,"2,27,72,213",26.90%,2022
47,Jackass Forever,"8,05,63,999","5,77,43,451",71.70%,"2,28,20,548",28.30%,2022
48,The Menu,"7,96,28,200","3,85,01,125",48.40%,"4,11,27,075",51.60%,2022
49,Chebi: My Fluffy Friend,"7,76,09,926",0,0,"7,76,09,926",100%,2022
50,Avatar 2022 Re0release,"7,60,12,917","2,47,14,024",32.50%,"5,12,98,893",67.50%,2022
51,Violent Night,"7,60,04,405","5,00,57,405",65.90%,"2,59,47,000",34.10%,2022
52,Strange World,"7,36,21,640","3,79,68,963",51.60%,"3,56,52,677",48.40%,2022
53,Detective Conan: The Bride of Halloween,"7,26,99,093",0,0,"7,26,99,093",100%,2022
54,The Northman,"6,96,33,110","3,42,33,110",49.20%,"3,54,00,000",50.80%,2022
55,Moonfall,"6,73,19,703","1,90,60,660",28.30%,"4,82,34,703",71.70%,2022
56,Babylon,"6,35,62,440","1,53,51,455",24.20%,"4,82,10,985",75.80%,2022
57,Whitney Houston: I Wanna Dance with Somebody,"5,98,06,881","2,37,08,080",39.60%,"3,60,98,801",60.40%,2022
58,Beast,"5,90,95,809","3,18,46,530",53.90%,"2,72,49,279",46.10%,2022
59,The Whale,"5,76,15,635","1,74,63,630",30.30%,"3,95,63,064",68.70%,2022
60,Hansan: Rising Dragon,"5,74,90,985","8,65,888",1.50%,"5,66,25,097",98.50%,2022
61,Confidential Assignment 2: International,"5,44,86,330",0,0,"5,44,86,330",100%,2022
62,Ambulance,"5,23,03,589","2,27,81,115",43.60%,"2,95,22,474",56.40%,2022
63,Marry Me,"5,05,41,093","2,24,38,180",44.40%,"2,81,02,913",55.60%,2022
64,Brahmastra Part One: Shiva,"5,01,64,785","78,39,108",15.60%,"4,23,25,677",84.40%,2022
65,The Banshees of Inisherin,"4,92,62,687","1,05,82,266",21.50%,"3,86,80,421",78.50%,2022
66,The Fabelmans,"4,56,47,323","1,73,48,945",38%,"2,82,98,378",62%,2022
67,Barbarian,"4,53,52,337","4,08,42,944",90.10%,"45,09,393",9.90%,2022
68,Prey for the Devil,"4,46,58,929","1,98,02,293",44.30%,"2,48,56,636",55.70%,2022
69,Paws of Fury: The Legend of Hank,"4,24,39,184","1,78,11,382",42%,"2,46,27,802",58%,2022
70,The Invitation,"3,80,36,130","2,51,00,080",66%,"1,29,36,050",34%,2022
71,Orphan: First Kill,"3,70,83,743","54,13,227",14.60%,"3,16,70,516",85.40%,2022
72,Matilda: The Musical,"3,56,17,120",0,0,"3,56,17,120",100%,2022
73,Kingdom 2: Far and Away,"3,49,63,395",0,0,"3,49,63,395",100%,2022
74,The Bob's Burgers Movie,"3,41,48,750","3,19,33,830",93.50%,"22,14,920",6.50%,2022
75,Hunt,"3,38,21,338","25,994",0,"3,37,95,344",99.90%,2022
76,Tad the Lost Explorer and the Emerald Tablet,"3,28,49,430","67,599",0.20%,"3,27,81,831",99.80%,2022
77,BTS Permission to Dance on Stage 0 Seoul: Live Viewing,"3,26,00,000","68,40,000",21%,"2,57,60,000",79%,2022
78,Shin Ultraman,"3,21,37,136","6,01,490",1.90%,"3,15,35,646",98.10%,2022
79,Amsterdam,"3,12,45,810","1,49,47,969",47.80%,"1,62,97,841",52.20%,2022
80,Mrs. Harris Goes to Paris,"3,10,42,050","1,04,33,915",33.60%,"2,06,08,135",66.40%,2022
81,Vikram,"2,98,37,637","17,70,000",5.90%,"2,80,67,637",94.10%,2022
82,The Unbearable Weight of Massive Talent,"2,91,16,320","2,03,00,157",69.70%,"88,16,163",30.30%,2022
83,Tár,"2,90,48,571","67,73,650",23.30%,"2,22,74,921",76.70%,2022
84,Serial (Bad) Weddings 3,"2,78,32,384",0,0,"2,78,32,384",100%,2022
85,The 355,"2,78,27,745","1,45,70,455",52.40%,"1,32,57,290",47.60%,2022
86,The Last 10 Years,"2,67,29,106",0,0,"2,67,29,106",100%,2022
87,The Night Owl,"2,67,19,364",0,0,"2,67,19,364",100%,2022
88,Triangle of Sadness,"2,62,14,659","46,08,096",17.60%,"2,16,06,563",82.40%,2022
89,Calendar Girls,"2,54,33,615",0,0,"2,54,33,615",100%,2022
90,The Kashmir Files,"2,48,21,898","14,85,000",6%,"2,33,36,898",94%,2022
91,Hero,"2,43,92,492",0,0,"2,43,92,492",100%,2022
92,The Confidence Man JP: Episode of the Hero,"2,32,14,581",0,0,"2,32,14,581",100%,2022
93,The Witch: Part 2 0 The Other One,"2,30,68,596","1,43,723",0.60%,"2,29,24,873",99.40%,2022
94,###############################################################################################################################################################################################################################################################,"2,22,63,336",0,0,"2,22,63,336",100%,2022
95,Doraemon the Movie: Nobita's Little Star Wars 2021,"2,20,44,058",0,0,"2,20,44,058",100%,2022
96,Decision to Leave,"2,20,26,067","21,79,864",9.90%,"1,98,46,203",90.10%,2022
97,See How They Run,"2,19,66,634","95,86,237",43.60%,"1,23,80,397",56.40%,2022
98,Ponniyin Selvan: Part I,"2,18,88,295","42,82,000",19.60%,"1,76,06,295",80.40%,2022
99,Devotion,"2,17,68,133","2,05,11,938",94.20%,"12,56,195",5.80%,2022
100,Silent Parade,"2,17,23,595",0,0,"2,17,23,595",100%,2022
101,Father Stu,"2,15,92,379","2,08,84,796",96.70%,"7,07,583",3.30%,2022
102,Turning Red,"2,15,21,622","13,99,001",6.50%,"2,01,22,621",93.50%,2022
103,Emergency Declaration,"2,14,00,327","4,12,196",1.90%,"2,09,88,131",98.10%,2022
104,The Amazing Maurice,"2,11,34,768","43,03,645",20.40%,"1,68,31,123",79.60%,2022
105,Monster,"2,06,55,998","4,34,585",2.10%,"2,02,21,413",97.90%,2022
106,Crayon Shin0chan: Mononoke Ninja Chinpuden,"2,06,17,005",0,0,"2,06,17,005",100%,2022
107,Three Thousand Years of Longing,"2,02,82,422","82,86,741",40.90%,"1,19,95,681",59.10%,2022
108,School of Magical Animals 2,"1,97,24,705","45,860",0.20%,"1,96,78,845",99.80%,2022
109,After Ever Happy,"1,92,38,073","10,72,750",5.60%,"1,81,65,323",94.40%,2022
110,Simone: Woman of the Century,"1,91,67,164",0,0,"1,91,67,164",100%,2022
111,Beast,"1,89,11,959",0,0,"1,89,11,959",100%,2022
112,Broker,"1,88,51,416","10,46,899",5.60%,"1,78,04,517",94.40%,2022
113,Godfather,"1,87,37,287",0,0,"1,87,37,287",100%,2022
114,November,"1,85,54,715",0,0,"1,85,54,715",100%,2022
115,Bhool Bhulaiyaa 2,"1,83,07,258",0,0,"1,83,07,258",100%,2022
116,Fragments of the Last Will,"1,79,54,691",0,0,"1,79,54,691",100%,2022
117,The Quintessential Quintuplets Movie,"1,75,06,171","5,02,000",2.90%,"1,70,04,171",97.10%,2022
118,Fall,"1,73,63,261","72,40,521",41.70%,"1,01,22,740",58.30%,2022
119,Even If This Love Disappears from the World Tonight,"1,68,48,229",0,0,"1,68,48,229",100%,2022
120,Wunderschön,"1,67,19,291",0,0,"1,67,19,291",100%,2022
121,Father There Is Only One 3,"1,64,01,315",0,0,"1,64,01,315",100%,2022
122,Dr. Coto's Clinic,"1,60,62,841",0,0,"1,60,62,841",100%,2022
123,Radhe Shyam,"1,59,54,804","18,60,000",11.70%,"1,40,94,804",88.30%,2022
124,Blacklight,"1,59,02,207","95,91,094",60.30%,"63,11,113",39.70%,2022
125,Operation Mincemeat,"1,57,10,164",0,0,"1,57,10,164",100%,2022
126,Maison de retraite,"1,55,70,823",0,0,"1,55,70,823",100%,2022
127,"Utapri Movie 2, Uta No Prince0Sama Maji Love Starish Tours Movie","1,55,69,229",0,0,"1,55,69,229",100%,2022
128,Bheemla Nayak,"1,52,43,922",0,0,"1,52,43,922",100%,2022
129,Bones and All,"1,52,34,907","78,34,907",51.40%,"74,00,000",48.60%,2022
130,Terrifier 2,"1,50,65,239","1,06,40,105",70.60%,"44,25,134",29.40%,2022
131,Firestarter,"1,50,39,250","97,39,250",64.80%,"53,00,000",35.20%,2022
132,The Wolf of Wall Street 2022 Re0release,"1,50,38,738",0,0,"1,48,77,539",98.90%,2022
133,Bros,"1,47,81,867","1,16,28,165",78.70%,"31,53,702",21.30%,2022
134,Superwho?,"1,47,70,359",0,0,"1,47,70,359",100%,2022
135,X,"1,47,40,889","1,17,65,309",79.80%,"29,75,580",20.20%,2022
136,The Chosen Season 3: Episode 1 & 2,"1,46,79,613","1,46,12,089",99.50%,"67,524",0.50%,2022
137,The Duke,"1,42,33,027","15,26,970",10.70%,"1,27,00,247",89.20%,2022
138,Sarkaru Vaari Paata,"1,41,99,018",0,0,"1,41,99,018",100%,2022
139,She Said,"1,39,44,212","58,25,995",41.80%,"81,18,217",58.20%,2022
140,The Legend of Maula Jatt,"1,39,41,539","50,16,493",36%,"89,25,046",64%,2022
141,Bodies Bodies Bodies,"1,39,29,670","1,14,46,602",82.20%,"24,83,068",17.80%,2022
142,Glass Onion,"1,32,80,000","1,32,80,000",100%,0,0,2022
143,Valimai,"1,32,76,393",0,0,"1,32,76,393",100%,2022
144,Memory,"1,32,40,559","73,29,043",55.40%,"59,11,516",44.60%,2022
145,Moonage Daydream,"1,30,95,781","42,18,925",32.20%,"88,76,856",67.80%,2022
146,Easter Sunday,"1,30,74,255","1,30,13,690",99.50%,"60,565",0.50%,2022
147,Living,"1,23,77,310","30,38,113",24.50%,"93,39,197",75.50%,2022
148,Guglhupfgeschwader,"1,23,07,072",0,0,"1,23,07,072",100%,2022
149,Alienoid,"1,21,09,608","1,68,309",1.40%,"1,19,41,299",98.60%,2022
150,Laal Singh Chaddha,"1,20,93,536","34,01,324",28.10%,"86,92,212",71.90%,2022
151,That Time I Got Reincarnated as a Slime the Movie: Scarlet Bond,"1,16,28,645","15,88,491",13.70%,"1,00,40,154",86.30%,2022
152,Till,"1,14,98,884","90,00,202",78.30%,"24,98,682",21.70%,2022
153,Jug Jugg Jeeyo,"1,14,67,726","10,33,000",9%,"1,04,34,726",91%,2022
154,Empire of Light,"1,13,95,604","11,77,577",10.30%,"1,02,18,027",89.70%,2022
155,The Eight Mountains,"1,13,74,298","3,02,456",2.70%,"1,10,71,842",97.30%,2022
156,Bergen,"1,13,25,405",0,0,"1,13,25,405",100%,2022
157,Rise,"1,12,52,331",0,0,"1,12,52,331",100%,2022
158,Men,"1,11,52,071","75,87,853",68%,"35,64,218",32%,2022
159,Chickenhare and the Hamster of Darkness,"1,08,85,116",0,0,"1,08,85,116",100%,2022
160,Warriors of Future,"1,04,90,328",0,0,"1,04,90,328",100%,2022
161,Land of Legends,"1,03,57,479",0,0,"1,03,57,479",100%,2022
162,The Pirates: The Last Royal Treasure,"1,02,58,331",0,0,"1,02,58,331",100%,2022
163,Vaillante,"1,01,43,170",0,0,"1,01,43,170",100%,2022
164,Table for Six,"1,01,38,355",0,0,"1,01,38,355",100%,2022
165,The Beasts,"1,00,67,896","46,105",0.50%,"1,00,21,791",99.50%,2022
166,Smack Dab Kakha,"99,95,945",0,0,"99,95,945",100%,2022
167,F3: Fun and Frustration,"98,49,193","11,95,000",12.10%,"86,54,193",87.90%,2022
168,Pearl,"98,47,490","94,23,445",95.70%,"4,24,045",4.30%,2022
169,"Good Luck to You, Leo Grande","97,95,364",0,0,"97,95,364",100%,2022
170,Rheingold,"97,01,747",0,0,"97,01,747",100%,2022
171,Spider0Man: No Way Home 2022 Re0release,"96,13,518","93,21,593",97%,"2,91,925",3%,2022
172,Redeeming Love,"94,64,198","92,14,020",97.40%,"2,50,178",2.60%,2022
173,Women Talking,"92,76,103","54,56,531",58.80%,"38,19,572",41.20%,2022
174,Sword Art Online the Movie: Progressive 0 Scherzo of Deep Night,"90,71,701",0,0,"90,71,701",100%,2022
175,Samrat Prithviraj,"85,68,339",0,0,"85,68,339",100%,2022
176,Aftersun,"84,77,235","16,58,790",19.60%,"68,18,445",80.40%,2022
177,Life Is Beautiful,"84,58,639",0,0,"84,58,639",100%,2022
178,Yolki 9,"83,85,030",0,0,"83,85,030",100%,2022
179,Don,"82,87,406",0,0,"82,87,406",100%,2022
180,Shotgun Wedding,"82,77,788",0,0,"82,77,788",100%,2022
181,Vikram Vedha,"82,34,166","15,89,362",19.30%,"66,44,804",80.70%,2022
182,Re/Member,"81,66,175",0,0,"81,66,175",100%,2022
183,Rabbit Academy: Mission Eggpossible,"81,19,534",0,0,"81,19,534",100%,2022
184,Acharya,"80,48,175","8,32,000",10.30%,"72,16,175",89.70%,2022
185,Il grande giorno,"80,21,940",0,0,"80,21,940",100%,2022
186,The Tatta's,"80,00,956",0,0,"80,00,956",100%,2022
187,Ducobu 4 President,"78,58,171",0,0,"78,58,171",100%,2022
188,Finnick,"75,91,889",0,0,"75,91,889",100%,2022
189,Phases of the Moon,"75,64,756",0,0,"75,64,756",100%,2022
190,777 Charlie,"75,23,995",0,0,"75,23,995",100%,2022
191,Bachchhan Paandey,"73,87,882",0,0,"73,87,882",100%,2022
192,Lesson in Murder,"73,48,964",0,0,"73,48,964",100%,2022
193,Family Affairs,"73,30,755",0,0,"73,30,755",100%,2022
194,Listy do M. 5,"73,28,061",0,0,"73,28,061",100%,2022
195,Laid0Back Camp Movie,"73,17,913",0,0,"73,17,913",100%,2022
196,Osomatsusan the Movie 2022 Re0release,"72,97,522",0,0,"72,97,522",100%,2022
197,The New Toy,"72,95,051",0,0,"72,95,051",100%,2022
198,Decibel,"72,12,471","60,579",0.80%,"71,51,892",99.20%,2022
199,The Kids Are Alright 2,"71,87,470",0,0,"71,87,470",100%,2022
0,Barbie,"1,44,56,38,421","63,62,38,421",44%,"80,94,00,000",56%,2023
1,The Super Mario Bros. Movie,"1,36,19,92,475","57,49,34,330",42.20%,"78,70,58,145",57.80%,2023
2,Oppenheimer,"97,54,40,031","32,98,62,540",33.80%,"64,55,77,491",66.20%,2023
3,Guardians of the Galaxy Vol. 3,"84,55,55,777","35,89,95,815",42.50%,"48,65,59,962",57.50%,2023
4,Fast X,"70,48,75,015","14,61,26,015",20.70%,"55,87,49,000",79.30%,2023
5,Spider0Man: Across the Spider0Verse,"69,06,15,475","38,13,11,319",55.20%,"30,93,04,156",44.80%,2023
6,Wonka,"63,23,02,312","21,84,02,312",34.50%,"41,39,00,000",65.50%,2023
7,The Little Mermaid,"56,96,26,289","29,81,72,056",52.30%,"27,14,54,233",47.70%,2023
8,Mission: Impossible 0 Dead Reckoning Part One,"56,75,35,383","17,21,35,383",30.30%,"39,54,00,000",69.70%,2023
9,Elemental,"49,64,44,308","15,44,26,697",31.10%,"34,20,17,611",68.90%,2023
10,Ant0Man and the Wasp: Quantumania,"47,60,71,180","21,45,04,909",45.10%,"26,15,66,271",54.90%,2023
11,John Wick: Chapter 4,"44,01,57,245","18,71,31,806",42.50%,"25,30,25,439",57.50%,2023
12,Transformers: Rise of the Beasts,"43,89,66,392","15,70,66,392",35.80%,"28,19,00,000",64.20%,2023
13,Aquaman and the Lost Kingdom,"43,43,81,226","12,44,81,226",28.70%,"30,99,00,000",71.30%,2023
14,Meg 2: The Trench,"39,77,00,317","8,26,00,317",20.80%,"31,51,00,000",79.20%,2023
15,Indiana Jones and the Dial of Destiny,"38,39,63,057","17,44,80,468",45.40%,"20,94,82,589",54.60%,2023
16,The Hunger Games: The Ballad of Songbirds & Snakes,"34,43,57,763","16,63,50,594",48.30%,"17,80,07,169",51.70%,2023
17,Migration,"29,91,61,774","12,73,06,285",42.60%,"17,18,55,489",57.40%,2023
18,Five Nights at Freddy's,"29,14,93,620","13,72,75,620",47.10%,"15,42,18,000",52.90%,2023
19,Creed III,"27,61,48,615","15,62,48,615",56.60%,"11,99,00,000",43.40%,2023
20,The Flash,"27,13,33,313","10,81,33,313",39.90%,"16,32,00,000",60.10%,2023
21,The Nun II,"26,94,67,073","8,62,67,073",32%,"18,32,00,000",68%,2023
22,Taylor Swift: The Eras Tour,"26,16,56,269","18,07,56,269",69.10%,"8,09,00,000",30.90%,2023
23,Wish,"25,49,97,360","6,39,73,821",25.10%,"19,10,23,539",74.90%,2023
24,Sound of Freedom,"25,05,70,396","18,41,78,046",73.50%,"6,63,92,350",26.50%,2023
25,Napoleon,"22,13,94,838","6,15,24,375",27.80%,"15,98,70,463",72.20%,2023
26,Anyone But You,"22,02,13,795","8,83,19,668",40.10%,"13,18,94,127",59.90%,2023
27,Trolls Band Together,"20,93,67,510","10,29,96,915",49.20%,"10,63,70,595",50.80%,2023
28,Dungeons & Dragons: Honor Among Thieves,"20,81,77,026","9,32,77,026",44.80%,"11,49,00,000",55.20%,2023
29,The Marvels,"20,61,36,825","8,45,00,223",41%,"12,16,36,602",59%,2023
30,PAW Patrol: The Mighty Movie,"20,22,31,360","6,52,31,360",32.30%,"13,70,00,000",67.70%,2023
31,The Equalizer 3,"19,10,67,560","9,23,73,751",48.30%,"9,86,93,809",51.70%,2023
32,Insidious: The Red Door,"18,90,86,877","8,21,56,962",43.40%,"10,69,29,915",56.60%,2023
33,Teenage Mutant Ninja Turtles: Mutant Mayhem,"18,05,13,586","11,86,13,586",65.70%,"6,19,00,000",34.30%,2023
34,The Boy and the Heron,"17,36,35,417","4,68,32,867",27%,"12,68,02,550",73%,2023
35,Scream VI,"16,89,61,389","10,81,61,389",64%,"6,08,00,000",36%,2023
36,Killers of the Flower Moon,"15,70,26,901","6,80,26,901",43.30%,"8,90,00,000",56.70%,2023
37,Evil Dead Rise,"14,70,33,054","6,72,33,054",45.70%,"7,98,00,000",54.30%,2023
38,The Exorcist: Believer,"13,62,84,218","6,55,37,395",48.10%,"7,07,46,823",51.90%,2023
39,Shazam! Fury of the Gods,"13,40,38,006","5,76,38,006",43%,"7,64,00,000",57%,2023
40,Blue Beetle,"13,07,88,072","7,24,88,072",55.40%,"5,83,00,000",44.60%,2023
41,A Haunting in Venice,"12,22,90,456","4,24,71,412",34.70%,"7,98,19,044",65.30%,2023
42,Gran Turismo,"12,21,01,055","4,44,28,554",36.40%,"7,76,72,501",63.60%,2023
43,Poor Things,"11,76,25,455","3,45,53,225",29.40%,"8,30,72,230",70.60%,2023
44,Haunted Mansion,"11,74,49,790","6,76,53,287",57.60%,"4,97,96,503",42.40%,2023
45,Godzilla Minus One,"11,58,57,413","5,64,18,793",48.70%,"5,94,38,620",51.30%,2023
46,Pathaan,"11,25,83,450","1,74,87,476",15.50%,"9,50,95,974",84.50%,2023
47,Saw X,"11,18,23,047","5,36,07,898",47.90%,"5,82,15,149",52.10%,2023
48,Detective Conan: Black Iron Submarine,"10,67,71,806",0,0,"10,67,71,806",100%,2023
49,The Creator,"10,42,72,136","4,07,74,679",39.10%,"6,34,97,457",60.90%,2023
50,12.12: The Day,"9,74,76,565",0,0,"9,74,76,565",100%,2023
51,Animal,"9,28,70,950","1,50,04,482",16.20%,"7,78,66,468",83.80%,2023
52,Talk to Me,"9,21,81,735","4,82,99,436",52.40%,"4,38,82,299",47.60%,2023
53,Air,"9,00,60,106","5,24,60,106",58.30%,"3,76,00,000",41.70%,2023
54,Cocaine Bear,"8,83,14,672","6,46,70,240",73.20%,"2,36,44,432",26.80%,2023
55,No Hard Feelings,"8,72,56,407","5,04,52,282",57.80%,"3,68,04,125",42.20%,2023
56,The Roundup: No Way Out,"8,34,10,298","9,09,411",1.10%,"8,25,00,887",98.90%,2023
57,The Pope's Exorcist,"7,69,87,621","2,00,09,380",26%,"5,69,78,241",74%,2023
58,Plane,"7,45,15,586","3,21,11,181",43.10%,"4,24,04,405",56.90%,2023
59,Titanic 25 Year Anniversary,"7,01,57,472","1,50,33,795",21.40%,"5,51,23,677",78.60%,2023
60,The Color Purple,"6,75,19,191","6,06,19,191",89.80%,"69,00,000",10.20%,2023
61,The Boogeyman,"6,73,07,243","4,32,44,282",64.20%,"2,40,62,961",35.80%,2023
62,65,"6,07,30,568","3,20,62,904",52.80%,"2,86,67,664",47.20%,2023
63,Spy x Family Code: White,"5,96,29,242","81,10,042",13.60%,"5,15,19,200",86.40%,2023
64,Magic Mike's Last Dance,"5,71,05,156","2,60,05,156",45.50%,"3,11,00,000",54.50%,2023
65,Demon Slayer: Kimetsu No Yaiba 0 To the Swordsmith Village,"5,63,19,794","1,01,17,806",18%,"4,62,01,988",82%,2023
66,One Life,"5,62,05,538","57,16,885",10.20%,"5,04,88,653",89.80%,2023
67,The Boys in the Boat,"5,55,01,365","5,26,41,306",94.80%,"28,60,059",5.20%,2023
68,Knock at the Cabin,"5,47,60,947","3,53,97,980",64.60%,"1,93,62,967",35.40%,2023
69,Mummies,"5,44,75,970","42,75,970",7.80%,"5,02,00,000",92.20%,2023
70,Jesus Revolution,"5,42,95,801","5,21,02,987",96%,"21,92,814",4%,2023
71,Asteroid City,"5,38,57,743","2,81,53,025",52.30%,"2,57,04,718",47.70%,2023
72,The Zone of Interest,"5,25,82,035","86,59,464",16.50%,"4,39,22,571",83.50%,2023
73,Operation Fortune: Ruse de Guerre,"4,89,83,306","64,96,125",13.30%,"4,24,87,181",86.70%,2023
74,Missing,"4,87,67,848","3,25,02,025",66.60%,"1,62,65,823",33.40%,2023
75,There's Still Tomorrow,"4,84,89,294",0,0,"4,84,89,294",100%,2023
76,Thanksgiving,"4,65,53,280","3,19,08,884",68.50%,"1,46,44,396",31.50%,2023
77,Asterix & Obelix: The Middle Kingdom,"4,64,97,678",0,0,"4,64,97,678",100%,2023
78,Ruby Gillman: Teenage Kraken,"4,56,57,745","1,57,53,600",34.50%,"2,99,04,145",65.50%,2023
79,The Holdovers,"4,54,78,184","2,03,55,375",44.80%,"2,51,22,809",55.20%,2023
80,The Iron Claw,"4,52,02,541","3,50,70,296",77.60%,"1,01,32,245",22.40%,2023
81,Son of a Rich 2,"4,47,18,015",0,0,"4,47,18,015",100%,2023
82,Renaissance: A Film by Beyoncé,"4,39,89,684","3,38,89,684",77%,"1,01,00,000",23%,2023
83,Ferrari,"4,33,36,670","1,85,50,028",42.80%,"2,47,86,642",57.20%,2023
84,Past Lives,"4,25,43,213","1,11,85,625",26.30%,"3,13,57,588",73.70%,2023
85,80 for Brady,"4,03,62,938","3,93,30,588",97.40%,"10,32,350",2.60%,2023
86,"Miraculous: Ladybug & Cat Noir, the Movie","4,02,09,224",0,0,"4,02,09,224",100%,2023
87,My Big Fat Greek Wedding 3,"3,88,31,076","2,84,96,030",73.40%,"1,03,35,046",26.60%,2023
88,The Expendables 4,"3,79,17,985","1,67,10,153",44.10%,"2,12,07,832",55.90%,2023
89,Doraemon the Movie: Nobita's Sky Utopia,"3,74,75,850",0,0,"3,74,75,850",100%,2023
90,Smugglers,"3,68,51,831",0,0,"3,68,51,831",100%,2023
91,Kingdom 3: The Flame of Destiny,"3,62,59,522",0,0,"3,62,59,522",100%,2023
92,Ride On,"3,62,58,730","1,28,950",0.40%,"3,61,29,780",99.60%,2023
93,Strays,"3,60,71,267","2,39,88,885",66.50%,"1,20,82,382",33.50%,2023
94,Anatomy of a Fall,"3,59,47,604","50,76,369",14.10%,"3,08,71,235",85.90%,2023
95,The Bremen Town Musicians,"3,45,96,570",0,0,"3,45,96,570",100%,2023
96,Noryang: Deadly Sea,"3,42,10,966","3,15,245",0.90%,"3,38,95,721",99.10%,2023
97,Alibi.com 2,"3,41,14,308",0,0,"3,41,14,308",100%,2023
98,Priscilla,"3,31,11,634","2,09,60,939",63.30%,"1,21,50,695",36.70%,2023
99,Don't Call it Mystery: The Movie,"3,24,88,540",0,0,"3,24,88,540",100%,2023
100,The Three Musketeers 0 Part I: D'Artagnan,"3,23,75,003",0,0,"3,23,75,003",100%,2023
101,Tokyo MER,"3,02,39,900",0,0,"3,02,39,900",100%,2023
102,Concrete Utopia,"3,00,77,348",0,0,"3,00,77,348",100%,2023
103,BTS: Yet to Come in Cinemas,"2,92,91,883","80,93,270",27.60%,"2,11,98,613",72.40%,2023
104,Book Club: The Next Chapter,"2,90,14,500","1,75,81,565",60.60%,"1,14,32,935",39.40%,2023
105,I Wish I Could Meet You Again on the Hill Where That Flower Blooms (2023),"2,89,33,626",0,0,"2,89,33,626",100%,2023
106,Jawan,"2,84,99,044","1,51,98,530",53.30%,"1,33,00,514",46.70%,2023
107,The Wish of the Fairy Fish,"2,82,18,581",0,0,"2,82,18,581",100%,2023
108,Toy Story 2023 Re0release,"2,75,03,758",0,0,"2,75,03,758",100%,2023
109,Renfield,"2,64,93,921","1,72,97,895",65.30%,"91,96,026",34.70%,2023
110,Perfect Days,"2,54,17,760","37,66,668",14.80%,"2,16,51,092",85.20%,2023
111,Gravity 2023 Re0release (10th Anniversary),"2,49,81,634",0,0,"2,49,81,634",100%,2023
112,Frozen 2023 Re0release (Sing 0A0Long),"2,43,95,877",0,0,"2,43,95,877",100%,2023
113,Shin Jigen! Crayon Shin0chan the Movie,"2,36,55,553",0,0,"2,36,55,553",100%,2023
114,The Challenge,"2,32,19,519",0,0,"2,32,19,519",100%,2023
115,American Fiction,"2,24,83,370","2,10,98,470",93.80%,"13,84,900",6.20%,2023
116,Radical,"2,17,91,709","87,02,731",39.90%,"1,30,88,978",60.10%,2023
117,The Last Voyage of the Demeter,"2,17,86,275","1,36,37,180",62.60%,"81,49,095",37.40%,2023
118,Guy Ritchie's the Covenant,"2,16,32,392","1,69,38,039",78.30%,"46,94,353",21.70%,2023
119,"Are You There God? It's Me, Margaret.","2,14,64,043","2,03,72,406",94.90%,"10,91,637",5.10%,2023
120,IDOLiSH7 Movie: LIVE 4bit 0 BEYOND THE PERiOD,"2,11,12,012",0,0,"2,11,12,012",100%,2023
121,Saltburn,"2,10,26,167","1,14,25,829",54.30%,"96,00,338",45.70%,2023
122,Dumb Money,"2,07,03,794","1,39,25,356",67.30%,"67,61,614",32.70%,2023
123,All of Us Strangers,"2,02,26,058","40,50,103",20%,"1,61,75,955",80%,2023
124,My Happy Marriage,"1,95,06,407",0,0,"1,95,06,407",100%,2023
125,The House of No Man,"1,94,90,980",0,0,"1,94,90,980",100%,2023
126,Champions,"1,91,59,065","1,63,97,335",85.60%,"27,61,730",14.40%,2023
127,Retribution,"1,86,85,751","69,37,696",37.10%,"1,17,48,055",62.90%,2023
128,Next Goal Wins,"1,86,48,802","67,13,826",36%,"1,19,34,976",64%,2023
129,Love Reset,"1,84,25,590",0,0,"1,84,25,590",100%,2023
130,The Blackening,"1,81,69,453","1,77,07,207",97.50%,"4,62,246",2.50%,2023
131,About My Father,"1,81,67,819","1,20,89,391",66.50%,"60,78,428",33.50%,2023
132,The Birth of Kitaro: Mystery of GeGeGe,"1,81,36,207",0,0,"1,81,36,207",100%,2023
133,Mavka: The Forest Song,"1,79,74,964",0,0,"1,79,74,964",100%,2023
134,The Blind,"1,72,65,487","1,72,65,487",100%,0,0,2023
135,Tokyo Revengers 2: Bloody Halloween 0 Destiny,"1,72,16,567",0,0,"1,72,16,567",100%,2023
136,Hypnotic,"1,62,81,937","45,00,169",27.60%,"1,17,81,768",72.40%,2023
137,The Legend & Butterfly,"1,60,87,771",0,0,"1,60,87,771",100%,2023
138,Die drei ??? 0 Erbe des Drachen,"1,58,60,016",0,0,"1,58,60,016",100%,2023
139,Shin Kamen Rider,"1,58,35,414",0,0,"1,58,35,414",100%,2023
140,Joy Ride,"1,57,87,674","1,28,97,789",81.70%,"28,89,885",18.30%,2023
141,Dunki,"1,54,73,051","74,60,159",48.20%,"80,12,892",51.80%,2023
142,The Three Musketeers 0 Part II: Milady,"1,54,32,295",0,0,"1,54,32,295",100%,2023
143,Only 3 Days Left,"1,51,52,854",0,0,"1,51,52,854",100%,2023
144,Tonde Saitama: Biwako Yori Ai o Komete,"1,51,07,891",0,0,"1,51,07,891",100%,2023
145,A Guilty Conscience,"1,49,11,562",0,0,"1,49,11,562",100%,2023
146,Epic Tails,"1,48,83,959","3,55,088",2.40%,"1,45,28,871",97.60%,2023
147,Tokyo Revengers 2: Bloody Halloween 0 Decisive Battle,"1,45,84,970",0,0,"1,45,84,970",100%,2023
148,Dr. Cheon and Lost Talisman,"1,45,74,445","84,362",0.60%,"1,44,90,083",99.40%,2023
149,Jeanne du Barry,"1,43,44,699",0,0,"1,43,44,699",100%,2023
150,Sisu,"1,42,81,199","72,65,622",50.90%,"70,15,577",49.10%,2023
151,Rehragout0Rendezvous,"1,41,27,069",0,0,"1,41,27,069",100%,2023
152,A Moroccan Affair,"1,40,75,140",0,0,"1,40,75,140",100%,2023
153,His Only Son,"1,38,17,186","1,23,92,740",89.70%,"14,24,446",10.30%,2023
154,The Point Men,"1,34,33,834",0,0,"1,34,33,834",100%,2023
155,"Manta, Manta: Legacy","1,30,78,126",0,0,"1,30,78,126",100%,2023
156,Three heroes and the Navel of the Earth,"1,30,28,535",0,0,"1,30,28,535",100%,2023
157,Bottoms,"1,29,76,079","1,20,36,071",92.80%,"9,40,008",7.20%,2023
158,Championext,"1,28,77,645",0,0,"1,28,77,645",100%,2023
159,Dream Scenario,"1,27,63,763","57,42,193",45%,"70,21,570",55%,2023
160,Love Again,"1,26,96,584","62,30,837",49.10%,"64,65,747",50.90%,2023
161,Beau Is Afraid,"1,23,37,378","81,76,562",66.30%,"41,60,816",33.70%,2023
162,The Shift,"1,22,38,643","1,21,18,219",99%,"1,20,424",1%,2023
163,Salaar,"1,19,58,548","89,29,282",74.70%,"30,29,266",25.30%,2023
164,After Death,"1,18,30,860","1,14,78,326",97%,"3,52,534",3%,2023
165,Tiger 3,"1,17,13,932","53,65,263",45.80%,"63,48,669",54.20%,2023
166,Face Off 6: The Ticket of Destiny,"1,15,38,081",0,0,"1,15,38,081",100%,2023
167,Jungle Bunch: Operation Meltdown,"1,15,05,418","8,31,200",7.20%,"1,06,74,218",92.80%,2023
168,Silent Night,"1,10,67,228","80,12,103",72.40%,"30,55,125",27.60%,2023
169,What's Love Got to Do with It?,"1,10,65,050",0,0,"1,10,65,050",100%,2023
170,Sleep,"1,10,22,466",0,0,"1,10,22,466",100%,2023
171,Samurai Beyond Admiration Record to the World's Best,"1,08,76,188",0,0,"1,08,76,188",100%,2023
172,Honey Sweet,"1,07,66,032",0,0,"1,07,66,032",100%,2023
173,The Machine,"1,06,64,328","1,04,58,331",98.10%,"2,05,997",1.90%,2023
174,After Everything,"1,06,44,463",0,0,"1,06,44,463",100%,2023
175,The Crime Is Mine,"1,04,32,369","1,22,083",1.20%,"1,03,10,286",98.80%,2023
176,The Nightmare Before Christmas 30th Anniversary Re0Release,"1,04,31,631","1,02,51,956",98.30%,"1,79,675",1.70%,2023
177,The Great Escaper,"1,02,65,608",0,0,"1,02,65,608",100%,2023
178,Freelance,"1,01,97,391","53,14,136",52.10%,"48,83,255",47.90%,2023
179,Sun and Concrete,"1,01,19,958",0,0,"1,01,19,958",100%,2023
180,Cobweb,"1,00,91,821",0,0,"1,00,91,821",100%,2023
181,The Peasants,"1,00,53,062","1,55,188",1.50%,"98,97,874",98.50%,2023
182,The Taste of Things,"99,73,327","26,54,510",26.60%,"73,18,817",73.40%,2023
183,Talk to Her Undated France Release,"95,50,733",0,0,"95,49,770",100%,2023
184,Kandahar,"93,87,311","48,13,132",51.30%,"45,74,179",48.70%,2023
185,House Party,"92,85,747","90,02,247",96.90%,"2,83,500",3.10%,2023
186,Rafadan Tayfa 4: Hayrimatör,"91,56,422",0,0,"91,56,422",100%,2023
187,The Animal Kingdom,"91,38,503","11,767",0.10%,"91,26,736",99.90%,2023
188,All Your Faces,"90,65,011",0,0,"90,65,011",100%,2023
189,Cats in the Museum,"90,19,640",0,0,"90,19,640",100%,2023
190,The Wandering Earth II,"88,54,786","50,23,132",56.70%,"38,31,654",43.30%,2023
191,Father & Soldier,"85,98,322",0,0,"85,98,322",100%,2023
192,PreCure All Stars F,"85,57,763",0,0,"85,57,763",100%,2023
193,Dream,"83,17,251",0,0,"83,17,251",100%,2023
194,Vacaciones de verano,"82,09,854",0,0,"82,09,854",100%,2023
195,On the Wandering Paths,"81,87,125",0,0,"81,87,125",100%,2023
196,Weekend Rebels,"81,84,539",0,0,"81,84,539",100%,2023
197,Ransomed,"81,01,634","1,42,101",1.80%,"79,59,533",98.20%,2023
198,Checker Tobi und die Reise zu den fliegenden Flüssen,"79,53,344",0,0,"79,53,344",100%,2023
199,The Silent Service,"78,36,539",0,0,"78,36,539",100%,2023
0,Inside Out 2,"1,59,59,83,694","63,78,52,840",40%,"95,81,30,854",60%,2024
1,Deadpool & Wolverine,"1,04,31,80,185","50,69,37,007",48.60%,"53,62,43,178",51.40%,2024
2,Despicable Me 4,"80,85,37,571","33,25,83,715",41.10%,"47,59,53,856",58.90%,2024
3,Dune: Part Two,"71,18,44,358","28,21,44,358",39.60%,"42,97,00,000",60.40%,2024
4,Godzilla x Kong: The New Empire,"56,76,50,016","19,63,50,016",34.60%,"37,13,00,000",65.40%,2024
5,Kung Fu Panda 4,"54,78,20,030","19,35,90,620",35.30%,"35,42,29,410",64.70%,2024
6,Bad Boys: Ride or Die,"40,01,24,003","19,33,75,986",48.30%,"20,67,48,017",51.70%,2024
7,Kingdom of the Planet of the Apes,"39,73,66,385","17,11,18,400",43.10%,"22,62,47,985",56.90%,2024
8,Twisters,"31,38,66,855","22,58,66,855",72%,"8,80,00,000",28%,2024
9,A Quiet Place: Day One,"26,08,94,737","13,86,94,737",53.20%,"12,22,00,000",46.80%,2024
10,The Garfield Movie,"22,70,64,902","9,18,59,556",40.50%,"13,52,05,346",59.50%,2024
11,Ghostbusters: Frozen Empire,"20,18,56,657","11,33,76,590",56.20%,"8,84,80,067",43.80%,2024
12,IF,"19,01,46,808","11,11,49,917",58.50%,"7,89,96,891",41.50%,2024
13,Bob Marley: One Love,"18,07,46,602","9,68,93,170",53.60%,"8,38,53,432",46.40%,2024
14,The Fall Guy,"17,83,72,311","9,29,00,355",52.10%,"8,54,71,956",47.90%,2024
15,Furiosa: A Mad Max Saga,"17,27,75,791","6,74,75,791",39.10%,"10,53,00,000",60.90%,2024
16,The Beekeeper,"15,27,20,535","6,62,20,535",43.40%,"8,65,00,000",56.60%,2024
17,Civil War,"12,25,33,193","6,86,03,430",56%,"5,39,29,763",44%,2024
18,Detective Conan: The Million-Dollar Pentagram,"10,67,51,233",0,0,"10,67,51,233",100%,2024
19,Mean Girls,"10,47,93,431","7,24,04,248",69.10%,"3,23,89,183",30.90%,2024
20,Madame Web,"10,02,98,817","4,38,17,106",43.70%,"5,64,81,711",56.30%,2024
21,Exhuma,"9,79,86,040","23,10,900",2.40%,"9,56,75,140",97.60%,2024
22,Argylle,"9,62,21,031","4,52,07,275",47%,"5,10,13,756",53%,2024
23,Longlegs,"9,42,50,549","7,17,91,631",76.20%,"2,24,58,918",23.80%,2024
24,Challengers,"9,42,19,408","5,01,19,408",53.20%,"4,41,00,000",46.80%,2024
25,It Ends with Us,"9,33,84,596","6,34,32,082",67.90%,"2,99,52,514",32.10%,2024
26,Haikyuu!! The Dumpster Battle,"9,32,20,807","70,71,622",7.60%,"8,61,49,185",92.40%,2024
27,The Roundup: Punishment,"8,35,39,202","11,54,475",1.40%,"8,23,84,727",98.60%,2024
28,A Little Something Extra,"7,70,15,599",0,0,"7,70,15,599",100%,2024
29,Night Swim,"5,47,44,768","3,24,94,740",59.40%,"2,22,50,028",40.60%,2024
30,The First Omen,"5,38,45,880","2,00,92,802",37.30%,"3,37,53,078",62.70%,2024
31,Back to Black,"5,08,56,606","61,57,705",12.10%,"4,46,98,901",87.90%,2024
32,Tarot,"4,91,27,750","1,87,71,004",38.20%,"3,03,56,746",61.80%,2024
33,The Count of Monte-Cristo,"4,81,37,114",0,0,"4,81,37,114",100%,2024
34,The Strangers: Chapter 1,"4,77,58,326","3,52,02,562",73.70%,"1,25,55,764",26.30%,2024
35,Trap,"4,71,79,448","3,04,79,448",64.60%,"1,67,00,000",35.40%,2024
36,Demon Slayer: Kimetsu No Yaiba - To the Hashira Training,"4,43,54,825","1,76,57,658",39.80%,"2,66,97,167",60.20%,2024
37,Imaginary,"4,36,00,455","2,80,09,161",64.20%,"1,55,91,294",35.80%,2024
38,Abigail,"4,24,11,043","2,58,67,515",61%,"1,65,43,528",39%,2024
39,Arthur the King,"4,08,35,924","2,50,49,006",61.30%,"1,57,86,918",38.70%,2024
40,Fly Me to the Moon,"4,05,40,700","2,03,17,630",50.10%,"2,02,23,070",49.90%,2024
41,The Bikeriders,"3,56,25,207","2,17,14,630",61%,"1,39,10,577",39%,2024
42,Monkey Man,"3,50,04,952","2,51,16,955",71.80%,"98,87,997",28.20%,2024
43,Horizon: An American Saga - Chapter 1,"3,42,58,604","2,90,35,702",84.80%,"52,22,902",15.20%,2024
44,The Watchers,"3,29,71,404","1,90,71,404",57.80%,"1,39,00,000",42.20%,2024
45,Doraemon the Movie: Nobita's Earth Symphony,"3,27,59,618",0,0,"3,27,59,618",100%,2024
46,Mobile Suit Gundam Seed Freedom,"3,21,25,992",0,0,"3,21,25,992",100%,2024
47,A Strange House,"3,08,64,331",0,0,"3,08,64,331",100%,2024
48,Chantal in Fairyland,"2,85,67,561",0,0,"2,85,67,561",100%,2024
49,Immaculate,"2,84,14,678","1,56,71,307",55.20%,"1,27,43,371",44.80%,2024
50,The Master and Margarita,"2,79,89,335",0,0,"2,79,89,335",100%,2024
51,The Ministry of Ungentlemanly Warfare,"2,74,03,786","2,05,35,053",74.90%,"68,68,733",25.10%,2024
52,Wicked Little Letters,"2,70,24,623","50,08,179",18.50%,"2,20,16,444",81.50%,2024
53,Kalki 2898 AD,"2,53,41,218","1,82,89,575",72.20%,"70,51,643",27.80%,2024
54,Kingdom 4: Return of the Great General,"2,29,54,872",0,0,"2,29,54,872",100%,2024
55,Mai,"2,17,14,524",0,0,"2,17,14,524",100%,2024
56,Autumn and the Black Jaguar,"2,14,95,226",0,0,"2,14,95,226",100%,2024
57,Unsung Hero,"2,11,95,064","2,03,35,239",95.90%,"8,59,825",4.10%,2024
58,MaXXXine,"2,08,79,276","1,50,82,039",72.20%,"57,97,237",27.80%,2024
59,Lyod 3,"2,06,15,744",0,0,"2,06,15,744",100%,2024
60,Ordinary Angels,"2,05,66,982","1,91,74,421",93.20%,"13,92,561",6.80%,2024
61,Cabrini,"2,04,57,011","1,95,12,134",95.40%,"9,44,877",4.60%,2024
62,Pilot,"2,02,97,907",0,0,"2,02,97,907",100%,2024
63,"La planète des singes, une odyssée de l'espèce","1,95,15,102",0,0,"1,95,15,102",100%,2024
64,Star Wars: Episode I - The Phantom Menace 2024 Re-release,"1,94,29,994","1,30,29,994",67.10%,"64,00,000",32.90%,2024
65,Face Off 7: One Wish,"1,93,53,760",0,0,"1,93,53,760",100%,2024
66,Golden Kamuy,"1,90,77,748",0,0,"1,90,77,748",100%,2024
67,Harold and the Purple Crayon,"1,90,72,061","1,39,85,241",73.30%,"50,86,820",26.70%,2024
68,Cocorico,"1,80,37,432",0,0,"1,80,37,432",100%,2024
69,Escape,"1,78,68,057","2,51,793",1.40%,"1,76,16,264",98.60%,2024
70,Guest from the Future,"1,77,44,561",0,0,"1,77,44,561",100%,2024
71,Twilight of the Warriors: Walled In,"1,65,06,349","1,44,871",0.90%,"1,63,61,478",99.10%,2024
72,Kleks Academy,"1,53,48,026",0,0,"1,53,48,026",100%,2024
73,Borderlands,"1,49,59,526","1,02,39,545",68.40%,"47,19,981",31.60%,2024
74,The Chosen: S4 Episodes 1-3,"1,48,73,918","1,44,09,169",96.90%,"4,64,749",3.10%,2024
75,Late Night with the Devil,"1,48,47,115","1,00,01,000",67.40%,"48,46,115",32.60%,2024
76,Hijack 1971,"1,40,76,578","2,42,069",1.70%,"1,38,34,509",98.30%,2024
77,Kinds of Kindness,"1,35,07,340","50,38,931",37.30%,"84,68,409",62.70%,2024
78,Blue Lock: Episode Nagi,"1,33,81,837","18,55,384",13.90%,"1,15,26,453",86.10%,2024
79,Article 370,"1,32,22,021","10,88,790",8.20%,"1,21,33,231",91.80%,2024
80,Letuchiy korabl,"1,28,86,684",0,0,"1,28,86,684",100%,2024
81,Love Lies Bleeding,"1,26,04,176","83,35,797",66.10%,"42,68,379",33.90%,2024
82,Handsome Guys,"1,23,91,582",0,0,"1,23,91,582",100%,2024
83,Citizen of a Kind,"1,19,76,305",0,0,"1,19,76,305",100%,2024
84,Sound of Hope: The Story of Possum Trot,"1,16,07,239","1,16,07,239",100%,0,0,2024
85,Maison de retraite 2,"1,11,96,943",0,0,"1,11,96,943",100%,2024
86,Father There is Only One 4,"1,11,44,131",0,0,"1,11,44,131",100%,2024
87,A Million Minutes,"1,10,77,140",0,0,"1,10,77,140",100%,2024
88,Cat and Dog,"1,07,18,048",0,0,"1,07,18,048",100%,2024
89,Alienoid: The Return to the Future,"1,06,93,858","60,720",0.60%,"1,06,33,138",99.40%,2024
90,Lisa Frankenstein,"99,27,714","97,74,285",98.50%,"1,53,429",1.50%,2024
91,The Exorcism,"94,83,691","45,30,418",47.80%,"49,53,273",52.20%,2024
92,The Chosen: S4 Episodes 4-6,"94,82,744","94,82,744",100%,0,0,2024
93,Thelma,"94,38,984","87,07,914",92.30%,"7,31,070",7.70%,2024
94,A Smile Doesn't Lie,"92,11,570",0,0,"92,11,570",100%,2024
95,Onegin,"92,01,680",0,0,"92,01,680",100%,2024
96,Abudeka Is Back,"91,63,586",0,0,"91,63,586",100%,2024
97,Lohusa,"88,09,952",0,0,"88,09,952",100%,2024
98,Following,"87,93,810",0,0,"87,93,810",100%,2024
99,Dear Family,"85,28,605",0,0,"85,28,605",100%,2024
100,Uma Musume: Pretty Derby - Beginning of a New Era,"85,01,860",0,0,"85,01,860",100%,2024
101,The Birth of Korea,"80,22,137",0,0,"80,22,137",100%,2024
102,Un mondo a parte,"79,33,123",0,0,"79,33,123",100%,2024
103,Drive-Away Dolls,"79,31,124","50,28,215",63.40%,"29,02,909",36.60%,2024
104,The Chosen: S4 Episodes 7-8,"77,68,191","77,29,152",99.50%,"39,039",0.50%,2024
105,Look Back,"75,35,037",0,0,"75,35,037",100%,2024
106,Ducobu passe au vert!,"75,10,050",0,0,"75,10,050",100%,2024
107,Kolpaçino 4 4'lük,"73,43,114",0,0,"73,43,114",100%,2024
108,Yolo,"72,41,348","20,01,584",27.60%,"52,39,764",72.40%,2024
109,Sight,"72,05,755","72,05,755",100%,0,0,2024
110,Land of Bad,"69,38,728","46,20,045",66.60%,"23,18,683",33.40%,2024
111,SUGA: Agust D Tour 'D-DAY' the Movie,"67,91,851","19,51,896",28.70%,"48,39,955",71.30%,2024
112,"April, Come She Will","67,19,810",0,0,"67,19,810",100%,2024
113,Major Grom: The Game,"66,77,169",0,0,"66,77,169",100%,2024
114,Troll Factory,"66,76,327",0,0,"66,76,327",100%,2024
115,I.S.S.,"66,05,079","65,73,799",99.50%,"31,280",0.50%,2024
116,10 Lives,"65,92,377",0,0,"65,92,377",100%,2024
117,Baghead,"65,50,820",0,0,"65,50,820",100%,2024
118,The Book of Clarence,"62,05,230","61,32,813",98.80%,"72,417",1.20%,2024
119,Columbia 100th Anniversary Series Columbia 100th Anniversary Series,"60,13,515","60,13,515",100%,0,0,2024
120,Project Silence,"60,07,712",0,0,"60,07,712",100%,2024
121,Someone Like You,"59,37,306","59,37,306",100%,0,0,2024
122,Force of Nature: The Dry 2,"57,86,313","58,690",1%,"57,27,623",99%,2024
123,Dragonkeeper,"55,01,438","8,05,091",14.60%,"46,96,347",85.40%,2024
124,Air,"54,66,289",0,0,"54,66,289",100%,2024
125,N'avoue jamais,"53,74,417",0,0,"53,74,417",100%,2024
126,Matching,"53,48,492",0,0,"53,48,492",100%,2024
127,Kyu Ju Sai. Nani ga Medetai,"52,85,231",0,0,"52,85,231",100%,2024
128,Hit Man,"52,65,220",0,0,"52,65,220",100%,2024
129,I Saw the TV Glow,"52,08,941","50,17,817",96.30%,"1,91,124",3.70%,2024
130,The Goat Life,"51,38,042","6,25,000",12.20%,"45,13,042",87.80%,2024
131,Frères,"51,27,599",0,0,"51,27,599",100%,2024
132,Table for Six 2,"48,71,447",0,0,"48,71,447",100%,2024
133,GHOST: Rite Here Rite Now,"47,72,954","26,47,702",55.50%,"21,25,252",44.50%,2024
134,In a Violent Nature,"45,46,186","42,29,999",93%,"3,16,187",7%,2024
135,18×2 Beyond Youthful Days,"45,12,194",0,0,"45,12,194",100%,2024
136,No Way Up,"44,65,228","1,48,582",3.30%,"43,16,646",96.70%,2024
137,Anweshippin Kandethum,"44,59,155",0,0,"44,59,155",100%,2024
138,Our Folks: The Beginning,"44,33,525",0,0,"44,33,525",100%,2024
139,El Roomie,"44,18,253",0,0,"44,18,253",100%,2024
140,La familia Benetón,"43,55,202",0,0,"43,55,202",100%,2024
141,Wonderland,"42,70,030",0,0,"42,70,030",100%,2024
142,Noah's Ark,"41,85,520",0,0,"41,85,520",100%,2024
143,Meet the Leroys,"41,80,181",0,0,"41,80,181",100%,2024
144,Maria Montessori,"41,75,860",0,0,"41,75,860",100%,2024
145,I soliti idioti 3: Il ritorno,"41,74,340",0,0,"41,74,340",100%,2024
146,How to Make Millions Before Grandma Dies,"40,99,079",0,0,"40,99,079",100%,2024
147,Crew,"40,15,089","15,00,000",37.40%,"25,15,089",62.60%,2024
148,Dune: Part One 2024 Re-release,"39,95,610",0,0,"39,95,610",100%,2024
149,Cuckoo,"39,46,664","38,82,280",98.40%,"64,384",1.60%,2024
150,Babes,"38,67,121","38,00,038",98.30%,"67,083",1.70%,2024
151,Fighter,"38,00,771","10,00,000",26.30%,"28,00,771",73.70%,2024
152,Manjummel Boys,"37,84,106",0,0,"37,84,106",100%,2024
153,The Second Act,"37,81,122",0,0,"37,81,122",100%,2024
154,Daaaaaali!,"37,66,743",0,0,"37,66,743",100%,2024
155,Gap Lai Chi Bau,"37,49,297",0,0,"37,49,297",100%,2024
156,Jatt & Juliet 3,"37,01,206","15,15,000",40.90%,"21,86,206",59.10%,2024
157,Aavesham,"36,94,257",0,0,"36,94,257",100%,2024
158,Ezra,"36,25,005","26,31,460",72.60%,"9,93,545",27.40%,2024
159,Onmyoji Zero,"35,66,021",0,0,"35,66,021",100%,2024
160,Pare parecchio Parigi,"35,60,667",0,0,"35,60,667",100%,2024
161,Breaking Point,"35,59,250",0,0,"35,59,250",100%,2024
162,Detective Conan vs. Kid the Phantom Thief,"35,46,772",0,0,"35,46,772",100%,2024
163,Zápisník alkoholicky,"35,32,733",0,0,"35,32,733",100%,2024
164,The Moon Thieves,"35,22,654",0,0,"35,22,654",100%,2024
165,The Plot,"34,90,849",0,0,"34,90,849",100%,2024
166,Peppa's Cinema Party,"34,73,576",0,0,"34,73,576",100%,2024
167,Shrek 2 2024 Re-release,"34,27,910","34,27,910",100%,0,0,2024
168,3391 Kilometres,"34,24,225",0,0,"34,24,225",100%,2024
169,The Lord of the Rings: The Fellowship of the Ring 2024 Re-release,"33,92,950","32,56,658",96%,"1,35,895",4%,2024
170,The Buried Talent,"33,87,736",0,0,"33,87,736",100%,2024
171,Manyunya. Priklyucheniya v Moskve,"33,81,430",0,0,"33,81,430",100%,2024
172,Lovesick Ellie,"33,65,139",0,0,"33,65,139",100%,2024
173,Bocchi the Rock! Re:,"33,50,047",0,0,"33,50,047",100%,2024
174,Boléro,"33,35,618",0,0,"33,35,618",100%,2024
175,La petite vadrouille,"32,85,001",0,0,"32,85,001",100%,2024
176,Let's Go! Anpanman: Baikinman and Lulun,"32,79,803",0,0,"32,79,803",100%,2024
177,Gondola,"32,78,905",0,0,"32,78,905",100%,2024
178,Boy Kills World,"32,69,468","26,26,127",80.30%,"6,43,341",19.70%,2024
179,Lucky Winners,"32,56,901",0,0,"32,56,901",100%,2024
180,"Baby boom, or Eggnog 5","32,36,512",0,0,"32,36,512",100%,2024
181,The Fabulous Four,"32,11,180","28,36,571",88.30%,"3,74,609",11.70%,2024
182,The Lord of the Rings: The Two Towers 2024 Re-release,"32,04,720","25,66,412",80.10%,"6,35,532",19.80%,2024
183,2024 Oscar Nominated Short Films: Documentary,"31,62,293","31,62,293",100%,0,0,2024
184,The Good Teacher,"31,20,799",0,0,"31,20,799",100%,2024
185,Budda. Dzieciak '98,"30,85,668",0,0,"30,85,668",100%,2024
186,Loving Bali,"30,69,304",0,0,"30,69,304",100%,2024
187,The Long Game,"30,60,040","30,60,040",100%,0,0,2024
188,Tri bogatyrya. Ni dnya bez podviga,"30,44,127",0,0,"30,44,127",100%,2024
189,White Bird,"30,39,128",0,0,"30,39,128",100%,2024
190,Kensuke's Kingdom,"30,28,140",0,0,"30,28,140",100%,2024
191,Voditel-oligarkh,"29,71,712",0,0,"29,71,712",100%,2024
192,Too Old for Fairy Tales 2,"29,62,925",0,0,"29,62,925",100%,2024
193,Siccin 7,"29,47,685",0,0,"29,47,685",100%,2024
194,Jesus Thirsts: The Miracle of the Eucharist,"29,27,121","29,27,121",100%,0,0,2024
195,Buzz House: The Movie,"29,10,112",0,0,"29,10,112",100%,2024
196,We 12,"28,64,154",0,0,"28,64,154",100%,2024
197,Me Contro Te - Il film: Operazione Spie,"27,98,501",0,0,"27,98,501",100%,2024
198,Menudas piezas,"27,78,043",0,0,"27,78,043",100%,2024
199,Silent Love,"27,39,320",0,0,"27,39,320",100%,2024
