year,runtime_minutes,average_rating,number_of_votes,approval_index,production_budget,bo_domestic,bo_foreign,domestic_percent,foreign_percent,nominations_count,budget_per_minute,vote_ratio,mean_gross_by_genre,genre_Action,genre_Adventure,genre_Animation,genre_Biography,genre_Comedy,genre_Crime,genre_Drama,genre_Horror,genre_Other,country_Australia,country_Canada,country_France,country_Germany,country_India,country_Italy,country_Japan,country_Other,country_United Kingdom,country_United States,country_None,rating_G,rating_Not Rated,rating_Other,rating_PG,rating_PG-13,rating_R,rating_Unrated,rating_None,has_oscar
0.05000000000001137,0.2435897435897436,0.7575757575757578,0.02943124575783111,0.5838359469240049,0.22414855742388318,0.1866386528582593,0.05037128964691802,0.7777777777777779,0.22,0.0,0.3472697017748661,0.04876576833673632,0.10798196182103102,0.0,0.0,0.0,0.0,0.0,0.0,1.0,0.0,0.0,0.0,0.0,0.0,0.0,0.0,0.0,0.0,0.0,0.0,1.0,0.0,0.0,0.0,0.0,0.0,1.0,0.0,0.0,0.0,False
0.15000000000000568,0.1858974358974359,0.7878787878787878,0.11026174601152305,0.6863691194209892,0.1298862326249157,0.46468626013906134,0.1228946813285458,0.7878787878787881,0.22,0.0,0.22104089982316955,0.15729707645127877,0.10376668917399683,0.0,0.0,0.0,0.0,1.0,0.0,0.0,0.0,0.0,0.0,0.0,0.0,1.0,0.0,0.0,0.0,0.0,0.0,0.0,0.0,0.0,0.0,0.0,0.0,0.0,1.0,0.0,0.0,False
0.05000000000001137,0.20512820512820507,0.46969696969696967,0.010001646576201832,0.3570566948130278,0.18064286905512894,0.04197155859870545,0.050867743865948535,0.4444444444444445,0.55,0.0,0.297616022578963,0.025826787255208185,0.10376668917399683,0.0,0.0,0.0,0.0,1.0,0.0,0.0,0.0,0.0,0.0,0.0,0.0,0.0,0.0,0.0,0.0,0.0,0.0,1.0,0.0,0.0,0.0,0.0,0.0,0.0,1.0,0.0,0.0,False
0.3500000000000085,0.32692307692307687,0.8636363636363638,0.2057937130591374,0.7804583835946924,0.13713718068637473,0.15646714968841458,0.10711760173548773,0.5858585858585859,0.41,0.07692307692307693,0.18816118609751808,0.2602782242003649,0.10800812381772883,0.0,0.0,0.0,0.0,0.0,1.0,0.0,0.0,0.0,0.0,0.0,0.0,0.0,0.0,0.0,0.0,0.0,0.0,1.0,0.0,0.0,0.0,0.0,0.0,0.0,1.0,0.0,0.0,False
0.4000000000000057,0.41666666666666663,0.8484848484848486,0.13010932222900223,0.7394451145958988,0.14438812874783377,0.24597315713492968,0.17016950179533213,0.5757575757575758,0.42,0.6153846153846154,0.17634503897736212,0.17310877233492433,0.1082061137053058,0.0,0.0,0.0,1.0,0.0,0.0,0.0,0.0,0.0,0.0,0.0,0.0,0.0,0.0,0.0,0.0,0.0,0.0,1.0,0.0,0.0,0.0,0.0,0.0,0.0,1.0,0.0,0.0,True
0.15000000000000568,0.16666666666666663,0.6060606060606062,0.04380414236849183,0.51145958986731,0.2894070899770145,0.07430486949160196,0.07203770197486535,0.494949494949495,0.5,0.0,0.5089231124154604,0.08199777898202258,0.10376668917399683,0.0,0.0,0.0,0.0,1.0,0.0,0.0,0.0,0.0,0.0,0.0,0.0,1.0,0.0,0.0,0.0,0.0,0.0,0.0,0.0,0.0,0.0,0.0,0.0,1.0,0.0,0.0,0.0,False
0.6500000000000057,0.3141025641025641,0.6818181818181819,0.06676084188472625,0.5838359469240049,0.1081333884405386,0.3319203117818385,0.11141690604428486,0.7373737373737375,0.26,0.0,0.151024723719885,0.11067596028446805,0.26379079688020746,1.0,0.0,0.0,0.0,0.0,0.0,0.0,0.0,0.0,0.0,0.0,0.0,0.0,0.0,0.0,0.0,0.0,0.0,1.0,0.0,0.0,0.0,0.0,0.0,1.0,0.0,0.0,0.0,False
0.3500000000000085,0.32692307692307687,0.7424242424242424,0.0539860927640799,0.6115802171290712,0.3981713108989,0.12616672380633295,0.44433908587672055,0.21212121212121213,0.78,0.15384615384615385,0.546377014582247,0.08572440102782103,0.1082061137053058,0.0,0.0,0.0,1.0,0.0,0.0,0.0,0.0,0.0,0.0,0.0,0.0,0.0,0.0,0.0,0.0,0.0,1.0,0.0,0.0,0.0,0.0,0.0,0.0,1.0,0.0,0.0,0.0,True
0.6000000000000085,0.6987179487179486,0.8333333333333335,0.2719026299770746,0.7768395657418578,0.7389658697874746,0.2092895766413437,0.7732988928785159,0.20202020202020202,0.79,0.0,0.6717988356666934,0.3454132486545826,0.26379079688020746,1.0,0.0,0.0,0.0,0.0,0.0,0.0,0.0,0.0,0.0,0.0,0.0,0.0,0.0,0.0,0.0,0.0,0.0,1.0,0.0,0.0,0.0,0.0,0.0,0.0,1.0,0.0,0.0,False
0.8500000000000085,0.3589743589743589,0.4848484848484848,0.0494442246525985,0.4378769601930037,0.25315234966971933,0.051114437407682185,0.2727051615798923,0.15151515151515152,0.85,0.0,0.3327352214500149,0.10657952914130896,0.10800812381772883,0.0,0.0,0.0,0.0,0.0,1.0,0.0,0.0,0.0,0.0,0.0,0.0,0.0,0.0,0.0,0.0,0.0,1.0,0.0,0.0,0.0,0.0,0.0,0.0,0.0,1.0,0.0,0.0,False
0.6500000000000057,0.16025641025641024,0.5606060606060606,0.047945914814640965,0.48612786489746684,0.21689760936242414,0.14890015998538184,0.32434507031717535,0.30303030303030304,0.69,0.0,0.3858131015619455,0.09401221785745978,0.10800812381772883,0.0,0.0,0.0,0.0,0.0,1.0,0.0,0.0,0.0,0.0,0.0,0.0,0.0,0.0,0.0,0.0,0.0,0.0,1.0,0.0,0.0,0.0,0.0,0.0,0.0,1.0,0.0,0.0,False
0.30000000000001137,0.39743589743589736,0.696969696969697,0.17408557278872638,0.6489746682750303,0.3619165705916048,0.36332687345340603,0.4011258453022143,0.46464646464646464,0.53,0.0,0.4528428815890122,0.2616972680497655,0.10587733590506189,0.0,0.0,0.0,0.0,0.0,0.0,0.0,1.0,0.0,0.0,1.0,0.0,0.0,0.0,0.0,0.0,0.0,0.0,0.0,0.0,0.0,0.0,0.0,0.0,0.0,1.0,0.0,0.0,False
0.30000000000001137,0.3653846153846153,0.5909090909090908,0.08651230573567312,0.5355850422195416,0.3619165705916048,0.01625157826465069,0.6525281792339916,0.0202020202020202,0.98,0.0,0.4717487169812618,0.15529147516173436,0.26379079688020746,1.0,0.0,0.0,0.0,0.0,0.0,0.0,0.0,0.0,0.0,0.0,0.0,0.0,0.0,0.0,0.0,1.0,0.0,0.0,0.0,0.0,0.0,0.0,0.0,0.0,1.0,0.0,0.0,False
0.30000000000001137,0.4358974358974359,0.7727272727272727,0.04667708256499319,0.6224366706875754,0.47068079151349035,0.33668614282667875,0.0,1.0,0.0,0.0,0.5619483133183304,0.07291179458602047,0.10798196182103102,0.0,0.0,0.0,0.0,0.0,0.0,1.0,0.0,0.0,0.0,0.0,0.0,0.0,0.0,0.0,0.0,0.0,0.0,1.0,0.0,0.0,0.0,0.0,1.0,0.0,0.0,0.0,0.0,False
0.30000000000001137,0.14102564102564097,0.5454545454545454,0.03881822022248895,0.46562123039807,0.25315234966971933,0.463007691696114,0.03829200329144225,0.9191919191919193,0.08,0.0,0.46618817716001193,0.07914541591959331,0.10376668917399683,0.0,0.0,0.0,0.0,1.0,0.0,0.0,0.0,0.0,0.0,0.0,0.0,0.0,0.0,0.0,0.0,0.0,0.0,1.0,0.0,0.0,0.0,0.0,0.0,1.0,0.0,0.0,0.0,False
0.3500000000000085,0.19871794871794868,0.5454545454545454,0.06846255231232198,0.49336550060313633,0.05375127797959583,0.13566846100771554,0.13553808348294435,0.48484848484848486,0.51,0.0,0.08960949096770648,0.13246524275959792,0.10587733590506189,0.0,0.0,0.0,0.0,0.0,0.0,0.0,1.0,0.0,0.0,0.0,0.0,0.0,0.0,0.0,0.0,0.0,0.0,1.0,0.0,0.0,0.0,0.0,0.0,0.0,1.0,0.0,0.0,False
0.6500000000000057,0.23717948717948711,0.8333333333333335,0.1426791806458006,0.7346200241254525,0.012420874029279327,0.2725212841446192,0.3704672277079593,0.41414141414141414,0.58,0.0,0.01952113439865188,0.19100763658107803,0.10798196182103102,0.0,0.0,0.0,0.0,0.0,0.0,1.0,0.0,0.0,0.0,0.0,0.0,0.0,0.0,0.0,0.0,0.0,0.0,1.0,0.0,0.0,0.0,0.0,0.0,0.0,1.0,0.0,0.0,False
0.3500000000000085,0.1858974358974359,0.6515151515151516,0.03790478021187934,0.5319662243667068,0.25315234966971933,0.11546588292239716,0.372596394374626,0.22222222222222224,0.77,0.0,0.4306490748241975,0.06843932113460015,0.10800812381772883,0.0,0.0,0.0,0.0,0.0,1.0,0.0,0.0,0.0,0.0,0.0,0.0,0.0,0.0,0.0,0.0,0.0,0.0,1.0,0.0,0.0,0.0,0.0,0.0,0.0,1.0,0.0,0.0,False
0.05000000000001137,0.16666666666666663,0.5757575757575757,0.08050640041305966,0.5223160434258143,0.1081333884405386,0.2956618414147092,0.21107157390783962,0.5757575757575758,0.43,0.0,0.1902854372651866,0.14786947183117108,0.10376668917399683,0.0,0.0,0.0,0.0,1.0,0.0,0.0,0.0,0.0,0.0,0.0,0.0,0.0,0.0,0.0,0.0,0.0,0.0,1.0,0.0,0.0,0.0,0.0,0.0,0.0,1.0,0.0,0.0,False
0.15000000000000568,0.20512820512820507,0.5303030303030303,0.053635915924776054,0.47165259348612787,0.13713718068637473,0.4342020453742532,0.3398995586475165,0.5454545454545456,0.45,0.0,0.22597285688201726,0.10810410067815544,0.10376668917399683,0.0,0.0,0.0,0.0,1.0,0.0,0.0,0.0,0.0,0.0,0.0,0.0,0.0,0.0,0.0,0.0,0.0,0.0,1.0,0.0,0.0,0.0,0.0,0.0,1.0,0.0,0.0,0.0,False
0.8000000000000114,0.33333333333333326,0.8030303030303032,0.11505469836735636,0.6996381182147167,0.1081333884405386,0.0982844474643358,0.08479347695990426,0.5252525252525254,0.47,0.0,0.14706154394045381,0.16122359560800262,0.1082061137053058,0.0,0.0,0.0,1.0,0.0,0.0,0.0,0.0,0.0,0.0,0.0,0.0,0.0,0.0,0.0,0.0,0.0,0.0,1.0,0.0,0.0,0.0,0.0,0.0,1.0,0.0,0.0,0.0,False
0.15000000000000568,0.9999999999999999,0.6515151515151516,0.012372418283999376,0.47044632086851634,0.3981713108989,0.09903532886894201,0.0003067175344105326,1.0,0.0,0.0,0.2839852832911119,0.024961098016395875,0.1082061137053058,0.0,0.0,0.0,1.0,0.0,0.0,0.0,0.0,0.0,0.0,0.0,0.0,0.0,0.0,0.0,0.0,0.0,0.0,1.0,0.0,0.0,0.0,0.0,0.0,1.0,0.0,0.0,0.0,False
0.25,0.14743589743589736,0.4848484848484848,0.009862320897585194,0.36550060313630883,0.3256618302843097,0.12946462320938373,0.005109216038300419,0.9595959595959597,0.04,0.0,0.5926581293735557,0.024945661115128123,0.10376668917399683,0.0,0.0,0.0,0.0,1.0,0.0,0.0,0.0,0.0,0.0,0.0,0.0,0.0,0.0,0.0,0.0,0.0,0.0,1.0,0.0,0.0,0.0,0.0,1.0,0.0,0.0,0.0,0.0,False
0.3500000000000085,0.3782051282051282,0.7272727272727273,0.045986414628749216,0.5922798552472859,0.5069355318207855,0.2843578136797554,0.24681021843207662,0.5252525252525254,0.47,0.0,0.6499594604327947,0.07521661099093001,0.26379079688020746,1.0,0.0,0.0,0.0,0.0,0.0,0.0,0.0,0.0,0.0,0.0,0.0,0.0,0.0,0.0,0.0,0.0,0.0,1.0,0.0,0.0,0.0,0.0,0.0,0.0,1.0,0.0,0.0,False
0.7000000000000028,0.2628205128205128,0.6515151515151516,0.03418471008710462,0.525934861278649,0.14438812874783377,0.18084487361086632,0.08438003441053261,0.6767676767676769,0.33,0.0,0.217247086700979,0.06236697003718762,0.10798196182103102,0.0,0.0,0.0,0.0,0.0,0.0,1.0,0.0,0.0,0.0,0.0,0.0,0.0,0.0,0.0,0.0,0.0,0.0,1.0,0.0,0.0,0.0,0.0,0.0,1.0,0.0,0.0,0.0,False
0.75,0.4423076923076923,0.7575757575757578,0.13923627176404935,0.6791314837153197,0.18064286905512894,0.013702196347291095,0.30745062836624776,0.030303030303030304,0.96,0.0,0.213941870723313,0.200620690692319,0.1082061137053058,0.0,0.0,0.0,1.0,0.0,0.0,0.0,0.0,0.0,0.0,0.0,0.0,0.0,0.0,0.0,0.0,0.0,1.0,0.0,0.0,0.0,0.0,0.0,0.0,0.0,1.0,0.0,0.0,False
0.5500000000000114,0.4871794871794871,0.7424242424242424,0.1333115776658702,0.6658624849215923,0.25315234966971933,0.10229354543643594,0.33724207809694795,0.22222222222222224,0.77,0.23076923076923078,0.2847305611226778,0.19565208822770996,0.10798196182103102,0.0,0.0,0.0,0.0,0.0,0.0,1.0,0.0,0.0,0.0,0.0,0.0,0.0,0.0,0.0,0.0,0.0,0.0,1.0,0.0,0.0,0.0,0.0,0.0,1.0,0.0,0.0,0.0,False
0.0,0.41666666666666663,0.6818181818181819,0.036204559898493416,0.5488540410132691,0.4344260512061952,0.4745674567049026,0.07777583034111311,0.8585858585858587,0.15,0.0,0.5308294525820417,0.06351724321548971,0.10798196182103102,0.0,0.0,0.0,0.0,0.0,0.0,1.0,0.0,0.0,0.0,0.0,0.0,0.0,0.0,0.0,0.0,0.0,1.0,0.0,0.0,0.0,0.0,0.0,0.0,0.0,1.0,0.0,0.0,False
0.4000000000000057,0.16025641025641024,0.30303030303030304,0.027283246124399203,0.2991556091676719,0.1298862326249157,0.3391972137565076,0.09970471274685817,0.7676767676767678,0.23,0.0,0.23112899380717625,0.08228699206578463,0.10587733590506189,0.0,0.0,0.0,0.0,0.0,0.0,0.0,1.0,0.0,0.0,0.0,0.0,0.0,0.0,0.0,0.0,0.0,0.0,1.0,0.0,0.0,0.0,0.0,0.0,1.0,0.0,0.0,0.0,False
0.8500000000000085,0.1794871794871794,0.5606060606060606,0.032450962203998124,0.46682750301568154,0.18064286905512894,0.24865266310036818,0.06732495511669659,0.7777777777777779,0.22,0.0,0.31073748149781755,0.06600115136427556,0.10376668917399683,0.0,0.0,0.0,0.0,1.0,0.0,0.0,0.0,0.0,0.0,0.0,0.0,0.0,0.0,0.0,0.0,0.0,0.0,1.0,0.0,0.0,0.0,0.0,0.0,0.0,1.0,0.0,0.0,False
0.05000000000001137,0.23076923076923073,0.696969696969697,0.14139246702563518,0.6369119420989143,0.5794450124353758,0.5399646069409713,0.5783022441651706,0.46464646464646464,0.53,0.0,0.9157493966477291,0.21628500796849157,0.26379079688020746,1.0,0.0,0.0,0.0,0.0,0.0,0.0,0.0,0.0,0.0,0.0,0.0,0.0,0.0,0.0,0.0,0.0,0.0,1.0,0.0,0.0,0.0,0.0,0.0,0.0,1.0,0.0,0.0,False
0.7000000000000028,0.27564102564102566,0.5757575757575757,0.016206482145824066,0.4414957780458384,0.17339192099366993,0.5043834652226992,0.037397112507480554,0.9292929292929295,0.07,0.0,0.2559368224093562,0.034646452929196374,0.10376668917399683,0.0,0.0,0.0,0.0,1.0,0.0,0.0,0.0,0.0,0.0,0.0,0.0,0.0,0.0,0.0,0.0,0.0,0.0,1.0,0.0,0.0,0.0,0.0,0.0,1.0,0.0,0.0,0.0,False
0.8500000000000085,0.16666666666666663,0.5606060606060606,0.04221866084926079,0.480096501809409,0.03779919224438595,0.34259072399147816,0.13375477259126273,0.7070707070707071,0.29,0.0,0.06665401930688038,0.08372249566541395,0.2859195739287712,0.0,1.0,0.0,0.0,0.0,0.0,0.0,0.0,0.0,0.0,0.0,0.0,0.0,0.0,0.0,0.0,0.0,1.0,0.0,0.0,0.0,0.0,0.0,0.0,1.0,0.0,0.0,0.0,False
0.25,0.46794871794871795,0.5151515151515151,0.003335620658645382,0.33172496984318456,0.15889002487075185,0.2768018685159157,0.9510042713943747,0.21212121212121213,0.78,0.0,0.18260064627626824,0.00916138741180537,0.26379079688020746,1.0,0.0,0.0,0.0,0.0,0.0,0.0,0.0,0.0,0.0,0.0,0.0,0.0,0.0,0.0,0.0,0.0,0.0,1.0,0.0,0.0,0.0,0.0,0.0,1.0,0.0,0.0,0.0,False
0.25,0.22435897435897434,0.6060606060606062,0.024052678517544977,0.480096501809409,0.25315234966971933,0.33939495363610955,0.10724608767205267,0.7474747474747475,0.25,0.0,0.4042278762946562,0.04767917792040617,0.10376668917399683,0.0,0.0,0.0,0.0,1.0,0.0,0.0,0.0,0.0,0.0,0.0,0.0,0.0,0.0,0.0,0.0,0.0,0.0,1.0,0.0,0.0,0.0,0.0,0.0,1.0,0.0,0.0,0.0,False
0.10000000000000853,0.3846153846153846,0.8181818181818181,0.06796485416624758,0.675512665862485,0.0863805442561615,0.19980854116921354,0.2275095302214243,0.4545454545454546,0.54,0.46153846153846156,0.10977113691014183,0.0983944129564421,0.1082061137053058,0.0,0.0,0.0,1.0,0.0,0.0,0.0,0.0,0.0,0.0,0.0,0.0,0.0,0.0,0.0,0.0,1.0,0.0,0.0,0.0,0.0,0.0,0.0,0.0,0.0,1.0,0.0,0.0,True
0.10000000000000853,0.23076923076923073,0.5151515151515151,0.01593677147384961,0.40530759951749096,0.21689760936242414,0.39781783002195314,0.0811042788749252,0.8282828282828283,0.17,0.0,0.3428452938522874,0.03679151423199636,0.10376668917399683,0.0,0.0,0.0,0.0,1.0,0.0,0.0,0.0,0.0,0.0,0.0,0.0,0.0,0.0,0.0,0.0,0.0,0.0,1.0,0.0,0.0,0.0,0.0,1.0,0.0,0.0,0.0,0.0,False
0.6000000000000085,0.39743589743589736,0.6060606060606062,0.026875699888017916,0.4849215922798553,0.41992415508327713,0.3857549998163894,0.003658894374625973,0.98989898989899,0.01,0.0,0.5254412894952506,0.052797725293292075,0.26379079688020746,1.0,0.0,0.0,0.0,0.0,0.0,0.0,0.0,0.0,0.0,0.0,0.0,0.0,0.0,0.0,0.0,0.0,0.0,1.0,0.0,0.0,0.0,0.0,0.0,1.0,0.0,0.0,0.0,False
0.3500000000000085,0.39102564102564097,0.7878787878787878,0.25178832331604056,0.7382388419782872,0.4344260512061952,0.3634892475559287,0.3642535457809695,0.48484848484848486,0.51,0.0,0.5479819242080746,0.3355584825591729,0.26379079688020746,1.0,0.0,0.0,0.0,0.0,0.0,0.0,0.0,0.0,0.0,0.0,0.0,0.0,0.0,0.0,0.0,0.0,0.0,1.0,0.0,0.0,0.0,0.0,0.0,0.0,1.0,0.0,0.0,False
0.5,0.15384615384615385,0.5757575757575757,0.037636559654114686,0.4837153196622437,0.012420874029279327,0.3172243936776624,0.21243399910233393,0.5858585858585859,0.41,0.0,0.022572145075745953,0.0741230572230877,0.10587733590506189,0.0,0.0,0.0,0.0,0.0,0.0,0.0,1.0,0.0,0.0,0.0,1.0,0.0,0.0,0.0,0.0,0.0,0.0,0.0,0.0,0.0,0.0,0.0,0.0,1.0,0.0,0.0,0.0,False
0.05000000000001137,0.4358974358974359,0.8333333333333335,0.03010105209513783,0.632086851628468,0.011695779223133425,0.27766753562259167,0.05564164422501496,0.8282828282828283,0.17,0.38461538461538464,0.013823406297231933,0.04633563769893198,0.10800812381772883,0.0,0.0,0.0,0.0,0.0,1.0,0.0,0.0,0.0,0.0,0.0,0.0,0.0,0.0,0.0,0.0,0.0,0.0,1.0,0.0,0.0,0.0,0.0,0.0,0.0,1.0,0.0,0.0,False
0.25,0.46153846153846145,0.7424242424242424,0.04036197854384549,0.5934861278648975,0.2894070899770145,0.2245525485146304,0.01939761370436864,0.9191919191919193,0.08,0.0,0.3352065724816815,0.06588741511544269,0.10798196182103102,0.0,0.0,0.0,0.0,0.0,0.0,1.0,0.0,0.0,0.0,0.0,0.0,0.0,0.0,0.0,0.0,0.0,0.0,1.0,0.0,0.0,0.0,0.0,0.0,1.0,0.0,0.0,0.0,False
0.25,0.17307692307692302,0.6060606060606062,0.08464519263078919,0.5452352231604343,0.1335117066556452,0.5047801928210681,0.3163001196888091,0.6060606060606061,0.39,0.0,0.23227480201276712,0.14946761832357258,0.10587733590506189,0.0,0.0,0.0,0.0,0.0,0.0,0.0,1.0,0.0,0.0,0.0,0.0,0.0,0.0,0.0,0.0,0.0,0.0,1.0,0.0,0.0,0.0,0.0,0.0,0.0,1.0,0.0,0.0,False
0.45000000000000284,0.16025641025641024,0.8636363636363638,0.43558050006742766,0.8311218335343789,0.1704915417690863,0.585052035435718,0.20049217534410535,0.7373737373737375,0.26,0.0,0.3033149107594019,0.5192087625388213,0.2859195739287712,0.0,1.0,0.0,0.0,0.0,0.0,0.0,0.0,0.0,0.0,0.0,0.0,0.0,0.0,0.0,0.0,0.0,0.0,1.0,0.0,0.0,0.0,0.0,0.0,0.0,1.0,0.0,0.0,False
0.5500000000000114,0.3653846153846153,0.7575757575757578,0.08757252199594838,0.6501809408926418,0.2749051938540964,0.4542182768940846,0.436753328845003,0.494949494949495,0.5,0.0,0.35831370462776435,0.13139479961277856,0.10798196182103102,0.0,0.0,0.0,0.0,0.0,0.0,1.0,0.0,0.0,0.0,0.0,0.0,0.0,0.0,0.0,0.0,0.0,0.0,1.0,0.0,0.0,0.0,0.0,0.0,1.0,0.0,0.0,0.0,False
0.4000000000000057,0.35256410256410253,0.7121212121212122,0.1408955139366657,0.6477683956574186,0.5794450124353758,0.7854073936780189,0.578445840813884,0.5656565656565656,0.43,0.0,0.7681537633851747,0.21216213665213515,0.26379079688020746,1.0,0.0,0.0,0.0,0.0,0.0,0.0,0.0,0.0,0.0,0.0,0.0,0.0,0.0,0.0,0.0,0.0,0.0,1.0,0.0,0.0,0.0,0.0,0.0,1.0,0.0,0.0,0.0,False
0.25,0.34615384615384615,0.5303030303030303,0.03584246214551114,0.4523522316043427,0.2894070899770145,0.23933909384462024,0.1165365724117295,0.6666666666666669,0.34,0.0,0.3869148402211675,0.07501314838532036,0.1082061137053058,0.0,0.0,0.0,1.0,0.0,0.0,0.0,0.0,0.0,0.0,0.0,0.0,0.0,0.0,0.0,0.0,0.0,0.0,1.0,0.0,0.0,0.0,0.0,0.0,0.0,1.0,0.0,0.0,False
0.7000000000000028,0.5,0.8333333333333335,0.14431905133368947,0.735826296743064,0.3619165705916048,0.3643868081915727,0.27902453620586476,0.5555555555555557,0.44,0.07692307692307693,0.4013546490313963,0.19290618468218598,0.10800812381772883,0.0,0.0,0.0,0.0,0.0,1.0,0.0,0.0,0.0,0.0,0.0,0.0,0.0,0.0,0.0,0.0,0.0,0.0,1.0,0.0,0.0,0.0,0.0,0.0,0.0,1.0,0.0,0.0,False
0.0,0.40384615384615385,0.7575757575757578,0.018189824159072672,0.5548854041013269,0.06462770007178438,0.13770895706238137,0.033580849790544584,0.7979797979797981,0.2,0.15384615384615385,0.08012784099894911,0.03157048178035838,0.10798196182103102,0.0,0.0,0.0,0.0,0.0,0.0,1.0,0.0,0.0,0.0,0.0,0.0,0.0,0.0,0.0,0.0,0.0,0.0,1.0,0.0,0.0,0.0,0.0,0.0,0.0,1.0,0.0,0.0,False
0.5500000000000114,0.10897435897435892,0.7878787878787878,0.0957063104101614,0.6767189384800966,0.18064286905512894,0.018926480401120303,0.2056295182525434,0.08080808080808081,0.92,0.0,0.3535872457797019,0.13834452355514862,0.10376668917399683,0.0,0.0,0.0,0.0,1.0,0.0,0.0,0.0,0.0,0.0,0.0,1.0,0.0,0.0,0.0,0.0,0.0,0.0,0.0,0.0,0.0,0.0,0.0,0.0,0.0,1.0,0.0,0.0,False
0.3500000000000085,0.23717948717948711,0.6515151515151516,0.12828840266462224,0.5995174909529555,0.17339192099366993,0.30678706387304255,0.4607168162776781,0.38383838383838387,0.61,0.0,0.2713468618234163,0.20756703626027756,0.26379079688020746,1.0,0.0,0.0,0.0,0.0,0.0,0.0,0.0,0.0,0.0,0.0,1.0,0.0,0.0,0.0,0.0,0.0,0.0,0.0,0.0,0.0,0.0,0.0,0.0,0.0,1.0,0.0,0.0,False
0.9500000000000028,0.21794871794871795,0.6818181818181819,0.023028224998304994,0.5235223160434259,0.47068079151349035,0.32212868061593775,0.7938729129263914,0.27272727272727276,0.72,0.0,0.75923435825516,0.04217582684127295,0.39926384018223143,0.0,0.0,1.0,0.0,0.0,0.0,0.0,0.0,0.0,0.0,0.0,0.0,0.0,0.0,0.0,0.0,1.0,0.0,0.0,0.0,0.0,0.0,0.0,1.0,0.0,0.0,0.0,0.0,False
0.25,0.21794871794871795,0.42424242424242425,0.07034754678772355,0.4137515078407721,0.47068079151349035,0.1883743196311964,0.2437606523040096,0.42424242424242425,0.57,0.0,0.75923435825516,0.15957806425890328,0.26379079688020746,1.0,0.0,0.0,0.0,0.0,0.0,0.0,0.0,0.0,0.0,1.0,0.0,0.0,0.0,0.0,0.0,0.0,0.0,0.0,0.0,0.0,0.0,0.0,0.0,1.0,0.0,0.0,0.0,False
0.75,0.3782051282051282,0.7575757575757578,0.1054084440301927,0.6622436670687576,0.7244639736645565,0.19311018703496968,0.5184021543985637,0.26262626262626265,0.74,0.0,0.9288980154004115,0.15547915761308154,0.26379079688020746,1.0,0.0,0.0,0.0,0.0,0.0,0.0,0.0,0.0,0.0,0.0,0.0,0.0,0.0,0.0,0.0,0.0,0.0,1.0,0.0,0.0,0.0,0.0,0.0,1.0,0.0,0.0,0.0,False
0.9500000000000028,0.3589743589743589,0.7121212121212122,0.0038266132907756713,0.43667068757539207,0.03562390782594824,0.2684935228389212,0.024529907241172953,0.9090909090909093,0.09,0.0,0.04676460207144985,0.008229006688342097,0.10798196182103102,0.0,0.0,0.0,0.0,0.0,0.0,1.0,0.0,0.0,0.0,0.0,0.0,0.0,0.0,0.0,0.0,0.0,0.0,1.0,0.0,0.0,0.0,0.0,1.0,0.0,0.0,0.0,0.0,False
0.4000000000000057,0.15384615384615385,0.0,0.06871289149956898,0.12907117008443908,0.14438812874783377,0.10917279749683155,0.15429326002393776,0.40404040404040403,0.59,0.0,0.2598729755163958,0.40618839890996816,0.10376668917399683,0.0,0.0,0.0,0.0,1.0,0.0,0.0,0.0,0.0,0.0,0.0,0.0,0.0,0.0,0.0,0.0,0.0,0.0,1.0,0.0,0.0,0.0,0.0,0.0,1.0,0.0,0.0,0.0,False
0.9000000000000057,0.5,0.8181818181818181,0.1424735448848477,0.7237635705669483,0.4344260512061952,0.34746856604012066,0.45452476062238184,0.42424242424242425,0.58,0.3076923076923077,0.48180501240267115,0.19341517190796473,0.1082061137053058,0.0,0.0,0.0,1.0,0.0,0.0,0.0,0.0,0.0,0.0,0.0,0.0,0.0,0.0,0.0,0.0,0.0,0.0,1.0,0.0,0.0,0.0,0.0,0.0,1.0,0.0,0.0,0.0,True
0.30000000000001137,0.3012820512820512,0.8636363636363638,0.2802815421788003,0.8021712907117009,0.11900981053272715,0.3081895110856094,0.3592440604428486,0.4444444444444445,0.55,0.07692307692307693,0.16925535070526854,0.3454513659980822,0.10798196182103102,0.0,0.0,0.0,0.0,0.0,0.0,1.0,0.0,0.0,0.0,0.0,0.0,0.0,0.0,0.0,0.0,0.0,0.0,1.0,0.0,0.0,0.0,0.0,0.0,1.0,0.0,0.0,0.0,False
0.10000000000000853,0.39102564102564097,0.6818181818181819,0.0885284302615374,0.5995174909529555,0.49243363569786747,0.9207808376051415,0.5611485338120886,0.6060606060606061,0.39,0.0,0.6211658031458149,0.1432224585646194,0.26379079688020746,1.0,0.0,0.0,0.0,0.0,0.0,0.0,0.0,0.0,0.0,0.0,0.0,0.0,0.0,0.0,0.0,0.0,0.0,1.0,0.0,0.0,0.0,0.0,0.0,1.0,0.0,0.0,0.0,False
0.30000000000001137,0.1217948717948718,0.46969696969696967,0.03295685597822645,0.4101326899879373,0.4344260512061952,0.21950848808877063,0.8595094479353681,0.19191919191919193,0.8,0.0,0.8291151176884184,0.07532773858456619,0.39926384018223143,0.0,0.0,1.0,0.0,0.0,0.0,0.0,0.0,0.0,0.0,0.0,0.0,0.0,0.0,0.0,0.0,0.0,1.0,0.0,0.0,0.0,0.0,0.0,1.0,0.0,0.0,0.0,0.0,False
0.4000000000000057,0.3012820512820512,0.5757575757575757,0.04551330336713657,0.49336550060313633,0.2894070899770145,0.25388496122684695,0.12778441801316578,0.6565656565656567,0.34,0.0,0.4115937861877404,0.08804692119553614,0.26379079688020746,1.0,0.0,0.0,0.0,0.0,0.0,0.0,0.0,0.0,0.0,0.0,0.0,0.0,0.0,0.0,0.0,0.0,0.0,1.0,0.0,0.0,0.0,0.0,0.0,1.0,0.0,0.0,0.0,False
0.30000000000001137,0.1794871794871794,0.7121212121212122,0.09276035461737965,0.6236429433051871,0.5431902721280807,0.5700990779646655,0.5101752917414722,0.5151515151515152,0.48,0.07692307692307693,0.9340067801434081,0.1446807052410941,0.39926384018223143,0.0,0.0,1.0,0.0,0.0,0.0,0.0,0.0,0.0,0.0,0.0,0.0,0.0,0.0,0.0,0.0,0.0,0.0,1.0,0.0,0.0,0.0,0.0,1.0,0.0,0.0,0.0,0.0,False
0.9500000000000028,0.3653846153846153,0.5,0.06870618598562488,0.46320868516284686,0.3619165705916048,0.16895163327343138,0.2480621035308199,0.393939393939394,0.6,0.0,0.4717487169812618,0.14077806218763714,0.26379079688020746,1.0,0.0,0.0,0.0,0.0,0.0,0.0,0.0,0.0,0.0,0.0,0.0,0.0,0.0,0.0,0.0,0.0,0.0,1.0,0.0,0.0,0.0,0.0,0.0,0.0,1.0,0.0,0.0,False
0.15000000000000568,0.16025641025641024,0.7727272727272727,0.17514057364926736,0.704463208685163,0.17339192099366993,0.5850117868097324,0.08640355326152005,0.8686868686868687,0.13,0.0,0.30847104768456085,0.24387101833056923,0.10376668917399683,0.0,0.0,0.0,0.0,1.0,0.0,0.0,0.0,0.0,0.0,0.0,0.0,0.0,0.0,0.0,0.0,0.0,0.0,1.0,0.0,0.0,0.0,0.0,0.0,0.0,1.0,0.0,0.0,False
0.8500000000000085,0.4423076923076923,0.6515151515151516,0.027534330368751112,0.5150784077201448,0.14438812874783377,0.44396197677503146,0.2958983916816278,0.5858585858585859,0.41,0.0,0.17097406301365486,0.05119419555498925,0.10798196182103102,0.0,0.0,0.0,0.0,0.0,0.0,1.0,0.0,0.0,0.0,0.0,0.0,0.0,0.0,0.0,0.0,0.0,0.0,1.0,0.0,0.0,0.0,0.0,0.0,1.0,0.0,0.0,0.0,False
0.8000000000000114,0.14743589743589736,0.6666666666666667,0.10104687973809753,0.5971049457177322,0.09363149231762052,0.4264273175771911,0.47858105176540994,0.4545454545454546,0.54,0.0,0.1705743624768208,0.1640927210461598,0.26379079688020746,1.0,0.0,0.0,0.0,0.0,0.0,0.0,0.0,0.0,0.0,0.0,0.0,0.0,0.0,0.0,0.0,0.0,0.0,1.0,0.0,0.0,0.0,0.0,0.0,1.0,0.0,0.0,0.0,False
0.5500000000000114,0.23076923076923073,0.7575757575757578,0.06551436134822554,0.6332931242460798,0.07187864813324342,0.1123462307560918,0.15303223369239977,0.41414141414141414,0.58,0.15384615384615385,0.11368365273411069,0.1007236492012514,0.1082061137053058,0.0,0.0,0.0,1.0,0.0,0.0,0.0,0.0,0.0,0.0,0.0,0.0,0.0,0.0,0.0,0.0,0.0,1.0,0.0,0.0,0.0,0.0,0.0,0.0,0.0,1.0,0.0,0.0,False
0.9000000000000057,0.34615384615384615,0.6212121212121213,0.058933271940627883,0.5367913148371531,0.2894070899770145,0.2593100776312522,0.3123774012567325,0.4444444444444445,0.55,0.0,0.3869148402211675,0.10555406619745812,0.26379079688020746,1.0,0.0,0.0,0.0,0.0,0.0,0.0,0.0,0.0,0.0,1.0,0.0,0.0,0.0,0.0,0.0,0.0,0.0,0.0,0.0,0.0,0.0,0.0,0.0,0.0,1.0,0.0,0.0,False
0.4000000000000057,0.17307692307692302,0.5454545454545454,0.07200604390323496,0.4957780458383595,0.3256618302843097,0.17382536752854943,0.3708604727707959,0.30303030303030304,0.69,0.0,0.5662778939425097,0.13870560861456796,0.26379079688020746,1.0,0.0,0.0,0.0,0.0,0.0,0.0,0.0,0.0,0.0,0.0,1.0,0.0,0.0,0.0,0.0,0.0,0.0,0.0,0.0,0.0,0.0,0.0,0.0,1.0,0.0,0.0,0.0,False
0.9000000000000057,0.3653846153846153,0.7878787878787878,0.0263325532585445,0.5958986731001207,0.14438812874783377,0.1900249163254085,0.10510968731298624,0.6363636363636365,0.36,0.0,0.18816118609751808,0.042808725596603876,0.1082061137053058,0.0,0.0,0.0,1.0,0.0,0.0,0.0,0.0,0.0,0.0,0.0,0.0,0.0,0.0,0.0,0.0,0.0,0.0,1.0,0.0,0.0,0.0,0.0,0.0,1.0,0.0,0.0,0.0,False
0.9000000000000057,0.2435897435897436,0.696969696969697,0.04944869499522791,0.5765983112183354,0.18064286905512894,0.2737001743828106,0.1383901855176541,0.6565656565656567,0.34,0.0,0.27988256572328335,0.0829141877934982,0.26379079688020746,1.0,0.0,0.0,0.0,0.0,0.0,0.0,0.0,0.0,0.0,0.0,0.0,0.0,0.0,0.0,0.0,1.0,0.0,0.0,0.0,0.0,0.0,0.0,0.0,0.0,1.0,0.0,0.0,False
0.6000000000000085,0.2948717948717948,0.6818181818181819,0.09233939735311013,0.6019300361881785,0.18064286905512894,0.5148143000632182,0.22242827648114902,0.6868686868686869,0.31,0.0,0.25927487885735595,0.1488353319456819,0.26379079688020746,1.0,0.0,0.0,0.0,0.0,0.0,0.0,0.0,0.0,0.0,0.0,0.0,0.0,0.0,0.0,0.0,0.0,0.0,1.0,0.0,0.0,0.0,0.0,0.0,0.0,1.0,0.0,0.0,False
0.0,0.23076923076923073,0.5,0.06488925843721292,0.4607961399276237,0.23865045354680123,0.9103362067788234,0.42190305206463197,0.6767676767676769,0.32,0.0,0.37721954002001384,0.13358515731810958,0.26379079688020746,1.0,0.0,0.0,0.0,0.0,0.0,0.0,0.0,0.0,0.0,0.0,0.0,1.0,0.0,0.0,0.0,0.0,0.0,0.0,0.0,0.0,0.0,0.0,0.0,1.0,0.0,0.0,0.0,False
0.8000000000000114,0.33974358974358976,0.8181818181818181,0.24913144967996073,0.7599517490952956,0.3619165705916048,0.2802342012749692,0.26181926989826454,0.5050505050505052,0.49,0.0,0.48804685094009764,0.32309594362451255,0.26379079688020746,1.0,0.0,0.0,0.0,0.0,0.0,0.0,0.0,0.0,0.0,0.0,0.0,0.0,0.0,0.0,0.0,0.0,0.0,1.0,0.0,0.0,0.0,0.0,0.0,0.0,1.0,0.0,0.0,False
0.8500000000000085,0.33333333333333326,0.7272727272727273,0.14665257018624192,0.661037394451146,0.21689760936242414,0.3997950738068964,0.3615062462597247,0.5151515151515152,0.48,0.0,0.2950202557058853,0.21670086587326098,0.26379079688020746,1.0,0.0,0.0,0.0,0.0,0.0,0.0,0.0,0.0,0.0,0.0,0.0,0.0,0.0,0.0,0.0,0.0,0.0,1.0,0.0,0.0,0.0,0.0,0.0,0.0,1.0,0.0,0.0,False
0.5500000000000114,0.23076923076923073,0.696969696969697,0.024418501556051762,0.5355850422195416,0.1298862326249157,0.4076282872830819,0.14832780520646321,0.7272727272727273,0.27,0.0,0.20534830918138136,0.0437996605926533,0.39926384018223143,0.0,0.0,1.0,0.0,0.0,0.0,0.0,0.0,0.0,0.0,0.0,0.0,0.0,0.0,0.0,0.0,0.0,0.0,1.0,0.0,0.0,0.0,0.0,1.0,0.0,0.0,0.0,0.0,False
0.6500000000000057,0.41666666666666663,0.6212121212121213,0.07416074905061099,0.5488540410132691,0.1298862326249157,0.12421281693894079,0.1944714392579294,0.37373737373737376,0.62,0.0,0.15862081829712815,0.13015455992537073,0.1082061137053058,0.0,0.0,0.0,1.0,0.0,0.0,0.0,0.0,0.0,0.0,0.0,0.0,0.0,0.0,0.0,0.0,0.0,0.0,1.0,0.0,0.0,0.0,0.0,0.0,1.0,0.0,0.0,0.0,False
0.30000000000001137,0.21794871794871795,0.4848484848484848,0.037494253747078446,0.4258142340168879,0.14438812874783377,0.18039724037500962,0.10636050269299821,0.6161616161616162,0.38,0.0,0.23298945558429546,0.0828678275207489,0.26379079688020746,1.0,0.0,0.0,0.0,0.0,0.0,0.0,0.0,0.0,0.0,0.0,0.0,0.0,0.0,0.0,0.0,0.0,0.0,1.0,0.0,0.0,0.0,0.0,0.0,1.0,0.0,0.0,0.0,False
0.5,0.28205128205128205,0.6818181818181819,0.17471887132789293,0.6381182147165261,0.2894070899770145,0.40221958655166684,0.5627799222022741,0.40404040404040403,0.59,0.0,0.42315895312267643,0.2668046425410202,0.26379079688020746,1.0,0.0,0.0,0.0,0.0,0.0,0.0,0.0,0.0,0.0,0.0,0.0,0.0,0.0,0.0,0.0,0.0,0.0,1.0,0.0,0.0,0.0,0.0,0.0,0.0,1.0,0.0,0.0,False
0.10000000000000853,0.3141025641025641,0.7424242424242424,0.2110217787642334,0.6936067551266587,0.3474146744686868,0.7463181807887673,0.7480556627767804,0.48484848484848486,0.51,0.0,0.48525288511858294,0.29814343563505713,0.10800812381772883,0.0,0.0,0.0,0.0,0.0,1.0,0.0,0.0,0.0,0.0,0.0,0.0,0.0,0.0,0.0,0.0,0.0,0.0,1.0,0.0,0.0,0.0,0.0,0.0,0.0,1.0,0.0,0.0,False
0.30000000000001137,0.2435897435897436,0.893939393939394,0.3630044874789428,0.841978287092883,0.05737675201032534,0.4633746339161538,0.3079582286056254,0.5858585858585859,0.41,0.3076923076923077,0.08895234691046588,0.4274135280649648,0.10376668917399683,0.0,0.0,0.0,0.0,1.0,0.0,0.0,0.0,0.0,0.0,0.0,0.0,0.0,0.0,0.0,0.0,0.0,0.0,1.0,0.0,0.0,0.0,0.0,0.0,0.0,1.0,0.0,0.0,True
0.10000000000000853,0.32692307692307687,0.6515151515151516,0.027131254474999235,0.5138721351025333,0.25315234966971933,0.05057358051048217,0.07636638240574507,0.38383838383838387,0.61,0.0,0.3473682209796198,0.05055247060910804,0.10800812381772883,0.0,0.0,0.0,0.0,0.0,1.0,0.0,0.0,0.0,0.0,0.0,1.0,0.0,0.0,0.0,0.0,0.0,0.0,0.0,0.0,0.0,0.0,0.0,0.0,0.0,1.0,0.0,0.0,False
0.05000000000001137,0.21153846153846156,0.6818181818181819,0.16656124108632306,0.6357056694813028,0.1298862326249157,0.7472741340968889,0.33852487283064037,0.6767676767676769,0.32,0.0,0.21179348033783008,0.25524273232825095,0.10376668917399683,0.0,0.0,0.0,0.0,1.0,0.0,0.0,0.0,0.0,0.0,0.0,0.0,0.0,0.0,0.0,0.0,0.0,0.0,1.0,0.0,0.0,0.0,0.0,0.0,1.0,0.0,0.0,0.0,False
0.75,0.2628205128205128,0.696969696969697,0.06028108024339525,0.5874547647768396,0.21689760936242414,0.2500197600369633,0.12642130460801915,0.6565656565656567,0.34,0.0,0.3263192139639573,0.09936028959399264,0.10376668917399683,0.0,0.0,0.0,0.0,1.0,0.0,0.0,0.0,0.0,0.0,0.0,0.0,0.0,0.0,0.0,0.0,0.0,0.0,1.0,0.0,0.0,0.0,0.0,0.0,0.0,1.0,0.0,0.0,False
0.6000000000000085,0.3012820512820512,0.6818181818181819,0.05210407851709794,0.5693606755126659,0.0863805442561615,0.5418237942901329,0.09338859964093357,0.8484848484848485,0.15,0.0,0.12285011837883776,0.08839354109230857,0.26379079688020746,1.0,0.0,0.0,0.0,0.0,0.0,0.0,0.0,0.0,0.0,0.0,0.0,0.0,0.0,0.0,0.0,0.0,0.0,1.0,0.0,0.0,0.0,0.0,0.0,0.0,1.0,0.0,0.0,False
0.30000000000001137,0.4935897435897435,0.696969696969697,0.032254267128304044,0.5512665862484922,0.4344260512061952,0.10064508789507809,0.035489489826451226,0.7272727272727273,0.27,0.0,0.48525288511858294,0.05635405995620196,0.26379079688020746,1.0,0.0,0.0,0.0,0.0,0.0,0.0,0.0,0.0,0.0,0.0,0.0,0.0,0.0,0.0,0.0,0.0,1.0,0.0,0.0,0.0,0.0,0.0,0.0,1.0,0.0,0.0,0.0,False
0.8000000000000114,0.34615384615384615,0.7272727272727273,0.05055137951048258,0.5971049457177322,0.5069355318207855,0.21286479861061713,0.18349440454817476,0.5252525252525254,0.47,0.0,0.6777738462557764,0.08206907692385298,0.26379079688020746,1.0,0.0,0.0,0.0,0.0,0.0,0.0,0.0,0.0,0.0,0.0,0.0,0.0,0.0,0.0,0.0,0.0,0.0,1.0,0.0,0.0,0.0,0.0,0.0,1.0,0.0,0.0,0.0,False
0.20000000000000284,0.14743589743589736,0.393939393939394,0.017565466305164958,0.3377563329312425,0.11538433650199763,0.10917162716320476,0.0047207809694793535,0.9595959595959597,0.04,0.0,0.21014471562338968,0.04766212834113125,0.10376668917399683,0.0,0.0,0.0,0.0,1.0,0.0,0.0,0.0,0.0,0.0,0.0,0.0,0.0,0.0,0.0,0.0,0.0,0.0,1.0,0.0,0.0,0.0,0.0,0.0,0.0,1.0,0.0,0.0,False
0.05000000000001137,0.19871794871794868,0.6060606060606062,0.012510998905511111,0.4451145958986732,0.25315234966971933,0.10259946754625326,0.0025143850987432675,0.9797979797979799,0.03,0.0,0.42146723987421497,0.026539809637971347,0.26379079688020746,1.0,0.0,0.0,0.0,0.0,0.0,0.0,0.0,0.0,0.0,0.0,0.0,0.0,0.0,0.0,0.0,0.0,0.0,1.0,0.0,0.0,0.0,0.0,0.0,1.0,0.0,0.0,0.0,False
0.75,0.22435897435897434,0.6515151515151516,0.058271661231475085,0.5560916767189386,0.1081333884405386,0.330331549006,0.14080813883901855,0.6868686868686869,0.31,0.0,0.17272785108343683,0.10103380570297343,0.10376668917399683,0.0,0.0,0.0,0.0,1.0,0.0,0.0,0.0,0.0,0.0,0.0,0.0,0.0,0.0,0.0,0.0,0.0,0.0,1.0,0.0,0.0,0.0,0.0,0.0,1.0,0.0,0.0,0.0,False
0.05000000000001137,0.40384615384615385,0.7727272727272727,0.11868461658243797,0.6803377563329314,0.6519544930499662,0.4825298331604934,0.603583183722322,0.43434343434343436,0.56,0.0,0.8093529204142901,0.17071853457608227,0.26379079688020746,1.0,0.0,0.0,0.0,0.0,0.0,0.0,0.0,0.0,0.0,0.0,0.0,0.0,0.0,0.0,0.0,0.0,0.0,1.0,0.0,0.0,0.0,0.0,0.0,0.0,1.0,0.0,0.0,False
0.10000000000000853,0.45512820512820507,0.6363636363636362,0.05252354566715765,0.5404101326899879,0.833228194586442,0.31629214156312146,0.27464240724117295,0.5252525252525254,0.47,0.0,0.9726122665520529,0.09349027866046389,0.26379079688020746,1.0,0.0,0.0,0.0,0.0,0.0,0.0,0.0,0.0,0.0,0.0,0.0,0.0,0.0,0.0,0.0,0.0,0.0,1.0,0.0,0.0,0.0,0.0,0.0,0.0,1.0,0.0,0.0,False
0.7000000000000028,0.3076923076923077,0.7727272727272727,0.056691395111978356,0.6344993968636913,0.16251549890148137,0.03171174747877197,0.2333931777378815,0.11111111111111112,0.88,0.0,0.22903866802670636,0.08699874950890464,0.10798196182103102,0.0,0.0,0.0,0.0,0.0,0.0,1.0,0.0,0.0,1.0,0.0,0.0,0.0,0.0,0.0,0.0,0.0,0.0,0.0,0.0,0.0,0.0,0.0,0.0,0.0,1.0,0.0,0.0,False
0.7000000000000028,0.35256410256410253,0.6515151515151516,0.05926482235230919,0.5572979493365501,0.21689760936242414,0.23617508525880473,0.4290895646319569,0.3434343434343434,0.65,0.0,0.2874969313788295,0.10255175875302895,0.26379079688020746,1.0,0.0,0.0,0.0,0.0,0.0,0.0,0.0,0.0,0.0,0.0,0.0,0.0,0.0,0.0,0.0,0.0,0.0,1.0,0.0,0.0,0.0,0.0,0.0,0.0,1.0,0.0,0.0,False
0.15000000000000568,0.33974358974358976,0.5151515151515151,0.028303974358114676,0.43184559710494574,0.5431902721280807,0.2389929463604787,0.1511218432076601,0.6060606060606061,0.4,0.0,0.7325188603226354,0.061758989353964476,0.26379079688020746,1.0,0.0,0.0,0.0,0.0,0.0,0.0,0.0,0.0,0.0,0.0,0.0,0.0,0.0,0.0,0.0,0.0,0.0,1.0,0.0,0.0,0.0,0.0,0.0,1.0,0.0,0.0,0.0,False
0.5,0.28205128205128205,0.6515151515151516,0.04737818130070579,0.5440289505428227,0.2313995054853422,0.446739015709737,0.08461232046678636,0.8383838383838385,0.16,0.0,0.33834772893314563,0.08381175480817418,0.26379079688020746,1.0,0.0,0.0,0.0,0.0,0.0,0.0,0.0,0.0,0.0,0.0,0.0,0.0,0.0,0.0,0.0,0.0,0.0,1.0,0.0,0.0,0.0,0.0,0.0,1.0,0.0,0.0,0.0,False
0.05000000000001137,0.1923076923076923,0.42424242424242425,0.005467974092874348,0.30759951749095304,0.028372959764489204,0.07744696726176918,0.0009858842010771994,0.98989898989899,0.01,0.0,0.04789208480018254,0.016067672750043133,0.10376668917399683,0.0,0.0,0.0,0.0,1.0,0.0,0.0,0.0,0.0,0.0,0.0,0.0,0.0,0.0,0.0,0.0,0.0,0.0,1.0,0.0,0.0,0.0,0.0,0.0,0.0,1.0,0.0,0.0,False
0.4000000000000057,0.23717948717948711,0.37878787878787884,0.005266808674550861,0.2822677925211098,0.14438812874783377,0.32451795934304384,0.0,1.0,0.0,0.0,0.22597285688201726,0.01666503911472707,0.10376668917399683,0.0,0.0,0.0,0.0,1.0,0.0,0.0,0.0,0.0,0.0,0.0,0.0,0.0,0.0,0.0,0.0,0.0,0.0,1.0,0.0,0.0,0.0,0.0,0.0,1.0,0.0,0.0,0.0,False
0.15000000000000568,0.22435897435897434,0.7424242424242424,0.015550831893510477,0.5355850422195416,0.12263528456345667,0.011365481876190206,0.05885813883901855,0.16161616161616163,0.83,0.0,0.19587785360455875,0.02787741851491002,0.1082061137053058,0.0,0.0,0.0,1.0,0.0,0.0,0.0,0.0,0.0,0.0,0.0,0.0,0.0,0.0,0.0,0.0,1.0,0.0,0.0,0.0,0.0,0.0,0.0,0.0,0.0,1.0,0.0,0.0,False
0.05000000000001137,0.15384615384615385,0.5757575757575757,0.014416109922745028,0.43546441495778054,0.07187864813324342,0.08890946282012055,0.062267369838420114,0.5757575757575758,0.42,0.0,0.12948790384570907,0.031199029594230297,0.10376668917399683,0.0,0.0,0.0,0.0,1.0,0.0,0.0,0.0,0.0,0.0,0.0,0.0,0.0,0.0,0.0,0.0,0.0,0.0,1.0,0.0,0.0,0.0,0.0,0.0,1.0,0.0,0.0,0.0,False
0.4000000000000057,0.2435897435897436,0.6515151515151516,0.03827954393564494,0.5331724969843186,0.25315234966971933,0.22153206468444808,0.18137102034709757,0.5353535353535355,0.46,0.0,0.3921944591425878,0.06897291933098336,0.10800812381772883,0.0,0.0,0.0,0.0,0.0,1.0,0.0,0.0,0.0,0.0,0.0,0.0,0.0,0.0,0.0,0.0,0.0,0.0,1.0,0.0,0.0,0.0,0.0,0.0,0.0,1.0,0.0,0.0,False
0.20000000000000284,0.2564102564102564,0.6515151515151516,0.03988141671118383,0.5343787696019301,0.2894070899770145,0.1030414196261601,0.16203672950329145,0.37373737373737376,0.62,0.0,0.43962715199443,0.07171219126599152,0.10376668917399683,0.0,0.0,0.0,0.0,1.0,0.0,0.0,0.0,0.0,0.0,0.0,0.0,0.0,0.0,0.0,0.0,0.0,1.0,0.0,0.0,0.0,0.0,0.0,0.0,0.0,1.0,0.0,0.0,False
0.4000000000000057,0.3717948717948718,0.7878787878787878,0.18464079679387027,0.718938480096502,0.6519544930499662,0.6430846714367399,0.8862035008976661,0.40404040404040403,0.59,0.0,0.8428343290192184,0.25224998004128396,0.10798196182103102,0.0,0.0,0.0,0.0,0.0,0.0,1.0,0.0,0.0,0.0,0.0,0.0,0.0,0.0,0.0,0.0,0.0,0.0,1.0,0.0,0.0,0.0,0.0,0.0,1.0,0.0,0.0,0.0,False
0.8500000000000085,0.33974358974358976,0.5454545454545454,0.14158543681580474,0.5295536791314838,0.4344260512061952,0.449184051921022,0.8961442624177139,0.32323232323232326,0.67,0.0,0.5858356546931127,0.25683114069020296,0.26379079688020746,1.0,0.0,0.0,0.0,0.0,0.0,0.0,0.0,0.0,0.0,0.0,0.0,0.0,0.0,0.0,0.0,0.0,1.0,0.0,0.0,0.0,0.0,0.0,0.0,0.0,1.0,0.0,0.0,False
0.8500000000000085,0.17307692307692302,0.409090909090909,0.026907737343528693,0.3642943305186973,0.30390898609993255,0.3545652288857126,0.11215988180730102,0.7474747474747475,0.25,0.0,0.5284662231580106,0.06833204588284104,0.26379079688020746,1.0,0.0,0.0,0.0,0.0,0.0,0.0,0.0,0.0,0.0,0.0,0.0,0.0,0.0,0.0,0.0,0.0,0.0,1.0,0.0,0.0,0.0,0.0,0.0,0.0,1.0,0.0,0.0,False
0.30000000000001137,0.28846153846153844,0.6363636363636362,0.03738547540976278,0.5223160434258143,0.4344260512061952,0.28038095026099136,0.318147052663076,0.4545454545454546,0.54,0.0,0.6292973452500082,0.06864360773681782,0.26379079688020746,1.0,0.0,0.0,0.0,0.0,0.0,0.0,0.0,0.0,0.0,0.0,0.0,0.0,0.0,0.0,0.0,0.0,0.0,1.0,0.0,0.0,0.0,0.0,0.0,1.0,0.0,0.0,0.0,False
0.10000000000000853,0.4423076923076923,0.696969696969697,0.02579983742853971,0.5392038600723764,0.25315234966971933,0.14106838036165295,0.08659843656493119,0.6060606060606061,0.39,0.0,0.2998774861426292,0.04599449453162824,0.26379079688020746,1.0,0.0,0.0,0.0,0.0,0.0,0.0,0.0,0.0,0.0,0.0,0.0,0.0,0.0,0.0,0.0,0.0,1.0,0.0,0.0,0.0,0.0,0.0,0.0,1.0,0.0,0.0,0.0,False
0.25,0.423076923076923,0.893939393939394,0.22451848821952958,0.8094089264173705,0.20239571323950606,0.2968461570405744,0.6224675867743866,0.31313131313131315,0.68,0.3076923076923077,0.24531836286478428,0.2743776603595948,0.10798196182103102,0.0,0.0,0.0,0.0,0.0,0.0,1.0,0.0,0.0,0.0,0.0,1.0,0.0,0.0,0.0,0.0,0.0,0.0,0.0,0.0,0.0,0.0,0.0,1.0,0.0,0.0,0.0,0.0,False
0.45000000000000284,0.3205128205128205,0.5454545454545454,0.08215148650068285,0.503015681544029,0.4344260512061952,0.8455842591460294,0.46858090215439857,0.6363636363636365,0.37,0.0,0.6014126322820885,0.1561766382035472,0.10376668917399683,0.0,0.0,0.0,0.0,1.0,0.0,0.0,0.0,0.0,0.0,0.0,0.0,0.0,0.0,0.0,0.0,0.0,0.0,1.0,0.0,0.0,0.0,0.0,0.0,1.0,0.0,0.0,0.0,False
0.20000000000000284,0.20512820512820507,0.3636363636363636,0.010470287495185067,0.30036188178528356,0.3981713108989,0.05251637308369688,0.16010412926391382,0.23232323232323232,0.76,0.0,0.6558318510636919,0.031444563822632506,0.26379079688020746,1.0,0.0,0.0,0.0,0.0,0.0,0.0,0.0,0.0,0.0,0.0,0.0,0.0,0.0,0.0,0.0,0.0,1.0,0.0,0.0,0.0,0.0,0.0,1.0,0.0,0.0,0.0,0.0,False
0.75,0.2628205128205128,0.7272727272727273,0.022356183489683566,0.5488540410132691,0.042874855887407276,0.07685511172043555,0.23463877917414722,0.23232323232323232,0.76,0.0,0.06454610853280934,0.03920451147698159,0.1082061137053058,0.0,0.0,0.0,1.0,0.0,0.0,0.0,0.0,0.0,0.0,0.0,0.0,0.0,0.0,0.0,0.0,0.0,1.0,0.0,0.0,0.0,0.0,0.0,0.0,1.0,0.0,0.0,0.0,False
0.20000000000000284,0.21794871794871795,0.6515151515151516,0.03598774828096699,0.5295536791314838,0.4126732070218181,0.21876820169123595,0.2567821289646918,0.4444444444444445,0.55,0.0,0.6656797088914509,0.06524725963978638,0.26379079688020746,1.0,0.0,0.0,0.0,0.0,0.0,0.0,0.0,0.0,0.0,0.0,0.0,0.0,0.0,0.0,0.0,0.0,0.0,1.0,0.0,0.0,0.0,0.0,0.0,1.0,0.0,0.0,0.0,False
0.0,0.4294871794871794,0.696969696969697,0.06161845774669399,0.5886610373944512,0.47068079151349035,0.7003375474696232,0.2873979578096948,0.696969696969697,0.3,0.07692307692307693,0.5662778939425097,0.10137321400627941,0.26379079688020746,1.0,0.0,0.0,0.0,0.0,0.0,0.0,0.0,0.0,0.0,0.0,0.0,0.0,0.0,0.0,0.0,0.0,0.0,1.0,0.0,0.0,0.0,0.0,0.0,1.0,0.0,0.0,0.0,False
0.9500000000000028,0.25,0.5606060606060606,0.013770145412795162,0.42460796139927626,0.05737675201032534,0.27370326685378465,0.008828837522441652,0.9696969696969697,0.03,0.0,0.08807146931502036,0.03048444772582503,0.06499789513728779,0.0,0.0,0.0,0.0,0.0,0.0,0.0,0.0,1.0,0.0,0.0,0.0,0.0,0.0,0.0,0.0,0.0,0.0,1.0,0.0,0.0,0.0,0.0,0.0,1.0,0.0,0.0,0.0,False
0.9500000000000028,0.28846153846153844,0.9090909090909092,0.29590986001122055,0.83956574185766,0.10088244037907956,0.25782845851141717,0.42612297277079597,0.36363636363636365,0.63,0.46153846153846156,0.14614821855918572,0.3493522924471759,0.10376668917399683,0.0,0.0,0.0,0.0,1.0,0.0,0.0,0.0,0.0,0.0,0.0,0.0,0.0,0.0,0.0,0.0,1.0,0.0,0.0,0.0,0.0,0.0,0.0,0.0,1.0,0.0,0.0,0.0,True
0.0,0.3653846153846153,0.7272727272727273,0.025975670905296535,0.5572979493365501,0.1081333884405386,0.26094365410927617,0.053043686415320174,0.8282828282828283,0.17,0.0,0.14089659761689416,0.04492301961635258,0.10376668917399683,0.0,0.0,0.0,0.0,1.0,0.0,0.0,0.0,0.0,0.0,0.0,0.0,0.0,0.0,0.0,0.0,0.0,0.0,1.0,0.0,0.0,0.0,0.0,0.0,1.0,0.0,0.0,0.0,False
0.10000000000000853,0.14102564102564097,0.4848484848484848,0.015307198220207586,0.38480096501809413,0.07187864813324342,0.2205799866532363,0.043733131358467986,0.8282828282828283,0.17,0.0,0.13255578788501934,0.03701213608186206,0.10798196182103102,0.0,0.0,0.0,0.0,0.0,0.0,1.0,0.0,0.0,0.0,0.0,0.0,0.0,0.0,0.0,0.0,0.0,0.0,1.0,0.0,0.0,0.0,0.0,0.0,1.0,0.0,0.0,0.0,False
0.0,0.33974358974358976,0.7121212121212122,0.17944402348718017,0.6622436670687576,0.36916751865306385,0.7011608577996745,0.43910831837223224,0.6060606060606061,0.39,0.0,0.49782573131539914,0.26471506554637037,0.10376668917399683,0.0,0.0,0.0,0.0,1.0,0.0,0.0,0.0,0.0,0.0,0.0,0.0,0.0,0.0,0.0,0.0,0.0,0.0,1.0,0.0,0.0,0.0,0.0,0.0,0.0,1.0,0.0,0.0,False
0.45000000000000284,0.15384615384615385,0.9090909090909092,0.17686612590421993,0.8033775633293124,0.2894070899770145,0.16196970962658624,0.19051543985637343,0.4444444444444445,0.55,0.15384615384615385,0.5206431188577694,0.21766417278155714,0.39926384018223143,0.0,0.0,1.0,0.0,0.0,0.0,0.0,0.0,0.0,0.0,0.0,0.0,0.0,0.0,0.0,0.0,0.0,0.0,1.0,0.0,0.0,0.0,0.0,1.0,0.0,0.0,0.0,0.0,False
1.0,0.39102564102564097,0.7878787878787878,0.1728890110782541,0.7141133896260556,0.05012580394886631,0.5449019499912876,0.5541795631358468,0.48484848484848486,0.51,0.0,0.0631387262455451,0.23768735307161068,0.10798196182103102,0.0,0.0,0.0,0.0,0.0,0.0,1.0,0.0,0.0,0.0,1.0,0.0,0.0,0.0,0.0,0.0,0.0,0.0,0.0,0.0,0.0,0.0,0.0,0.0,0.0,1.0,0.0,0.0,False
0.4000000000000057,0.3076923076923077,0.7878787878787878,0.21508084987173842,0.7285886610373946,0.21689760936242414,0.4888070299507286,0.31912622681029323,0.595959595959596,0.4,0.0,0.30568394664393445,0.29019291242699874,0.10376668917399683,0.0,0.0,0.0,0.0,1.0,0.0,0.0,0.0,0.0,0.0,0.0,0.0,0.0,0.0,0.0,0.0,0.0,0.0,1.0,0.0,0.0,0.0,0.0,0.0,0.0,1.0,0.0,0.0,False
0.75,0.1923076923076923,0.45454545454545464,0.04399189675892708,0.4137515078407721,0.25315234966971933,0.3667564392647459,0.3591626944943148,0.494949494949495,0.5,0.0,0.42600879264517405,0.09977618949656133,0.10587733590506189,0.0,0.0,0.0,0.0,0.0,0.0,0.0,1.0,0.0,0.0,0.0,0.0,0.0,0.0,0.0,0.0,0.0,0.0,1.0,0.0,0.0,0.0,0.0,0.0,1.0,0.0,0.0,0.0,False
0.20000000000000284,0.23717948717948711,0.6515151515151516,0.027886742379369667,0.5150784077201448,0.14438812874783377,0.03867482177872761,0.14086216337522442,0.20202020202020202,0.79,0.0,0.22597285688201726,0.051849999259760714,0.10798196182103102,0.0,0.0,0.0,0.0,0.0,0.0,1.0,0.0,0.0,0.0,0.0,0.0,0.0,0.0,0.0,0.0,0.0,1.0,0.0,0.0,0.0,0.0,0.0,0.0,0.0,1.0,0.0,0.0,False
0.10000000000000853,0.28846153846153844,0.6515151515151516,0.010164814082175327,0.45958986731001206,0.09508168192991233,0.027674313481907006,0.2815594404548175,0.08080808080808081,0.91,0.0,0.13774562505151922,0.020938805134727886,0.10376668917399683,0.0,0.0,0.0,0.0,1.0,0.0,0.0,0.0,0.0,0.0,0.0,0.0,0.0,0.0,1.0,0.0,0.0,0.0,0.0,0.0,1.0,0.0,0.0,0.0,0.0,0.0,0.0,0.0,False
0.0,0.35256410256410253,0.8333333333333335,0.08209113687518581,0.698431845597105,0.22414855742388318,0.3480400376249085,0.17277054907241174,0.6565656565656567,0.34,0.0,0.29711006801895634,0.11520515911010142,0.10800812381772883,0.0,0.0,0.0,0.0,0.0,1.0,0.0,0.0,0.0,0.0,0.0,0.0,0.0,0.0,0.0,0.0,0.0,0.0,1.0,0.0,0.0,0.0,0.0,0.0,1.0,0.0,0.0,0.0,False
0.6000000000000085,0.2564102564102564,0.9090909090909092,0.38613255012930464,0.8588661037394452,0.09363149231762052,0.13670312894043002,0.11700463046080192,0.5252525252525254,0.47,0.0,0.1422732361163298,0.4461831290083249,0.10798196182103102,0.0,0.0,0.0,0.0,0.0,0.0,1.0,0.0,0.0,0.0,0.0,0.0,0.0,0.0,0.0,0.0,0.0,0.0,1.0,0.0,0.0,0.0,0.0,0.0,1.0,0.0,0.0,0.0,False
0.8500000000000085,0.16025641025641024,0.5606060606060606,0.033702658140233155,0.4680337756332932,0.2894070899770145,0.1974795307486094,0.06508078994614004,0.7474747474747475,0.25,0.0,0.51471652469092,0.06838835215259184,0.10376668917399683,0.0,0.0,0.0,0.0,1.0,0.0,0.0,0.0,0.0,0.0,0.0,0.0,0.0,0.0,0.0,0.0,0.0,0.0,1.0,0.0,0.0,0.0,0.0,0.0,0.0,1.0,0.0,0.0,False
0.25,0.3012820512820512,0.5303030303030303,0.07271459320999658,0.48612786489746684,0.3619165705916048,0.5900198536636535,0.6565282764811491,0.46464646464646464,0.54,0.0,0.51471652469092,0.1426013455791027,0.10587733590506189,0.0,0.0,0.0,0.0,0.0,0.0,0.0,1.0,0.0,0.0,0.0,0.0,0.0,0.0,0.0,0.0,0.0,0.0,1.0,0.0,0.0,0.0,0.0,0.0,1.0,0.0,0.0,0.0,False
0.05000000000001137,0.4358974358974359,0.8636363636363638,0.19804139388263414,0.7780458383594693,0.6156997527426711,0.39757754735243483,0.3409224416517056,0.5252525252525254,0.47,0.0,0.7351315382855022,0.25120314988500103,0.10798196182103102,0.0,0.0,0.0,0.0,0.0,0.0,1.0,0.0,0.0,0.0,0.0,0.0,0.0,0.0,0.0,0.0,1.0,0.0,0.0,0.0,0.0,0.0,0.0,0.0,0.0,1.0,0.0,0.0,False
0.5,0.27564102564102566,0.7727272727272727,0.09803386880587463,0.6682750301568156,0.028372959764489204,0.1604850600402077,0.10393839766606823,0.595959595959596,0.4,0.3076923076923077,0.04190849721407799,0.14338074126093608,0.10376668917399683,0.0,0.0,0.0,0.0,1.0,0.0,0.0,0.0,0.0,0.0,0.0,0.0,0.0,0.0,0.0,0.0,0.0,0.0,1.0,0.0,0.0,0.0,0.0,0.0,0.0,1.0,0.0,0.0,False
0.0,0.20512820512820507,0.5757575757575757,0.008036930990575772,0.40530759951749096,0.15889002487075185,0.10437907220879422,0.10767104278874925,0.48484848484848486,0.52,0.0,0.26179443973049016,0.018532795565141202,0.2859195739287712,0.0,1.0,0.0,0.0,0.0,0.0,0.0,0.0,0.0,0.0,0.0,0.0,1.0,0.0,0.0,0.0,0.0,0.0,0.0,0.0,0.0,0.0,0.0,1.0,0.0,0.0,0.0,0.0,False
0.6000000000000085,0.25,0.7121212121212122,0.11499807402738384,0.6357056694813028,0.30390898609993255,0.1435007676691042,0.21705588719329744,0.38383838383838387,0.61,0.0,0.46618817716001193,0.17621186749014875,0.26379079688020746,1.0,0.0,0.0,0.0,0.0,0.0,0.0,0.0,0.0,0.0,0.0,0.0,0.0,0.0,0.0,0.0,0.0,0.0,1.0,0.0,0.0,0.0,0.0,0.0,1.0,0.0,0.0,0.0,False
0.4000000000000057,0.2435897435897436,0.696969696969697,0.13340247463266822,0.6332931242460798,0.17339192099366993,0.2430019590764868,0.08471362208258529,0.7373737373737375,0.27,0.0,0.26865137638135295,0.2051440841028752,0.10376668917399683,0.0,0.0,0.0,0.0,1.0,0.0,0.0,0.0,0.0,0.0,0.0,0.0,0.0,0.0,0.0,0.0,0.0,0.0,1.0,0.0,0.0,0.0,0.0,0.0,0.0,1.0,0.0,0.0,False
0.0,0.13461538461538458,0.5,0.009991960833838109,0.37394451145958996,0.07912959619470246,0.1047217241931631,0.0009470526630760024,0.98989898989899,0.01,0.0,0.14764868168555473,0.024767613807212173,0.10376668917399683,0.0,0.0,0.0,0.0,1.0,0.0,0.0,0.0,0.0,0.0,0.0,0.0,0.0,0.0,0.0,0.0,0.0,0.0,1.0,0.0,0.0,0.0,0.0,0.0,0.0,1.0,0.0,0.0,False
0.6500000000000057,0.33333333333333326,0.8787878787878789,0.08900377669446476,0.7346200241254525,0.0863805442561615,0.13602080118435902,0.0750146618791143,0.6363636363636365,0.36,0.46153846153846156,0.11746980158736753,0.11913378299537303,0.2859195739287712,0.0,1.0,0.0,0.0,0.0,0.0,0.0,0.0,0.0,0.0,0.0,0.0,0.0,0.0,0.0,0.0,0.0,0.0,1.0,0.0,0.0,0.0,0.0,0.0,0.0,1.0,0.0,0.0,False
0.9000000000000057,0.3782051282051282,0.7727272727272727,0.11303559361307247,0.6767189384800966,0.25315234966971933,0.3872730077864079,0.19274018551765412,0.6565656565656567,0.34,0.0,0.3245311463039085,0.16340252209654585,0.26379079688020746,1.0,0.0,0.0,0.0,0.0,0.0,0.0,0.0,0.0,0.0,0.0,0.0,0.0,0.0,0.0,0.0,0.0,0.0,1.0,0.0,0.0,0.0,0.0,0.0,0.0,1.0,0.0,0.0,False
0.5,0.35256410256410253,0.7424242424242424,0.24015574673720866,0.7008443908323282,0.5794450124353758,0.7342096843200979,0.46583405146618795,0.595959595959596,0.4,0.0,0.7681537633851747,0.3360330445771018,0.26379079688020746,1.0,0.0,0.0,0.0,0.0,0.0,0.0,0.0,0.0,0.0,0.0,0.0,0.0,0.0,0.0,0.0,0.0,0.0,1.0,0.0,0.0,0.0,0.0,0.0,0.0,1.0,0.0,0.0,False
0.05000000000001137,0.25,0.5757575757575757,0.043672267260924214,0.49095295536791317,0.3329127783457687,0.7246967630695536,0.3343806104129264,0.6767676767676769,0.32,0.0,0.510672495730011,0.08486182350519442,0.10376668917399683,0.0,0.0,0.0,0.0,1.0,0.0,0.0,0.0,0.0,0.0,0.0,0.0,0.0,0.0,0.0,0.0,0.0,0.0,1.0,0.0,0.0,0.0,0.0,0.0,1.0,0.0,0.0,0.0,False
0.25,0.2564102564102564,0.7878787878787878,0.08572776060421151,0.6706875753920386,0.20602118727023558,0.04804310219388882,0.110880184021544,0.29292929292929293,0.7,0.0,0.31297641004635024,0.1249556139738238,0.10798196182103102,0.0,0.0,0.0,0.0,0.0,0.0,1.0,0.0,0.0,0.0,0.0,0.0,1.0,0.0,0.0,0.0,0.0,0.0,0.0,0.0,0.0,0.0,0.0,0.0,0.0,1.0,0.0,0.0,False
0.0,0.46153846153846145,0.6666666666666667,0.04301065655177141,0.5488540410132691,0.47068079151349035,0.25184522472645543,0.22562891980849792,0.5151515151515152,0.48,0.0,0.5452714101733435,0.075466283105266,0.26379079688020746,1.0,0.0,0.0,0.0,0.0,0.0,0.0,0.0,0.0,0.0,0.0,0.0,0.0,0.0,0.0,0.0,0.0,0.0,1.0,0.0,0.0,0.0,0.0,0.0,0.0,1.0,0.0,0.0,False
0.45000000000000284,0.3846153846153846,0.7727272727272727,0.09078595328938986,0.6634499396863692,0.2894070899770145,0.7287096355613638,0.26492441651705567,0.7272727272727273,0.27,0.07692307692307693,0.36799718129208725,0.1336773381934879,0.1082061137053058,0.0,0.0,0.0,1.0,0.0,0.0,0.0,0.0,0.0,0.0,0.0,0.0,0.0,0.0,0.0,0.0,0.0,0.0,1.0,0.0,0.0,0.0,0.0,0.0,1.0,0.0,0.0,0.0,False
0.5500000000000114,0.3141025641025641,0.5909090909090908,0.047094314543738205,0.5054282267792521,0.25315234966971933,0.30181737001108283,0.19489736684619988,0.595959595959596,0.4,0.0,0.3535872457797019,0.08912095521806514,0.10376668917399683,0.0,0.0,0.0,0.0,1.0,0.0,0.0,0.0,0.0,0.0,0.0,0.0,0.0,0.0,0.0,0.0,0.0,0.0,1.0,0.0,0.0,0.0,0.0,0.0,1.0,0.0,0.0,0.0,False
0.30000000000001137,0.3012820512820512,0.5454545454545454,0.07513006834408824,0.49819059107358266,0.5431902721280807,0.32691893365586383,0.22815679233991623,0.5757575757575758,0.42,0.0,0.7725233709488687,0.14408616133471355,0.10798196182103102,0.0,0.0,0.0,0.0,0.0,0.0,1.0,0.0,0.0,0.0,0.0,0.0,0.0,0.0,0.0,0.0,0.0,0.0,1.0,0.0,0.0,0.0,0.0,0.0,1.0,0.0,0.0,0.0,False
0.05000000000001137,0.16025641025641024,0.5606060606060606,0.08929434896537645,0.517490952955368,0.25315234966971933,0.8728201392994637,0.2634289272890485,0.7575757575757577,0.24,0.0,0.4502648131264327,0.16541481501451358,0.26379079688020746,1.0,0.0,0.0,0.0,0.0,0.0,0.0,0.0,0.0,0.0,0.0,0.0,0.0,0.0,0.0,0.0,0.0,0.0,1.0,0.0,0.0,0.0,0.0,1.0,0.0,0.0,0.0,0.0,False
0.25,0.3589743589743589,0.893939393939394,0.22210301308543792,0.8082026537997588,0.28215614191555544,0.1969370927384302,0.11168919808497905,0.6262626262626264,0.37,0.0,0.3708646373671569,0.27180763397367236,0.26379079688020746,1.0,0.0,0.0,0.0,0.0,0.0,0.0,0.0,0.0,0.0,0.0,0.0,0.0,0.0,0.0,0.0,0.0,0.0,1.0,0.0,0.0,0.0,0.0,0.0,1.0,0.0,0.0,0.0,False
0.5500000000000114,0.28846153846153844,0.6818181818181819,0.0766864926362281,0.5910735826296744,0.2894070899770145,0.283366130318525,0.20042329443447038,0.5757575757575758,0.42,0.0,0.4192325075583463,0.12569753089633265,0.26379079688020746,1.0,0.0,0.0,0.0,0.0,0.0,0.0,0.0,0.0,0.0,0.0,1.0,0.0,0.0,0.0,0.0,0.0,0.0,0.0,0.0,0.0,0.0,0.0,0.0,1.0,0.0,0.0,0.0,False
0.0,0.3589743589743589,0.7121212121212122,0.18063536979791817,0.6622436670687576,0.3619165705916048,0.30754144852797527,0.7800108168761222,0.27272727272727276,0.72,0.0,0.4757205311392974,0.26647283926639703,0.2859195739287712,0.0,1.0,0.0,0.0,0.0,0.0,0.0,0.0,0.0,0.0,0.0,0.0,0.0,0.0,0.0,0.0,0.0,0.0,1.0,0.0,0.0,0.0,0.0,0.0,0.0,1.0,0.0,0.0,False
0.6500000000000057,0.39743589743589736,0.5909090909090908,0.08651230573567312,0.5355850422195416,0.3619165705916048,0.20556100996474755,0.27482538898862957,0.41414141414141414,0.58,0.0,0.4528428815890122,0.15529147516173436,0.26379079688020746,1.0,0.0,0.0,0.0,0.0,0.0,0.0,0.0,0.0,0.0,0.0,0.0,0.0,0.0,0.0,0.0,0.0,0.0,1.0,0.0,0.0,0.0,0.0,0.0,1.0,0.0,0.0,0.0,False
0.10000000000000853,0.39743589743589736,0.6666666666666667,0.04006172053057006,0.5452352231604343,0.5069355318207855,0.14704773886970482,0.09881360712148414,0.5858585858585859,0.41,0.0,0.6343389013546082,0.07071792389526388,0.10798196182103102,0.0,0.0,0.0,0.0,0.0,0.0,1.0,0.0,0.0,0.0,0.0,0.0,0.0,0.0,0.0,0.0,0.0,0.0,1.0,0.0,0.0,0.0,0.0,0.0,0.0,1.0,0.0,0.0,False
0.5500000000000114,0.16666666666666663,0.45454545454545464,0.04609817319448449,0.41616405307599524,0.2517021600574275,0.16538440987569988,0.32303479952124475,0.32323232323232326,0.67,0.0,0.4426464759842034,0.1040119925550277,0.26379079688020746,1.0,0.0,0.0,0.0,0.0,0.0,0.0,0.0,0.0,0.0,0.0,0.0,0.0,0.0,0.0,0.0,0.0,0.0,1.0,0.0,0.0,0.0,0.0,0.0,1.0,0.0,0.0,0.0,False
0.45000000000000284,0.2948717948717948,0.8333333333333335,0.25275242720978347,0.7720144752714114,0.18064286905512894,0.6488630813359084,0.6210305056852184,0.494949494949495,0.5,0.46153846153846156,0.25927487885735595,0.3229713993353988,0.10376668917399683,0.0,0.0,0.0,0.0,1.0,0.0,0.0,0.0,0.0,0.0,0.0,0.0,0.0,0.0,0.0,0.0,0.0,0.0,1.0,0.0,0.0,0.0,0.0,0.0,0.0,1.0,0.0,0.0,False
0.9500000000000028,0.3653846153846153,0.7424242424242424,0.24868963081675394,0.7032569360675514,0.4344260512061952,0.16895163327343138,0.2480621035308199,0.393939393939394,0.6,0.0,0.5662778939425097,0.34685828947030767,0.26379079688020746,1.0,0.0,0.0,0.0,0.0,0.0,0.0,0.0,0.0,0.0,0.0,0.0,0.0,0.0,0.0,0.0,0.0,0.0,1.0,0.0,0.0,0.0,0.0,0.0,0.0,1.0,0.0,0.0,False
0.8000000000000114,0.25,0.8636363636363638,0.17504595139694482,0.7696019300361883,0.0863805442561615,0.20851120402233903,0.08132879263913824,0.7070707070707071,0.29,0.3076923076923077,0.13255578788501934,0.22432231462690932,0.26379079688020746,1.0,0.0,0.0,0.0,0.0,0.0,0.0,0.0,0.0,0.0,0.0,0.0,0.0,0.0,0.0,0.0,0.0,0.0,1.0,0.0,0.0,0.0,0.0,0.0,0.0,1.0,0.0,0.0,False
0.20000000000000284,0.23076923076923073,0.5303030303030303,0.0394567341613898,0.457177322074789,0.3619165705916048,0.5710254939121803,0.1704962672052663,0.7575757575757577,0.24,0.0,0.5720069349704642,0.081792839960846,0.10376668917399683,0.0,0.0,0.0,0.0,1.0,0.0,0.0,0.0,0.0,0.0,0.0,0.0,0.0,0.0,0.0,0.0,0.0,0.0,1.0,0.0,0.0,0.0,0.0,1.0,0.0,0.0,0.0,0.0,False
0.5,0.20512820512820507,0.8333333333333335,0.18191165261861494,0.750301568154403,0.012420874029279327,0.48805172297989136,0.39362546379413527,0.5454545454545456,0.46,0.0,0.020595781884106067,0.23875819134759912,0.10800812381772883,0.0,0.0,0.0,0.0,0.0,1.0,0.0,0.0,0.0,0.0,0.0,0.0,0.0,0.0,0.0,0.0,0.0,0.0,1.0,0.0,0.0,0.0,0.0,0.0,0.0,1.0,0.0,0.0,False
0.5500000000000114,0.25,0.5,0.046510189773495185,0.4451145958986732,0.5794450124353758,0.6220264942141573,0.669448803111909,0.46464646464646464,0.53,0.0,0.8887892035750025,0.09878104878118112,0.10376668917399683,0.0,0.0,0.0,0.0,1.0,0.0,0.0,0.0,0.0,0.0,0.0,0.0,0.0,0.0,0.0,0.0,0.0,0.0,1.0,0.0,0.0,0.0,0.0,1.0,0.0,0.0,0.0,0.0,False
0.45000000000000284,0.19871794871794868,0.6515151515151516,0.02804543954271375,0.5150784077201448,0.47068079151349035,0.15071705256234938,0.15212387043686415,0.48484848484848486,0.51,0.0,0.7834938750449516,0.05214531889848444,0.39926384018223143,0.0,0.0,1.0,0.0,0.0,0.0,0.0,0.0,0.0,0.0,0.0,0.0,0.0,0.0,0.0,0.0,1.0,0.0,0.0,0.0,0.0,0.0,0.0,1.0,0.0,0.0,0.0,0.0,False
0.25,0.21153846153846156,0.7272727272727273,0.03382708267675176,0.5729794933655007,0.07187864813324342,0.0968013402381674,0.03555156343506882,0.7272727272727273,0.27,0.0,0.11726430337658221,0.0570366710103632,0.10376668917399683,0.0,0.0,0.0,0.0,1.0,0.0,0.0,0.0,0.0,0.0,0.0,0.0,0.0,0.0,0.0,0.0,1.0,0.0,0.0,0.0,0.0,0.0,0.0,0.0,0.0,1.0,0.0,0.0,False
0.05000000000001137,0.33974358974358976,0.409090909090909,0.03113221112832193,0.37032569360675516,0.5214374279437035,0.25278408031285077,0.1647566801316577,0.595959595959596,0.4,0.0,0.7031822191967309,0.07792662845597535,0.26379079688020746,1.0,0.0,0.0,0.0,0.0,0.0,0.0,0.0,0.0,0.0,0.0,0.0,0.0,0.0,0.0,0.0,0.0,0.0,1.0,0.0,0.0,0.0,0.0,0.0,1.0,0.0,0.0,0.0,False
0.8500000000000085,0.2628205128205128,0.8181818181818181,0.11641442758380216,0.7104945717732208,0.07187864813324342,0.1628819265595033,0.06508078994614004,0.7070707070707071,0.29,0.07692307692307693,0.10817495943800068,0.16079464163094215,0.1082061137053058,0.0,0.0,0.0,1.0,0.0,0.0,0.0,0.0,0.0,0.0,0.0,0.0,0.0,0.0,0.0,0.0,0.0,0.0,1.0,0.0,0.0,0.0,0.0,0.0,0.0,1.0,0.0,0.0,False
0.0,0.21153846153846156,0.4848484848484848,0.006482741869750607,0.34620024125452353,0.1081333884405386,0.08073808493022774,0.002625523638539797,0.9696969696969697,0.03,0.0,0.17634503897736212,0.0171871381901192,0.10798196182103102,0.0,0.0,0.0,0.0,0.0,0.0,1.0,0.0,0.0,0.0,0.0,0.0,0.0,0.0,0.0,0.0,0.0,0.0,1.0,0.0,0.0,0.0,0.0,0.0,1.0,0.0,0.0,0.0,False
0.75,0.35256410256410253,0.8030303030303032,0.0987223015708039,0.689987937273824,0.08493035464386968,0.09770655067043144,0.20616879114302814,0.31313131313131315,0.68,0.46153846153846156,0.11253784452851981,0.14013973178409225,0.10798196182103102,0.0,0.0,0.0,0.0,0.0,0.0,1.0,0.0,0.0,0.0,0.0,0.0,0.0,0.0,0.0,0.0,0.0,1.0,0.0,0.0,0.0,0.0,0.0,0.0,0.0,1.0,0.0,0.0,False
0.0,0.28205128205128205,0.8030303030303032,0.04843690744677125,0.6441495778045839,0.25315234966971933,0.14949626283020867,0.10497479802513465,0.5757575757575758,0.42,0.23076923076923078,0.37015193800421964,0.07328814444506608,0.10376668917399683,0.0,0.0,0.0,0.0,1.0,0.0,0.0,0.0,0.0,0.0,0.0,0.0,0.0,0.0,0.0,0.0,0.0,0.0,1.0,0.0,0.0,0.0,0.0,0.0,0.0,1.0,0.0,0.0,True
0.20000000000000284,0.22435897435897434,0.5303030303030303,0.042438452695206824,0.4607961399276237,0.21689760936242414,0.1257401488252044,0.07362507480550569,0.6161616161616162,0.38,0.0,0.34635286999185133,0.08735137466373462,0.10376668917399683,0.0,0.0,0.0,0.0,1.0,0.0,0.0,0.0,0.0,0.0,0.0,0.0,0.0,0.0,0.0,0.0,0.0,0.0,1.0,0.0,0.0,0.0,0.0,0.0,1.0,0.0,0.0,0.0,False
0.4000000000000057,0.1794871794871794,0.30303030303030304,0.018502003086026526,0.2858866103739446,0.14438812874783377,0.7317244149839349,0.40977024236983844,0.6262626262626264,0.37,0.0,0.2484105516332585,0.058007113973618726,0.2859195739287712,0.0,1.0,0.0,0.0,0.0,0.0,0.0,0.0,0.0,0.0,0.0,0.0,0.0,0.0,0.0,0.0,0.0,0.0,1.0,0.0,0.0,0.0,0.0,1.0,0.0,0.0,0.0,0.0,False
0.3500000000000085,0.21153846153846156,0.5606060606060606,0.06829714963503378,0.5042219541616406,0.18064286905512894,0.2705889005651843,0.18515258827049672,0.5858585858585859,0.41,0.0,0.294506510178922,0.12954736351045626,0.10376668917399683,0.0,0.0,0.0,0.0,1.0,0.0,0.0,0.0,0.0,0.0,0.0,0.0,0.0,0.0,0.0,0.0,0.0,0.0,1.0,0.0,0.0,0.0,0.0,0.0,0.0,1.0,0.0,0.0,False
0.05000000000001137,0.3589743589743589,0.7272727272727273,0.06821146806797007,0.615199034981906,0.2894070899770145,0.19518225884589696,0.302708894374626,0.38383838383838387,0.62,0.0,0.3803969913464424,0.10773368317368578,0.10798196182103102,0.0,0.0,0.0,0.0,0.0,0.0,1.0,0.0,0.0,0.0,0.0,0.0,0.0,0.0,0.0,0.0,0.0,0.0,1.0,0.0,0.0,0.0,0.0,0.0,1.0,0.0,0.0,0.0,False
0.45000000000000284,0.27564102564102566,0.7727272727272727,0.10766298682962556,0.6743063932448734,0.05012580394886631,0.07071351861982975,0.16607993716337524,0.2828282828282828,0.71,0.15384615384615385,0.07401274599336971,0.15615359367659312,0.10376668917399683,0.0,0.0,0.0,0.0,1.0,0.0,0.0,0.0,0.0,0.0,0.0,0.0,0.0,0.0,0.0,0.0,0.0,1.0,0.0,0.0,0.0,0.0,0.0,0.0,0.0,1.0,0.0,0.0,False
0.25,0.40384615384615385,0.8181818181818181,0.03234888938062658,0.6272617611580217,0.21689760936242414,0.14131295683798734,0.05141721274685817,0.7272727272727273,0.27,0.15384615384615385,0.2691861949214449,0.05015529882593909,0.10798196182103102,0.0,0.0,0.0,0.0,0.0,0.0,1.0,0.0,0.0,0.0,0.0,0.0,0.0,0.0,0.0,0.0,0.0,0.0,1.0,0.0,0.0,0.0,0.0,0.0,0.0,1.0,0.0,0.0,False
0.25,0.26923076923076916,0.6060606060606062,0.03257464168341182,0.4957780458383595,0.25315234966971933,0.5333217545226303,0.25587655595451825,0.6666666666666669,0.33,0.0,0.37721954002001384,0.0627244885272154,0.10376668917399683,0.0,0.0,0.0,0.0,1.0,0.0,0.0,0.0,0.0,0.0,0.0,0.0,0.0,0.0,0.0,0.0,0.0,0.0,1.0,0.0,0.0,0.0,0.0,0.0,1.0,0.0,0.0,0.0,False
0.5,0.2435897435897436,0.6818181818181819,0.1326082437588429,0.6224366706875754,0.2604032977311783,0.38894186478541914,0.10808046080191502,0.7777777777777779,0.22,0.0,0.40342564848451823,0.20722418634041087,0.10376668917399683,0.0,0.0,0.0,0.0,1.0,0.0,0.0,0.0,0.0,0.0,0.0,0.0,0.0,0.0,0.0,0.0,0.0,0.0,1.0,0.0,0.0,0.0,0.0,0.0,0.0,1.0,0.0,0.0,False
0.20000000000000284,0.21153846153846156,0.6666666666666667,0.05230524393542143,0.5597104945717732,0.25315234966971933,0.1768156474504964,0.033440903650508676,0.8383838383838385,0.16,0.0,0.41266798138048183,0.0901442929944935,0.10376668917399683,0.0,0.0,0.0,0.0,1.0,0.0,0.0,0.0,0.0,0.0,0.0,0.0,0.0,0.0,0.0,0.0,0.0,0.0,1.0,0.0,0.0,0.0,0.0,1.0,0.0,0.0,0.0,0.0,False
0.45000000000000284,0.25,0.409090909090909,0.03239433786402559,0.3715319662243668,0.21689760936242414,0.6159449911573156,0.5682906193895871,0.5050505050505052,0.49,0.0,0.3327352214500149,0.08085438916557983,0.10376668917399683,0.0,0.0,0.0,0.0,1.0,0.0,0.0,0.0,0.0,0.0,0.0,0.0,0.0,0.0,0.0,0.0,0.0,0.0,1.0,0.0,1.0,0.0,0.0,0.0,0.0,0.0,0.0,0.0,False
0.45000000000000284,0.3076923076923077,0.6363636363636362,0.08395303458033541,0.5657418576598312,0.2749051938540964,0.2457424076466096,0.1275216262716936,0.6464646464646466,0.35,0.0,0.387438910502311,0.14329211414365467,0.26379079688020746,1.0,0.0,0.0,0.0,0.0,0.0,0.0,0.0,0.0,0.0,0.0,0.0,0.0,0.0,0.0,0.0,0.0,0.0,1.0,0.0,0.0,0.0,0.0,0.0,1.0,0.0,0.0,0.0,False
0.20000000000000284,0.3205128205128205,0.6363636363636362,0.04113236759031396,0.5271411338962605,0.5431902721280807,0.16201823584405137,0.10481984590065829,0.595959595959596,0.4,0.0,0.7519900823088551,0.07489396834622525,0.26379079688020746,1.0,0.0,0.0,0.0,0.0,0.0,0.0,0.0,0.0,0.0,0.0,0.0,0.0,0.0,0.0,0.0,0.0,0.0,1.0,0.0,0.0,0.0,0.0,0.0,1.0,0.0,0.0,0.0,False
0.30000000000001137,0.2564102564102564,0.8181818181818181,0.08422125513810007,0.689987937273824,0.1081333884405386,0.4366399743276856,0.5007661355475763,0.4545454545454546,0.54,0.46153846153846156,0.16429945210730018,0.11954822219638861,0.1082061137053058,0.0,0.0,0.0,1.0,0.0,0.0,0.0,0.0,0.0,0.0,0.0,0.0,0.0,0.0,0.0,0.0,0.0,1.0,0.0,0.0,0.0,0.0,0.0,0.0,1.0,0.0,0.0,0.0,True
0.15000000000000568,0.13461538461538458,0.6363636363636362,0.09182232772230828,0.5705669481302775,0.07187864813324342,0.11868961727594728,0.09898103680430881,0.5353535353535355,0.46,0.0,0.13414451354823362,0.15550529800874216,0.10587733590506189,0.0,0.0,0.0,0.0,0.0,0.0,0.0,1.0,0.0,0.0,1.0,0.0,0.0,0.0,0.0,0.0,0.0,0.0,0.0,0.0,0.0,0.0,0.0,0.0,0.0,1.0,0.0,0.0,False
0.6500000000000057,0.40384615384615385,0.7878787878787878,0.2726722739664382,0.7430639324487335,0.2894070899770145,0.03455627048558568,0.6148658138839019,0.04040404040404041,0.95,0.0,0.3592139825035857,0.36117825980991614,0.26379079688020746,1.0,0.0,0.0,0.0,0.0,0.0,0.0,0.0,0.0,0.0,0.0,0.0,0.0,0.0,0.0,0.0,1.0,0.0,0.0,0.0,0.0,0.0,0.0,0.0,0.0,1.0,0.0,0.0,False
0.25,0.20512820512820507,0.7272727272727273,0.08375261421911682,0.6272617611580217,0.41992415508327713,0.3736777225785057,0.4079615574506284,0.46464646464646464,0.53,0.0,0.6916534339121648,0.12992661591508178,0.10376668917399683,0.0,0.0,0.0,0.0,1.0,0.0,0.0,0.0,0.0,0.0,0.0,0.0,0.0,0.0,0.0,0.0,0.0,0.0,1.0,0.0,0.0,0.0,0.0,0.0,1.0,0.0,0.0,0.0,False
0.0,0.17307692307692302,0.3181818181818182,0.028869472700735147,0.31121833534378773,0.1081333884405386,0.20408757542974612,0.15933572710951527,0.5454545454545456,0.45,0.0,0.18816118609751808,0.08414978576536833,0.2859195739287712,0.0,1.0,0.0,0.0,0.0,0.0,0.0,0.0,0.0,0.0,0.0,0.0,0.0,0.0,0.0,0.0,0.0,0.0,1.0,0.0,0.0,0.0,0.0,0.0,0.0,1.0,0.0,0.0,False
0.20000000000000284,0.3589743589743589,0.8484848484848486,0.08447308443955687,0.7104945717732208,0.0863805442561615,0.08482980380604586,0.6120126496110114,0.11111111111111112,0.88,0.07692307692307693,0.11349107992644836,0.11666373867758878,0.26379079688020746,1.0,0.0,0.0,0.0,0.0,0.0,0.0,0.0,0.0,0.0,0.0,0.0,0.0,0.0,0.0,0.0,1.0,0.0,0.0,0.0,0.0,0.0,0.0,0.0,1.0,0.0,0.0,0.0,False
0.75,0.35256410256410253,0.6212121212121213,0.05030700078007479,0.5283474065138722,0.21689760936242414,0.6738296613353656,0.1343986235786954,0.8282828282828283,0.17,0.0,0.2874969313788295,0.09141736486244209,0.10376668917399683,0.0,0.0,0.0,0.0,1.0,0.0,0.0,0.0,0.0,0.0,0.0,0.0,0.0,0.0,0.0,0.0,0.0,0.0,1.0,0.0,0.0,0.0,0.0,0.0,0.0,1.0,0.0,0.0,False
0.9500000000000028,0.3846153846153846,0.696969696969697,0.17878241277802737,0.6501809408926418,0.5794450124353758,0.38817311835425855,0.5780483393177738,0.38383838383838387,0.61,0.07692307692307693,0.7368915304091522,0.2682948465117142,0.2859195739287712,0.0,1.0,0.0,0.0,0.0,0.0,0.0,0.0,0.0,0.0,0.0,0.0,0.0,0.0,0.0,0.0,1.0,0.0,0.0,0.0,0.0,0.0,0.0,0.0,1.0,0.0,0.0,0.0,False
0.8000000000000114,0.4423076923076923,0.7424242424242424,0.16011724218602735,0.6767189384800966,0.6519544930499662,0.7233402766411375,0.5156192474566128,0.5757575757575758,0.43,0.0,0.7725233709488687,0.23148219206636284,0.26379079688020746,1.0,0.0,0.0,0.0,0.0,0.0,0.0,0.0,0.0,0.0,0.0,0.0,0.0,0.0,0.0,0.0,0.0,0.0,1.0,0.0,0.0,0.0,0.0,0.0,1.0,0.0,0.0,0.0,False
0.6000000000000085,0.1858974358974359,0.6060606060606062,0.04551106819582187,0.5126658624849216,0.10088244037907956,0.3799713582933925,0.2716630834829444,0.5757575757575758,0.43,0.0,0.1717213292346924,0.08501141074282323,0.10587733590506189,0.0,0.0,0.0,0.0,0.0,0.0,0.0,1.0,0.0,0.0,0.0,0.0,0.0,0.0,0.0,0.0,0.0,0.0,1.0,0.0,0.0,0.0,0.0,0.0,1.0,0.0,0.0,0.0,False
0.75,0.32692307692307687,0.5151515151515151,0.047558485120092024,0.45597104945717737,0.7244639736645565,0.22226562360126725,0.7854578096947936,0.21212121212121213,0.79,0.0,0.994146800188158,0.09883253477651274,0.26379079688020746,1.0,0.0,0.0,0.0,0.0,0.0,0.0,0.0,0.0,0.0,0.0,0.0,0.0,0.0,0.0,0.0,1.0,0.0,0.0,0.0,0.0,0.0,0.0,0.0,1.0,0.0,0.0,0.0,False
0.5,0.28205128205128205,0.696969696969697,0.05958072656478756,0.5874547647768396,0.2894070899770145,0.23954355345438388,0.21715472770795932,0.5151515151515152,0.48,0.0,0.42315895312267643,0.09820538276365484,0.10376668917399683,0.0,0.0,0.0,0.0,1.0,0.0,0.0,0.0,0.0,0.0,0.0,0.0,0.0,0.0,0.0,0.0,0.0,0.0,1.0,0.0,0.0,0.0,0.0,0.0,1.0,0.0,0.0,0.0,False
0.5,0.22435897435897434,0.6818181818181819,0.08096908087520369,0.5946924004825092,0.17339192099366993,0.1793084813271875,0.09266111609814483,0.6464646464646466,0.35,0.0,0.2769028624284855,0.13197238607439046,0.26379079688020746,1.0,0.0,0.0,0.0,0.0,0.0,0.0,0.0,0.0,0.0,0.0,0.0,0.0,0.0,0.0,0.0,0.0,0.0,1.0,0.0,0.0,0.0,0.0,0.0,0.0,1.0,0.0,0.0,False
0.5500000000000114,0.2628205128205128,0.7575757575757578,0.19068768025725333,0.698431845597105,0.2894070899770145,0.2891564993222373,0.4531049521244764,0.37373737373737376,0.62,0.0,0.4353913412269357,0.2676685681764506,0.2859195739287712,0.0,1.0,0.0,0.0,0.0,0.0,0.0,0.0,0.0,0.0,0.0,0.0,0.0,0.0,0.0,0.0,0.0,0.0,1.0,0.0,0.0,0.0,0.0,0.0,0.0,1.0,0.0,0.0,False
0.25,0.22435897435897434,0.6212121212121213,0.020679805003654503,0.480096501809409,0.18064286905512894,0.18831827537652618,0.02425942549371634,0.8787878787878789,0.12,0.0,0.2884778636890465,0.04098702389564814,0.10376668917399683,0.0,0.0,0.0,0.0,1.0,0.0,0.0,0.0,0.0,0.0,0.0,0.0,0.0,0.0,0.0,0.0,0.0,0.0,1.0,0.0,1.0,0.0,0.0,0.0,0.0,0.0,0.0,0.0,False
0.10000000000000853,0.5576923076923076,1.0,0.6251759266088949,0.9650180940892643,0.25315234966971933,0.2516409666310911,0.6545481747456613,0.26262626262626265,0.73,0.5384615384615385,0.26378452766651644,0.6467426480113836,0.1082061137053058,0.0,0.0,0.0,1.0,0.0,0.0,0.0,0.0,0.0,0.0,0.0,0.0,0.0,0.0,0.0,0.0,0.0,1.0,0.0,0.0,0.0,0.0,0.0,0.0,0.0,1.0,0.0,0.0,True
0.75,0.19871794871794868,0.6515151515151516,0.0,0.024125452352231597,0.03562390782594824,0.5045688817217279,0.24868310143626574,0.6565656565656567,0.34,0.0,0.05944060470347844,2.568898359361849e-06,0.10587733590506189,0.0,0.0,0.0,0.0,0.0,0.0,0.0,1.0,0.0,0.0,0.0,0.0,0.0,0.0,0.0,0.0,0.0,0.0,1.0,0.0,0.0,0.0,0.0,0.0,1.0,0.0,0.0,0.0,False
0.0,0.5256410256410255,0.8181818181818181,0.044553669816023045,0.6489746682750303,0.5794450124353758,0.26729330307661797,0.2392863629563136,0.5151515151515152,0.48,0.0,0.6249511761943187,0.06694203717425182,0.10798196182103102,0.0,0.0,0.0,0.0,0.0,0.0,1.0,0.0,0.0,0.0,0.0,0.0,0.0,0.0,0.0,0.0,0.0,0.0,1.0,0.0,0.0,0.0,0.0,0.0,1.0,0.0,0.0,0.0,False
0.20000000000000284,0.2564102564102564,0.8636363636363638,0.3186139851688933,0.810615199034982,0.008070305192403907,0.42690011686130036,0.3584029024536206,0.5353535353535355,0.47,0.0,0.012318561769604568,0.3888417540456253,0.10587733590506189,0.0,0.0,0.0,0.0,0.0,0.0,0.0,1.0,0.0,0.0,0.0,0.0,0.0,0.0,0.0,0.0,0.0,0.0,1.0,0.0,0.0,0.0,0.0,0.0,0.0,1.0,0.0,0.0,False
0.3500000000000085,0.3205128205128205,0.8636363636363638,0.43816659327854185,0.8323281061519904,0.1262607585941862,0.9405927257735165,0.369159934171155,0.7070707070707071,0.29,0.0,0.17477652387291664,0.521576107991919,0.10376668917399683,0.0,0.0,0.0,0.0,1.0,0.0,0.0,0.0,0.0,0.0,0.0,0.0,0.0,0.0,0.0,0.0,0.0,0.0,1.0,0.0,0.0,0.0,0.0,0.0,0.0,1.0,0.0,0.0,False
0.05000000000001137,0.17307692307692302,0.5909090909090908,0.030623337125673996,0.48250904704463216,0.15889002487075185,0.149561933272723,0.05000505685218432,0.7373737373737375,0.26,0.0,0.2763884179280161,0.06043987600008203,0.10376668917399683,0.0,0.0,0.0,0.0,1.0,0.0,0.0,0.0,0.0,0.0,0.0,0.0,0.0,0.0,0.0,0.0,0.0,0.0,1.0,0.0,0.0,0.0,0.0,0.0,1.0,0.0,0.0,0.0,False
0.5500000000000114,0.27564102564102566,0.6212121212121213,0.06134129650367052,0.5379975874547649,0.14438812874783377,0.10777911616063482,0.12279332734889288,0.4545454545454546,0.54,0.0,0.21313115737030056,0.10964267925774328,0.10376668917399683,0.0,0.0,0.0,0.0,1.0,0.0,0.0,0.0,0.0,0.0,0.0,0.0,0.0,0.0,0.0,0.0,0.0,0.0,1.0,0.0,0.0,0.0,0.0,0.0,0.0,1.0,0.0,0.0,False
0.6500000000000057,0.27564102564102566,0.7878787878787878,0.14265906410396825,0.7020506634499397,0.21689760936242414,0.24854214020289928,0.2337027079593058,0.5050505050505052,0.49,0.0,0.3201453199679397,0.1992730758954931,0.10800812381772883,0.0,0.0,0.0,0.0,0.0,1.0,0.0,0.0,0.0,0.0,0.0,0.0,0.0,0.0,0.0,0.0,0.0,0.0,1.0,0.0,0.0,0.0,0.0,0.0,0.0,1.0,0.0,0.0,False
0.0,0.33333333333333326,0.6363636363636362,0.05318739154762517,0.5404101326899879,0.18064286905512894,0.4330098086823843,0.26229371633752246,0.6161616161616162,0.39,0.0,0.2457006851174081,0.09467246933079802,0.26379079688020746,1.0,0.0,0.0,0.0,0.0,0.0,0.0,0.0,0.0,0.0,0.0,0.0,0.0,0.0,0.0,0.0,0.0,0.0,1.0,0.0,0.0,0.0,0.0,0.0,0.0,1.0,0.0,0.0,False
0.6000000000000085,0.22435897435897434,0.7424242424242424,0.015317629019676211,0.5355850422195416,0.07912959619470246,0.14171904710537045,0.30767639886295634,0.30303030303030304,0.69,0.0,0.12642784604119295,0.027458693782063975,0.10376668917399683,0.0,0.0,0.0,0.0,1.0,0.0,0.0,0.0,0.0,0.0,0.0,0.0,0.0,0.0,0.0,0.0,0.0,1.0,0.0,0.0,0.0,0.0,0.0,0.0,1.0,0.0,0.0,0.0,False
0.15000000000000568,0.1794871794871794,0.8030303030303032,0.021263184716792616,0.5910735826296744,0.042874855887407276,0.1369980995177001,0.007250448833034112,0.9494949494949495,0.05,0.07692307692307693,0.0738951480124932,0.034819956057227625,0.10376668917399683,0.0,0.0,0.0,0.0,1.0,0.0,0.0,0.0,0.0,0.0,0.0,0.0,0.0,0.0,0.0,0.0,0.0,0.0,1.0,0.0,0.0,0.0,0.0,0.0,1.0,0.0,0.0,0.0,False
0.45000000000000284,0.26923076923076916,0.696969696969697,0.07029837301880003,0.5971049457177322,0.017496537672300652,0.25799948998255645,0.045096454219030524,0.8484848484848485,0.15,0.0,0.02611116844966459,0.11414560573752223,0.10587733590506189,0.0,0.0,0.0,0.0,0.0,0.0,0.0,1.0,0.0,0.0,0.0,0.0,0.0,0.0,0.0,0.0,0.0,0.0,1.0,0.0,0.0,0.0,0.0,0.0,0.0,1.0,0.0,0.0,False
0.9000000000000057,0.3717948717948718,0.7272727272727273,0.12210815397946176,0.6501809408926418,0.5576921682509988,0.7903957973768995,0.6606507704967086,0.5353535353535355,0.46,0.0,0.720962001697279,0.18323051170154153,0.26379079688020746,1.0,0.0,0.0,0.0,0.0,0.0,0.0,0.0,0.0,0.0,0.0,0.0,0.0,0.0,0.0,0.0,0.0,0.0,1.0,0.0,0.0,0.0,0.0,0.0,0.0,1.0,0.0,0.0,False
0.5,0.23717948717948711,0.6060606060606062,0.001946834215108417,0.34740651387213517,0.13713718068637473,0.2000714399547777,0.05062522441651706,0.7878787878787881,0.21,0.0,0.21462935564666752,0.005116642420976532,0.10376668917399683,0.0,0.0,0.0,0.0,1.0,0.0,0.0,0.0,0.0,0.0,0.0,0.0,0.0,0.0,0.0,0.0,0.0,0.0,1.0,0.0,0.0,0.0,0.0,1.0,0.0,0.0,0.0,0.0,False
0.3500000000000085,0.40384615384615385,0.7878787878787878,0.2354991398315724,0.7334137515078409,0.09363149231762052,0.19756054728768674,0.23844451675643327,0.4444444444444445,0.56,0.0,0.11613895603180545,0.3157845131871476,0.10587733590506189,0.0,0.0,0.0,0.0,0.0,0.0,0.0,1.0,0.0,0.0,0.0,0.0,0.0,0.0,0.0,0.0,0.0,0.0,1.0,0.0,0.0,0.0,0.0,0.0,0.0,1.0,0.0,0.0,False
0.10000000000000853,0.19871794871794868,0.5,0.010870383160517336,0.3787696019300363,0.18789381711658798,0.28587810031259686,0.013489878815080791,0.9494949494949495,0.05,0.0,0.312859249322994,0.026643626186415182,0.26379079688020746,1.0,0.0,0.0,0.0,0.0,0.0,0.0,0.0,0.0,0.0,0.0,0.0,0.0,0.0,0.0,0.0,0.0,0.0,1.0,0.0,0.0,0.0,0.0,1.0,0.0,0.0,0.0,0.0,False
0.45000000000000284,0.26923076923076916,0.6818181818181819,0.009925650751501848,0.47527141133896267,0.09363149231762052,0.22041848061274144,0.11168776929982047,0.6565656565656567,0.34,0.0,0.13954618080316206,0.0198311680969242,0.26379079688020746,1.0,0.0,0.0,0.0,0.0,0.0,0.0,0.0,0.0,0.0,0.0,0.0,0.0,0.0,0.0,0.0,0.0,0.0,1.0,0.0,0.0,0.0,0.0,0.0,0.0,1.0,0.0,0.0,False
0.5,0.10897435897435892,0.6666666666666667,0.11105299665692878,0.6019300361881785,0.07187864813324342,0.2596132870472326,0.2176413749251945,0.5353535353535355,0.46,0.0,0.14089659761689416,0.179007653691556,0.10587733590506189,0.0,0.0,0.0,0.0,0.0,0.0,0.0,1.0,0.0,0.0,0.0,0.0,0.0,0.0,0.0,0.0,0.0,0.0,1.0,0.0,0.0,0.0,0.0,0.0,1.0,0.0,0.0,0.0,False
0.30000000000001137,0.4294871794871794,0.7121212121212122,0.05568631307746582,0.5934861278648975,0.5431902721280807,0.8003288606489021,0.38947021992818676,0.6666666666666669,0.34,0.6153846153846154,0.6535355957528923,0.0909202566727513,0.10798196182103102,0.0,0.0,0.0,0.0,0.0,0.0,1.0,0.0,0.0,0.0,0.0,0.0,0.0,0.0,0.0,0.0,0.0,0.0,1.0,0.0,0.0,0.0,0.0,0.0,1.0,0.0,0.0,0.0,True
0.75,0.21153846153846156,0.6363636363636362,0.06929999649823161,0.5548854041013269,0.20239571323950606,0.11111108699827701,0.0959110487731897,0.5252525252525254,0.47,0.0,0.32995495153939,0.12040411964774606,0.26379079688020746,1.0,0.0,0.0,0.0,0.0,0.0,0.0,0.0,0.0,0.0,0.0,0.0,0.0,0.0,0.0,0.0,0.0,0.0,1.0,0.0,0.0,0.0,0.0,0.0,0.0,1.0,0.0,0.0,False
0.9500000000000028,0.20512820512820507,0.7424242424242424,0.11681079796360992,0.6574185765983113,0.042874855887407276,0.22173664830307283,0.21619947636146022,0.494949494949495,0.5,0.0,0.07074599787196811,0.17348126601317512,0.26379079688020746,1.0,0.0,0.0,0.0,0.0,0.0,0.0,0.0,0.0,0.0,0.0,0.0,0.0,0.0,0.0,0.0,0.0,0.0,1.0,0.0,0.0,0.0,0.0,0.0,0.0,1.0,0.0,0.0,False
0.75,0.19871794871794868,0.37878787878787884,0.028728656907908705,0.3486127864897467,0.2749051938540964,0.549770770395284,0.2734143850987433,0.6565656565656567,0.34,0.0,0.4576699033912887,0.07584400169515831,0.26379079688020746,1.0,0.0,0.0,0.0,0.0,0.0,0.0,0.0,0.0,0.0,0.0,0.0,0.0,0.0,0.0,0.0,0.0,0.0,1.0,0.0,0.0,0.0,0.0,1.0,0.0,0.0,0.0,0.0,False
0.9500000000000028,0.3717948717948718,0.8181818181818181,0.13283325100452326,0.718938480096502,0.2966580380384735,0.7460920661316315,0.7402172351885099,0.48484848484848486,0.51,0.07692307692307693,0.3834694029596005,0.18145928179251739,0.1082061137053058,0.0,0.0,0.0,1.0,0.0,0.0,0.0,0.0,0.0,0.0,0.0,0.0,0.0,0.0,0.0,0.0,0.0,1.0,0.0,0.0,0.0,0.0,0.0,0.0,0.0,1.0,0.0,0.0,True
0.75,0.2564102564102564,0.6666666666666667,0.06747609670543199,0.5741857659831122,0.41992415508327713,0.6198527428876695,0.5848337298025135,0.5050505050505052,0.49,0.0,0.6378630959131635,0.11359728322849087,0.2859195739287712,0.0,1.0,0.0,0.0,0.0,0.0,0.0,0.0,0.0,0.0,0.0,0.0,0.0,0.0,0.0,0.0,0.0,0.0,1.0,0.0,0.0,0.0,0.0,1.0,0.0,0.0,0.0,0.0,False
0.4000000000000057,0.2435897435897436,0.5909090909090908,0.033520864206637115,0.4873341375150785,0.14438812874783377,0.1481452870455585,0.16760500448833035,0.4545454545454546,0.54,0.0,0.22372661901363117,0.06556623582328701,0.10376668917399683,0.0,0.0,0.0,0.0,1.0,0.0,0.0,0.0,0.0,0.0,0.0,0.0,0.0,0.0,0.0,0.0,0.0,0.0,1.0,0.0,0.0,0.0,0.0,0.0,0.0,1.0,0.0,0.0,False
0.6500000000000057,0.5769230769230769,0.9393939393939394,0.5408533437045282,0.9059107358262969,0.3329127783457687,0.471987080322818,0.45724405296229803,0.494949494949495,0.5,0.07692307692307693,0.3401492745450147,0.5941675012965162,0.10800812381772883,0.0,0.0,0.0,0.0,0.0,1.0,0.0,0.0,0.0,0.0,0.0,0.0,0.0,0.0,0.0,0.0,0.0,0.0,1.0,0.0,0.0,0.0,0.0,0.0,0.0,1.0,0.0,0.0,False
0.0,0.1923076923076923,0.6363636363636362,0.07948492712223929,0.5621230398069964,0.3474146744686868,0.29283053310215806,0.39270068821065235,0.41414141414141414,0.58,0.0,0.5845738636769449,0.1364681268277475,0.10376668917399683,0.0,0.0,0.0,0.0,1.0,0.0,0.0,0.0,0.0,0.0,0.0,0.0,0.0,0.0,0.0,0.0,0.0,0.0,1.0,0.0,0.0,0.0,0.0,0.0,1.0,0.0,0.0,0.0,False
0.4000000000000057,0.423076923076923,0.6666666666666667,0.03650258274045414,0.5392038600723764,0.18136796386127485,0.19709191780153248,0.030117399760622384,0.8585858585858587,0.14,0.0,0.2198174686147732,0.06509330473508153,0.1082061137053058,0.0,0.0,0.0,1.0,0.0,0.0,0.0,0.0,0.0,0.0,0.0,0.0,0.0,0.0,0.0,0.0,0.0,0.0,1.0,0.0,0.0,0.0,0.0,0.0,1.0,0.0,0.0,0.0,False
0.4000000000000057,0.32692307692307687,0.46969696969696967,0.016593911840373003,0.3799758745476478,0.11538433650199763,0.20769143569538334,0.17284164422501497,0.5353535353535355,0.46,0.0,0.15830986705712402,0.04057962690571011,0.10376668917399683,0.0,0.0,0.0,0.0,1.0,0.0,0.0,0.0,0.0,0.0,0.0,0.0,0.0,0.0,0.0,0.0,0.0,0.0,1.0,0.0,0.0,0.0,0.0,0.0,1.0,0.0,0.0,0.0,False
0.6000000000000085,0.20512820512820507,0.5909090909090908,0.028213077391316656,0.47889022919179736,0.2894070899770145,0.28699618745607275,0.03537934619988031,0.8888888888888891,0.11,0.0,0.47672393682132747,0.056061981766390746,0.10376668917399683,0.0,0.0,0.0,0.0,1.0,0.0,0.0,0.0,0.0,0.0,0.0,0.0,0.0,0.0,0.0,0.0,0.0,0.0,1.0,0.0,0.0,0.0,0.0,0.0,1.0,0.0,0.0,0.0,False
0.5,0.423076923076923,0.696969696969697,0.06972318893381584,0.5958986731001207,0.3619165705916048,0.252992384197309,0.5551270870736087,0.30303030303030304,0.69,0.07692307692307693,0.4387734226924544,0.11342339290452375,0.10798196182103102,0.0,0.0,0.0,0.0,0.0,0.0,1.0,0.0,0.0,0.0,0.0,0.0,0.0,0.0,0.0,0.0,0.0,0.0,1.0,0.0,0.0,0.0,0.0,0.0,1.0,0.0,0.0,0.0,False
0.3500000000000085,0.23076923076923073,0.5606060606060606,0.03255825042710398,0.46682750301568154,0.2894070899770145,0.1939275294385798,0.28160416666666666,0.393939393939394,0.6,0.0,0.4574261144113757,0.06621950686428325,0.10587733590506189,0.0,0.0,0.0,0.0,0.0,0.0,0.0,1.0,0.0,0.0,0.0,0.0,0.0,0.0,0.0,0.0,0.0,0.0,1.0,0.0,0.0,0.0,0.0,0.0,0.0,1.0,0.0,0.0,False
0.4000000000000057,0.23076923076923073,0.6212121212121213,0.03418545514420952,0.5078407720144753,0.21689760936242414,0.4680491014325674,0.029551922501496113,0.9393939393939394,0.06,0.0,0.3428452938522874,0.06439933623076803,0.10376668917399683,0.0,0.0,0.0,0.0,1.0,0.0,0.0,0.0,0.0,0.0,0.0,0.0,0.0,0.0,0.0,0.0,0.0,0.0,1.0,0.0,0.0,0.0,0.0,0.0,1.0,0.0,0.0,0.0,False
0.25,0.2628205128205128,0.6515151515151516,0.034236119027342846,0.5271411338962605,0.2894070899770145,0.3252595400830664,0.06383972172351886,0.8282828282828283,0.17,0.0,0.4353913412269357,0.062329775549795775,0.10376668917399683,0.0,0.0,0.0,0.0,1.0,0.0,0.0,0.0,0.0,0.0,0.0,0.0,0.0,0.0,0.0,0.0,0.0,0.0,1.0,0.0,0.0,0.0,0.0,0.0,1.0,0.0,0.0,0.0,False
0.6500000000000057,0.2948717948717948,0.7272727272727273,0.15982592485801075,0.6658624849215923,0.44167699926765425,0.585223896216116,0.42136408587672053,0.5656565656565656,0.43,0.0,0.6339226260799165,0.23457447586295943,0.26379079688020746,1.0,0.0,0.0,0.0,0.0,0.0,0.0,0.0,0.0,0.0,0.0,0.0,0.0,0.0,0.0,0.0,0.0,0.0,1.0,0.0,0.0,0.0,0.0,0.0,0.0,1.0,0.0,0.0,False
0.25,0.6474358974358975,0.8484848484848486,0.17120816224959562,0.7575392038600725,0.5431902721280807,0.36659026739085154,0.625212776780371,0.35353535353535354,0.64,0.38461538461538464,0.517860510620895,0.22268838811896025,0.26379079688020746,1.0,0.0,0.0,0.0,0.0,0.0,0.0,0.0,0.0,0.0,0.0,0.0,0.0,0.0,0.0,0.0,0.0,0.0,1.0,0.0,0.0,0.0,0.0,0.0,0.0,1.0,0.0,0.0,False
0.05000000000001137,0.3076923076923077,0.7878787878787878,0.06762734329772706,0.6550060313630881,0.028372959764489204,0.24157567116037063,0.10200152603231598,0.696969696969697,0.3,0.15384615384615385,0.039980314104210615,0.10076193435775725,0.10798196182103102,0.0,0.0,0.0,0.0,0.0,0.0,1.0,0.0,0.0,0.0,0.0,0.0,0.0,0.0,0.0,0.0,0.0,0.0,1.0,0.0,0.0,0.0,0.0,0.0,0.0,0.0,0.0,1.0,True
0.05000000000001137,0.3076923076923077,0.6818181818181819,0.11187404958653056,0.6127864897466828,0.21689760936242414,0.8381748149504897,0.42703618342309996,0.6565656565656567,0.35,0.0,0.30568394664393445,0.17736896772883784,0.10376668917399683,0.0,0.0,0.0,0.0,1.0,0.0,0.0,0.0,0.0,0.0,0.0,0.0,0.0,0.0,0.0,0.0,0.0,0.0,1.0,0.0,1.0,0.0,0.0,0.0,0.0,0.0,0.0,0.0,False
0.25,0.14102564102564097,0.696969696969697,0.09318578222427858,0.6127864897466828,0.18789381711658798,0.44787899041719975,0.2870017803710353,0.595959595959596,0.4,0.0,0.34608051702101456,0.14773234834020618,0.06499789513728779,0.0,0.0,0.0,0.0,0.0,0.0,0.0,0.0,1.0,0.0,0.0,0.0,0.0,0.0,0.0,0.0,0.0,0.0,1.0,0.0,0.0,0.0,0.0,0.0,1.0,0.0,0.0,0.0,False
0.05000000000001137,0.22435897435897434,0.7121212121212122,0.04815006046138406,0.5850422195416165,0.18064286905512894,0.2847555721017823,0.20640875972471576,0.5656565656565656,0.43,0.0,0.2884778636890465,0.07965833204846332,0.26379079688020746,1.0,0.0,0.0,0.0,0.0,0.0,0.0,0.0,0.0,0.0,0.0,1.0,0.0,0.0,0.0,0.0,0.0,0.0,0.0,0.0,0.0,0.0,0.0,0.0,0.0,1.0,0.0,0.0,False
0.25,0.2948717948717948,0.7424242424242424,0.11130855124391009,0.6550060313630881,0.21689760936242414,0.5765581647519414,0.13375443596648715,0.8080808080808083,0.19,0.0,0.3113092881938227,0.16587472590715266,0.26379079688020746,1.0,0.0,0.0,0.0,0.0,0.0,0.0,0.0,0.0,0.0,0.0,0.0,0.0,0.0,0.0,0.0,0.0,0.0,1.0,0.0,0.0,0.0,0.0,0.0,0.0,1.0,0.0,0.0,False
0.5,0.32692307692307687,0.696969696969697,0.09989949179654875,0.6164053075995175,0.2749051938540964,0.4128687932460558,0.3916796454219031,0.5050505050505052,0.5,0.0,0.37721954002001384,0.15751662676256717,0.10376668917399683,0.0,0.0,0.0,0.0,1.0,0.0,0.0,0.0,0.0,0.0,0.0,0.0,0.0,0.0,0.0,0.0,0.0,0.0,1.0,0.0,0.0,0.0,0.0,0.0,1.0,0.0,0.0,0.0,False
0.6000000000000085,0.1923076923076923,0.8030303030303032,0.06243727550498108,0.6598311218335344,0.012420874029279327,0.09835957358251013,0.062178336325553564,0.6060606060606061,0.39,0.3076923076923077,0.02105799585634443,0.0923911780003968,0.2859195739287712,0.0,1.0,0.0,0.0,0.0,0.0,0.0,0.0,0.0,0.0,0.0,0.0,0.0,0.0,0.0,0.0,0.0,0.0,1.0,0.0,0.0,0.0,0.0,0.0,1.0,0.0,0.0,0.0,False
0.10000000000000853,0.19871794871794868,0.30303030303030304,0.03437916999148399,0.30759951749095304,0.1081333884405386,0.23444919193423427,0.05468591412327948,0.8080808080808083,0.19,0.0,0.18011614976039061,0.10123706403525812,0.10587733590506189,0.0,0.0,0.0,0.0,0.0,0.0,0.0,1.0,0.0,0.0,0.0,0.0,0.0,0.0,0.0,0.0,0.0,0.0,1.0,0.0,0.0,0.0,0.0,0.0,0.0,1.0,0.0,0.0,False
0.9000000000000057,0.14102564102564097,0.5,0.023891001125781283,0.4149577804583836,0.03562390782594824,0.18974605914952958,0.04826763913824058,0.7878787878787881,0.21,0.0,0.06582931003002085,0.05402537497494599,0.10587733590506189,0.0,0.0,0.0,0.0,0.0,0.0,0.0,1.0,0.0,0.0,0.0,0.0,0.0,0.0,0.0,0.0,0.0,0.0,1.0,0.0,0.0,0.0,0.0,0.0,0.0,1.0,0.0,0.0,False
0.6500000000000057,0.39743589743589736,0.8484848484848486,0.12230559411226073,0.7346200241254525,0.25315234966971933,0.6448188346022359,0.2585757330939557,0.7070707070707071,0.29,0.07692307692307693,0.31672086676481526,0.16372645995770413,0.1082061137053058,0.0,0.0,0.0,1.0,0.0,0.0,0.0,0.0,0.0,0.0,0.0,0.0,0.0,0.0,0.0,0.0,0.0,0.0,1.0,0.0,0.0,0.0,0.0,0.0,1.0,0.0,0.0,0.0,False
0.20000000000000284,0.3205128205128205,0.5909090909090908,0.06206549200963508,0.5186972255729796,0.3256618302843097,0.7368093905834088,0.29596050269299823,0.7070707070707071,0.29,0.0,0.450835182255322,0.1147159911871424,0.10376668917399683,0.0,0.0,0.0,0.0,1.0,0.0,0.0,0.0,0.0,0.0,0.0,0.0,0.0,0.0,0.0,0.0,0.0,0.0,1.0,0.0,1.0,0.0,0.0,0.0,0.0,0.0,0.0,0.0,False
0.25,0.3012820512820512,0.6060606060606062,0.057732239887526175,0.525934861278649,0.3619165705916048,0.1449054315400634,0.20434217534410534,0.40404040404040403,0.59,0.0,0.51471652469092,0.10535806090006115,0.26379079688020746,1.0,0.0,0.0,0.0,0.0,0.0,0.0,0.0,0.0,0.0,0.0,0.0,0.0,0.0,0.0,0.0,0.0,0.0,1.0,0.0,0.0,0.0,0.0,0.0,1.0,0.0,0.0,0.0,False
0.0,0.21153846153846156,0.5757575757575757,0.011117742119344735,0.4221954161640531,0.11538433650199763,0.11937146449768142,0.0029922202274087375,0.9797979797979799,0.03,0.0,0.18816118609751808,0.024730669396758127,0.10376668917399683,0.0,0.0,0.0,0.0,1.0,0.0,0.0,0.0,0.0,0.0,0.0,0.0,0.0,0.0,0.0,0.0,0.0,0.0,1.0,0.0,0.0,0.0,0.0,0.0,1.0,0.0,0.0,0.0,False
0.75,0.19871794871794868,0.6060606060606062,0.0005453818007881214,0.28106151990349826,0.03562390782594824,0.5045688817217279,0.24868310143626574,0.6565656565656567,0.34,0.0,0.05944060470347844,0.001696581850790563,0.10587733590506189,0.0,0.0,0.0,0.0,0.0,0.0,0.0,1.0,0.0,0.0,0.0,0.0,0.0,0.0,0.0,0.0,0.0,0.0,1.0,0.0,0.0,0.0,0.0,0.0,1.0,0.0,0.0,0.0,False
0.5500000000000114,0.1794871794871794,0.4393939393939394,0.02952214272462913,0.3872135102533173,0.11538433650199763,0.28828111302107146,0.0238827947336924,0.9191919191919193,0.08,0.0,0.19854900774161127,0.07102661997697854,0.10798196182103102,0.0,0.0,0.0,0.0,0.0,0.0,1.0,0.0,0.0,0.0,0.0,0.0,0.0,0.0,0.0,0.0,0.0,0.0,1.0,0.0,0.0,0.0,0.0,0.0,1.0,0.0,0.0,0.0,False
0.15000000000000568,0.28205128205128205,0.6060606060606062,0.2069060833167558,0.5922798552472859,0.5504412201895397,0.9847063591852487,0.8168444045481748,0.5353535353535355,0.46,0.0,0.8048094619755652,0.3385796141157787,0.26379079688020746,1.0,0.0,0.0,0.0,0.0,0.0,0.0,0.0,0.0,0.0,0.0,0.0,0.0,0.0,0.0,0.0,0.0,0.0,1.0,0.0,0.0,0.0,0.0,0.0,1.0,0.0,0.0,0.0,False
0.05000000000001137,0.16666666666666663,0.5606060606060606,0.02072823371547312,0.44390832328106156,0.38366941477598193,0.3498677499750083,0.0673488853979653,0.8282828282828283,0.17,0.0,0.6746147034936029,0.04410769993159677,0.10800812381772883,0.0,0.0,0.0,0.0,0.0,1.0,0.0,0.0,0.0,0.0,0.0,0.0,0.0,0.0,0.0,0.0,0.0,0.0,1.0,0.0,0.0,0.0,0.0,0.0,1.0,0.0,0.0,0.0,False
0.4000000000000057,0.3012820512820512,0.6515151515151516,0.03985682982672207,0.5343787696019301,0.14438812874783377,0.3034993719493723,0.04033135846798325,0.8787878787878789,0.12,0.0,0.20534830918138136,0.07166795316807839,0.10800812381772883,0.0,0.0,0.0,0.0,0.0,1.0,0.0,0.0,0.0,0.0,0.0,0.0,0.0,0.0,0.0,0.0,0.0,0.0,1.0,0.0,0.0,0.0,0.0,0.0,1.0,0.0,0.0,0.0,False
0.7000000000000028,0.13461538461538458,0.5606060606060606,0.01563055300373497,0.4306393244873342,0.09508168192991233,0.4064277032447492,0.013312223219628966,0.9696969696969697,0.03,0.0,0.17735785158766118,0.03417233248231449,0.06499789513728779,0.0,0.0,0.0,0.0,0.0,0.0,0.0,0.0,1.0,0.0,0.0,0.0,0.0,0.0,0.0,0.0,0.0,0.0,1.0,0.0,0.0,0.0,0.0,0.0,1.0,0.0,0.0,0.0,False
0.75,0.2435897435897436,0.7121212121212122,0.09108025084582608,0.6224366706875754,0.14438812874783377,0.10499559776293596,0.1717145197486535,0.36363636363636365,0.63,0.0,0.22372661901363117,0.14231497325152884,0.10376668917399683,0.0,0.0,0.0,0.0,1.0,0.0,0.0,0.0,0.0,0.0,0.0,0.0,0.0,0.0,0.0,0.0,0.0,0.0,1.0,0.0,0.0,0.0,0.0,0.0,0.0,1.0,0.0,0.0,False
0.05000000000001137,0.3846153846153846,0.6515151515151516,0.04140952883333743,0.5367913148371531,0.2749051938540964,0.31181649900384456,0.1303097022740874,0.696969696969697,0.3,0.0,0.349552463836234,0.07415438642992193,0.10376668917399683,0.0,0.0,0.0,0.0,1.0,0.0,0.0,0.0,0.0,0.0,0.0,0.0,0.0,0.0,0.0,0.0,0.0,0.0,1.0,0.0,0.0,0.0,0.0,0.0,1.0,0.0,0.0,0.0,False
0.6000000000000085,0.2435897435897436,0.5454545454545454,0.058123394867599626,0.48612786489746684,0.049400709142720406,0.24419531184810578,0.0948175867743866,0.7070707070707071,0.29,0.0,0.07659803863434239,0.11397754948655502,0.10798196182103102,0.0,0.0,0.0,0.0,0.0,0.0,1.0,0.0,0.0,0.0,0.0,0.0,0.0,0.0,0.0,0.0,0.0,0.0,1.0,0.0,0.0,0.0,0.0,0.0,1.0,0.0,0.0,0.0,False
0.6000000000000085,0.1282051282051282,0.6818181818181819,0.2330262953004033,0.6550060313630881,0.47068079151349035,0.4615077115142801,0.8956411654697786,0.32323232323232326,0.67,0.0,0.8874493144614484,0.34731160618705437,0.10376668917399683,0.0,0.0,0.0,0.0,1.0,0.0,0.0,0.0,0.0,0.0,0.0,0.0,0.0,0.0,0.0,0.0,0.0,0.0,1.0,0.0,0.0,0.0,0.0,0.0,0.0,1.0,0.0,0.0,False
0.10000000000000853,0.3012820512820512,0.8030303030303032,0.22014351289954617,0.7406513872135103,0.2966580380384735,0.9040695972451059,0.9434782839616996,0.47474747474747475,0.52,0.07692307692307693,0.4219060600380583,0.29248224519923216,0.10798196182103102,0.0,0.0,0.0,0.0,0.0,0.0,1.0,0.0,0.0,0.0,0.0,0.0,0.0,0.0,0.0,0.0,0.0,0.0,1.0,0.0,0.0,0.0,0.0,0.0,0.0,1.0,0.0,0.0,True
0.3500000000000085,0.32692307692307687,0.8333333333333335,0.08080069796949588,0.6972255729794934,0.18064286905512894,0.24460024728296975,0.25776379413524836,0.47474747474747475,0.52,0.07692307692307693,0.24786382417830624,0.11357702323213358,0.10798196182103102,0.0,0.0,0.0,0.0,0.0,0.0,1.0,0.0,0.0,0.0,0.0,0.0,0.0,0.0,0.0,0.0,0.0,0.0,1.0,0.0,0.0,0.0,0.0,1.0,0.0,0.0,0.0,0.0,False
0.0,0.3012820512820512,0.8787878787878789,0.10194020320687479,0.7442702050663451,0.03562390782594824,0.1696609252062411,0.6529398563734291,0.19191919191919193,0.8,0.23076923076923078,0.0506642014266121,0.13479406664323082,0.10798196182103102,0.0,0.0,0.0,0.0,0.0,0.0,1.0,0.0,0.0,0.0,0.0,0.0,0.0,0.0,0.0,0.0,0.0,1.0,0.0,0.0,0.0,0.0,0.0,0.0,0.0,1.0,0.0,0.0,False
0.45000000000000284,0.25,0.6818181818181819,0.15271435479172302,0.6308805790108565,0.2894070899770145,0.4965157772831236,0.5397203096947936,0.46464646464646464,0.53,0.0,0.44394601787501237,0.23568263372812115,0.10376668917399683,0.0,0.0,0.0,0.0,1.0,0.0,0.0,0.0,0.0,0.0,0.0,0.0,0.0,0.0,0.0,0.0,0.0,0.0,1.0,0.0,0.0,0.0,0.0,0.0,1.0,0.0,0.0,0.0,False
0.7000000000000028,0.2435897435897436,0.8333333333333335,0.4786015874186677,0.8142340168878168,0.21689760936242414,0.33275251199712097,0.32147831388390186,0.494949494949495,0.5,0.0,0.3360385124329356,0.5816657267764831,0.26379079688020746,1.0,0.0,0.0,0.0,0.0,0.0,0.0,0.0,0.0,0.0,0.0,0.0,0.0,0.0,0.0,0.0,0.0,0.0,1.0,0.0,0.0,0.0,0.0,0.0,0.0,1.0,0.0,0.0,False
0.8500000000000085,0.2948717948717948,0.5,0.03599966919464542,0.4330518697225574,0.14438812874783377,0.13003894699797722,0.21151360712148415,0.36363636363636365,0.63,0.0,0.20724046952088923,0.0783656516785983,0.10798196182103102,0.0,0.0,0.0,0.0,0.0,0.0,1.0,0.0,0.0,0.0,0.0,0.0,0.0,0.0,0.0,0.0,0.0,0.0,1.0,0.0,0.0,0.0,0.0,0.0,1.0,0.0,0.0,0.0,False
0.20000000000000284,0.17307692307692302,0.6212121212121213,0.10309727689078729,0.5657418576598312,0.30390898609993255,0.6819872664911207,0.6748546154997008,0.48484848484848486,0.51,0.0,0.5284662231580106,0.1759780197376307,0.10376668917399683,0.0,0.0,0.0,0.0,1.0,0.0,0.0,0.0,0.0,0.0,0.0,0.0,0.0,0.0,0.0,0.0,0.0,0.0,1.0,0.0,0.0,0.0,0.0,0.0,1.0,0.0,0.0,0.0,False
0.5,0.1794871794871794,0.5757575757575757,0.07887472535332471,0.5211097708082026,0.021122011703030172,0.6560674226257174,0.6938893252543388,0.47474747474747475,0.52,0.0,0.03649899009375777,0.14517864282761364,0.10587733590506189,0.0,0.0,0.0,0.0,0.0,0.0,0.0,1.0,0.0,0.0,0.0,0.0,0.0,0.0,0.0,0.0,0.0,0.0,1.0,0.0,0.0,0.0,0.0,0.0,0.0,1.0,0.0,0.0,False
0.9500000000000028,0.28846153846153844,0.6515151515151516,0.05857787970158972,0.5560916767189386,0.20239571323950606,0.5335634710446052,0.26629585577498505,0.6565656565656567,0.34,0.0,0.2931936049433491,0.10156497597964843,0.2859195739287712,0.0,1.0,0.0,0.0,0.0,0.0,0.0,0.0,0.0,0.0,0.0,0.0,0.0,0.0,0.0,0.0,0.0,0.0,1.0,0.0,0.0,0.0,0.0,0.0,1.0,0.0,0.0,0.0,False
0.25,0.2435897435897436,0.5454545454545454,0.03696153791707365,0.46320868516284686,0.07187864813324342,0.4362140658941855,0.2603954219030521,0.6161616161616162,0.38,0.0,0.11141472559432676,0.07571348515993889,0.10798196182103102,0.0,0.0,0.0,0.0,0.0,0.0,1.0,0.0,0.0,0.0,0.0,0.0,0.0,0.0,0.0,0.0,0.0,1.0,0.0,0.0,0.0,0.0,0.0,0.0,1.0,0.0,0.0,0.0,False
0.45000000000000284,0.3846153846153846,0.7424242424242424,0.11232629924920595,0.6550060313630881,0.21689760936242414,0.05878416845214883,0.4048411729503292,0.11111111111111112,0.88,0.15384615384615385,0.27577359401282103,0.16739181796651803,0.2859195739287712,0.0,1.0,0.0,0.0,0.0,0.0,0.0,0.0,0.0,0.0,0.0,0.0,0.0,0.0,0.0,0.0,0.0,1.0,0.0,0.0,0.0,0.0,0.0,0.0,1.0,0.0,0.0,0.0,False
0.5,0.23717948717948711,0.5,0.0794923776932883,0.47044632086851634,0.18789381711658798,0.31051032142027224,0.20758960203470977,0.5858585858585859,0.41,0.0,0.29403386429411577,0.16061215891763234,0.26379079688020746,1.0,0.0,0.0,0.0,0.0,0.0,0.0,0.0,0.0,0.0,0.0,0.0,0.0,0.0,0.0,0.0,0.0,0.0,1.0,0.0,0.0,0.0,0.0,0.0,0.0,1.0,0.0,0.0,False
0.75,0.26923076923076916,0.5303030303030303,0.05060576867914041,0.4692400482509047,0.26765424579263736,0.16246727193014943,0.038770975463794134,0.7979797979797981,0.2,0.0,0.39882620903972765,0.10247004501418246,0.10376668917399683,0.0,0.0,0.0,0.0,1.0,0.0,0.0,0.0,0.0,0.0,0.0,0.0,0.0,0.0,0.0,0.0,0.0,0.0,1.0,0.0,0.0,0.0,0.0,0.0,1.0,0.0,0.0,0.0,False
0.0,0.33333333333333326,0.7575757575757578,0.0160962136942986,0.5476477683956575,0.17339192099366993,0.25280526257644004,0.029078373728306406,0.8888888888888891,0.11,0.0,0.2358367709997127,0.0282714903082921,0.10376668917399683,0.0,0.0,0.0,0.0,1.0,0.0,0.0,0.0,0.0,0.0,0.0,0.0,0.0,0.0,0.0,0.0,0.0,0.0,1.0,0.0,0.0,0.0,0.0,1.0,0.0,0.0,0.0,0.0,False
0.5,0.32692307692307687,0.6060606060606062,0.08049075421385672,0.5428226779252112,0.4996845837593265,0.565180010720256,0.10345154099341712,0.8383838383838385,0.16,0.0,0.685683170104086,0.14270978477437185,0.10376668917399683,0.0,0.0,0.0,0.0,1.0,0.0,0.0,0.0,0.0,0.0,0.0,0.0,0.0,0.0,0.0,0.0,0.0,0.0,1.0,0.0,0.0,0.0,0.0,0.0,1.0,0.0,0.0,0.0,False
0.6500000000000057,0.22435897435897434,0.7424242424242424,0.17451249050983514,0.6815440289505429,0.21689760936242414,0.5136723489645314,0.3785158587672053,0.5656565656565656,0.43,0.0,0.34635286999185133,0.25062918041343024,0.10376668917399683,0.0,0.0,0.0,0.0,1.0,0.0,0.0,0.0,0.0,0.0,0.0,0.0,0.0,0.0,0.0,0.0,0.0,0.0,1.0,0.0,0.0,0.0,0.0,0.0,1.0,0.0,0.0,0.0,False
0.20000000000000284,0.21153846153846156,0.7575757575757578,0.16691663332536122,0.689987937273824,0.002269546743236678,0.34440253220513994,0.01179788300418911,0.9696969696969697,0.03,0.0,0.003829291023084733,0.23697579411019432,0.10376668917399683,0.0,0.0,0.0,0.0,1.0,0.0,0.0,0.0,0.0,0.0,0.0,0.0,0.0,0.0,0.0,0.0,0.0,0.0,1.0,0.0,0.0,0.0,0.0,1.0,0.0,0.0,0.0,0.0,False
0.05000000000001137,0.20512820512820507,0.4393939393939394,0.01888272726663135,0.367913148371532,0.18064286905512894,0.19787618859199393,0.10325397965290246,0.6464646464646466,0.35,0.0,0.297616022578963,0.04752275992829561,0.26379079688020746,1.0,0.0,0.0,0.0,0.0,0.0,0.0,0.0,0.0,1.0,0.0,0.0,0.0,0.0,0.0,0.0,0.0,0.0,0.0,0.0,0.0,0.0,0.0,1.0,0.0,0.0,0.0,0.0,False
0.05000000000001137,0.26923076923076916,0.6666666666666667,0.03272290804728728,0.5331724969843186,0.2749051938540964,0.1310090605679274,0.01739873578695392,0.8787878787878789,0.12,0.0,0.4096295435495846,0.05895436690098588,0.10798196182103102,0.0,0.0,0.0,0.0,0.0,0.0,1.0,0.0,0.0,0.0,0.0,0.0,0.0,0.0,0.0,0.0,0.0,0.0,1.0,0.0,0.0,0.0,0.0,0.0,0.0,1.0,0.0,0.0,False
0.10000000000000853,0.1217948717948718,0.6515151515151516,0.03773565224906663,0.5319662243667068,0.1298862326249157,0.3175473437542216,0.01682369090365051,0.9494949494949495,0.05,0.0,0.24810651782904117,0.06813375134618345,0.10376668917399683,0.0,0.0,0.0,0.0,1.0,0.0,0.0,0.0,0.0,0.0,0.0,0.0,0.0,0.0,0.0,0.0,0.0,0.0,1.0,0.0,0.0,0.0,0.0,0.0,1.0,0.0,0.0,0.0,False
0.4000000000000057,0.1858974358974359,0.5909090909090908,0.0946796217196067,0.5404101326899879,0.07767940658241065,0.43900434277481515,0.427268776181927,0.494949494949495,0.5,0.0,0.13226567276391066,0.1685627032599879,0.10800812381772883,0.0,0.0,0.0,0.0,0.0,1.0,0.0,0.0,0.0,0.0,1.0,0.0,0.0,0.0,0.0,0.0,0.0,0.0,0.0,0.0,0.0,0.0,0.0,0.0,0.0,1.0,0.0,0.0,False
0.5,0.39743589743589736,0.8484848484848486,0.2948556042077845,0.7937273823884199,0.26765424579263736,0.7136800406141421,0.46259630460801915,0.595959595959596,0.4,0.07692307692307693,0.3348704687413748,0.3670616464751149,0.10800812381772883,0.0,0.0,0.0,0.0,0.0,1.0,0.0,0.0,0.0,0.0,0.0,0.0,0.0,0.0,0.0,0.0,0.0,0.0,1.0,0.0,0.0,0.0,0.0,0.0,0.0,1.0,0.0,0.0,False
0.10000000000000853,0.21153846153846156,0.7424242424242424,0.09341674992679815,0.6441495778045839,0.0863805442561615,0.24408071990988153,0.15429514512268103,0.6060606060606061,0.4,0.0,0.14089659761689416,0.14138801026728115,0.10798196182103102,0.0,0.0,0.0,0.0,0.0,0.0,1.0,0.0,0.0,0.0,0.0,0.0,0.0,0.0,0.0,0.0,0.0,0.0,1.0,0.0,0.0,0.0,0.0,0.0,0.0,1.0,0.0,0.0,False
0.7000000000000028,0.1858974358974359,0.4848484848484848,0.061091702373528414,0.44752714113389636,0.47068079151349035,0.1470295173176747,0.43182143177737886,0.24242424242424243,0.75,0.0,0.8005458542377762,0.1291320408699834,0.26379079688020746,1.0,0.0,0.0,0.0,0.0,0.0,0.0,0.0,0.0,0.0,0.0,0.0,0.0,0.0,0.0,0.0,0.0,0.0,1.0,0.0,0.0,0.0,0.0,0.0,1.0,0.0,0.0,0.0,False
0.9000000000000057,0.22435897435897434,0.8030303030303032,0.028416477980954848,0.6103739445114597,0.07187864813324342,0.04158280632021701,0.14176157989228008,0.21212121212121213,0.78,0.0,0.114852844780632,0.045183625321000696,0.1082061137053058,0.0,0.0,0.0,1.0,0.0,0.0,0.0,0.0,0.0,0.0,0.0,0.0,0.0,0.0,0.0,0.0,0.0,1.0,0.0,0.0,0.0,0.0,0.0,1.0,0.0,0.0,0.0,0.0,False
0.05000000000001137,0.2948717948717948,0.696969696969697,0.02813186616688236,0.5440289505428227,0.25315234966971933,0.18140749406319204,0.03740133901855177,0.8282828282828283,0.18,0.0,0.3633436975302894,0.049746927554256457,0.26379079688020746,1.0,0.0,0.0,0.0,0.0,0.0,0.0,0.0,0.0,0.0,1.0,0.0,0.0,0.0,0.0,0.0,0.0,0.0,0.0,0.0,0.0,0.0,0.0,0.0,0.0,1.0,0.0,0.0,False
0.0,0.1217948717948718,0.6212121212121213,0.005634866884372353,0.4113389626055489,0.03562390782594824,0.07383222521856911,0.05245390484739677,0.5757575757575758,0.42,0.0,0.06827052263447202,0.012809932595128942,0.39926384018223143,0.0,0.0,1.0,0.0,0.0,0.0,0.0,0.0,0.0,0.0,0.0,0.0,0.0,0.0,0.0,0.0,0.0,0.0,1.0,0.0,0.0,0.0,0.0,1.0,0.0,0.0,0.0,0.0,False
0.30000000000001137,0.5128205128205128,0.9242424242424243,0.4140192925086743,0.8745476477683958,0.7244639736645565,0.4438960815664564,0.8553447187312987,0.32323232323232326,0.67,0.38461538461538464,0.7923546668148648,0.4702794547930246,0.2859195739287712,0.0,1.0,0.0,0.0,0.0,0.0,0.0,0.0,0.0,0.0,0.0,0.0,0.0,0.0,0.0,0.0,0.0,0.0,1.0,0.0,0.0,0.0,0.0,0.0,0.0,1.0,0.0,0.0,False
0.75,0.28205128205128205,0.5454545454545454,0.05520053584506984,0.4837153196622437,0.4344260512061952,0.058834756316930005,0.296076907540395,0.15151515151515152,0.84,0.0,0.6351870135965034,0.10873486160279854,0.26379079688020746,1.0,0.0,0.0,0.0,0.0,0.0,0.0,0.0,0.0,0.0,0.0,0.0,0.0,0.0,0.0,0.0,0.0,1.0,0.0,0.0,0.0,0.0,0.0,0.0,0.0,1.0,0.0,0.0,False
0.7000000000000028,0.3012820512820512,0.18181818181818182,0.030194929290355457,0.2279855247285887,0.11538433650199763,0.10784763105640095,0.10013444045481748,0.5050505050505052,0.49,0.0,0.16409921378010953,0.11455034710583786,0.26379079688020746,1.0,0.0,0.0,0.0,0.0,0.0,0.0,0.0,0.0,0.0,0.0,0.0,0.0,0.0,0.0,0.0,0.0,0.0,1.0,0.0,0.0,0.0,0.0,0.0,1.0,0.0,0.0,0.0,False
0.0,0.2948717948717948,0.6666666666666667,0.159968230765047,0.6224366706875754,0.3256618302843097,0.8270040269862503,0.7924525209455416,0.494949494949495,0.5,0.0,0.4674125162032229,0.24998847861946513,0.26379079688020746,1.0,0.0,0.0,0.0,0.0,0.0,0.0,0.0,0.0,0.0,0.0,0.0,0.0,0.0,0.0,0.0,0.0,0.0,1.0,0.0,0.0,0.0,0.0,0.0,1.0,0.0,0.0,0.0,False
0.6000000000000085,0.1858974358974359,0.7727272727272727,0.07789795548879844,0.6537997587454766,0.4344260512061952,0.4332401163891366,0.38252803710353084,0.5151515151515152,0.48,0.07692307692307693,0.7388963910021799,0.11627120492136431,0.39926384018223143,0.0,0.0,1.0,0.0,0.0,0.0,0.0,0.0,0.0,0.0,0.0,0.0,0.0,0.0,0.0,0.0,0.0,0.0,1.0,0.0,0.0,0.0,0.0,1.0,0.0,0.0,0.0,0.0,False
0.5500000000000114,0.23717948717948711,0.5303030303030303,0.0844447722695706,0.49336550060313633,0.30390898609993255,0.2910880690935211,0.3934635996409336,0.41414141414141414,0.58,0.0,0.4755298840597117,0.1633988644682756,0.11537708435120664,0.0,0.0,0.0,0.0,0.0,0.0,0.0,0.0,1.0,0.0,0.0,0.0,0.0,0.0,0.0,0.0,0.0,0.0,1.0,0.0,0.0,0.0,0.0,0.0,1.0,0.0,0.0,0.0,False
0.4000000000000057,0.23076923076923073,0.7424242424242424,0.17408557278872638,0.6815440289505429,0.20239571323950606,0.5207533169386385,0.18967047426690606,0.7272727272727273,0.27,0.0,0.3199291297404697,0.25001594240431857,0.10376668917399683,0.0,0.0,0.0,0.0,1.0,0.0,0.0,0.0,0.0,0.0,0.0,0.0,1.0,0.0,0.0,0.0,0.0,0.0,0.0,0.0,0.0,0.0,0.0,0.0,0.0,1.0,0.0,0.0,False
0.6500000000000057,0.34615384615384615,0.5303030303030303,0.07647042607580658,0.48854041013269,0.18064286905512894,0.1307411471740419,0.40421618043087976,0.23232323232323232,0.76,0.0,0.2414853372038631,0.14929497685263093,0.10800812381772883,0.0,0.0,0.0,0.0,0.0,1.0,0.0,0.0,0.0,0.0,0.0,0.0,0.0,0.0,0.0,0.0,0.0,1.0,0.0,0.0,0.0,0.0,0.0,0.0,0.0,1.0,0.0,0.0,False
0.4000000000000057,0.3782051282051282,0.8787878787878789,0.08139748871052221,0.7285886610373946,0.2096466613009651,0.143516509043912,0.06586104129263914,0.6767676767676769,0.32,0.38461538461538464,0.2687434353103852,0.10979488282032082,0.1082061137053058,0.0,0.0,0.0,1.0,0.0,0.0,0.0,0.0,0.0,0.0,0.0,0.0,0.0,0.0,0.0,0.0,0.0,1.0,0.0,0.0,0.0,0.0,0.0,0.0,0.0,1.0,0.0,0.0,False
0.4000000000000057,0.3846153846153846,0.8636363636363638,0.22785038359265045,0.7876960193003619,0.39092036283744097,0.5413508322443934,0.7465372905445841,0.40404040404040403,0.59,0.0,0.49711020348306,0.2856839662262609,0.10798196182103102,0.0,0.0,0.0,0.0,0.0,0.0,1.0,0.0,0.0,0.0,0.0,0.0,0.0,0.0,0.0,0.0,0.0,0.0,1.0,0.0,0.0,0.0,0.0,0.0,1.0,0.0,0.0,0.0,False
0.8000000000000114,0.1923076923076923,0.6818181818181819,0.0002190467888411307,0.2593486127864898,0.07187864813324342,0.2053057067219267,0.09812790993417116,0.6666666666666669,0.33,0.0,0.12107596373792284,0.0007078189767378527,0.10587733590506189,0.0,0.0,0.0,0.0,0.0,0.0,0.0,1.0,0.0,0.0,0.0,0.0,0.0,0.0,0.0,0.0,0.0,0.0,1.0,0.0,0.0,0.0,0.0,0.0,1.0,0.0,0.0,0.0,False
0.20000000000000284,0.10897435897435892,0.9393939393939394,0.1996425216010681,0.8347406513872137,0.013871063641571134,0.04429870888639283,0.07502326451226811,0.36363636363636365,0.63,0.07692307692307693,0.027461585263396704,0.23697159098349446,0.10798196182103102,0.0,0.0,0.0,0.0,0.0,0.0,1.0,0.0,0.0,0.0,0.0,0.0,0.0,0.0,0.0,0.0,0.0,0.0,1.0,0.0,0.0,0.0,0.0,0.0,0.0,1.0,0.0,0.0,False
0.25,0.2564102564102564,0.6666666666666667,0.052399121130639055,0.5597104945717732,0.1298862326249157,0.4647059465457634,0.24552334679832438,0.6464646464646466,0.35,0.0,0.19733877609375577,0.0903061642303669,0.10376668917399683,0.0,0.0,0.0,0.0,1.0,0.0,0.0,0.0,0.0,0.0,0.0,0.0,0.0,0.0,0.0,0.0,0.0,0.0,1.0,0.0,0.0,0.0,0.0,0.0,1.0,0.0,0.0,0.0,False
0.30000000000001137,0.3076923076923077,0.8636363636363638,0.08017559505848326,0.7177322074788902,0.1298862326249157,0.24319962920110438,0.33824961849192103,0.40404040404040403,0.59,0.15384615384615385,0.18305150085636956,0.10967951137626059,0.26379079688020746,1.0,0.0,0.0,0.0,0.0,0.0,0.0,0.0,0.0,0.0,0.0,0.0,0.0,0.0,0.0,0.0,0.0,0.0,1.0,0.0,0.0,0.0,0.0,0.0,0.0,1.0,0.0,0.0,False
0.5500000000000114,0.33333333333333326,0.8181818181818181,0.18167248928794147,0.7394451145958988,0.14438812874783377,0.6392584322809078,0.7081016232794735,0.46464646464646464,0.53,0.38461538461538464,0.19638111452893095,0.24173130031584444,0.10376668917399683,0.0,0.0,0.0,0.0,1.0,0.0,0.0,0.0,0.0,0.0,0.0,0.0,0.0,0.0,0.0,0.0,0.0,0.0,1.0,0.0,0.0,0.0,0.0,0.0,0.0,1.0,0.0,0.0,True
0.10000000000000853,0.2435897435897436,0.6363636363636362,0.08971679634385578,0.5693606755126659,0.4344260512061952,0.7227372525517497,0.7906073533812089,0.46464646464646464,0.53,0.0,0.6729741926908489,0.15223530557619447,0.10376668917399683,0.0,0.0,0.0,0.0,1.0,0.0,0.0,0.0,0.0,0.0,0.0,0.0,0.0,0.0,0.0,0.0,0.0,0.0,1.0,0.0,0.0,0.0,0.0,0.0,1.0,0.0,0.0,0.0,False
0.15000000000000568,0.39743589743589736,0.9242424242424243,0.331142865444922,0.8588661037394452,0.5069355318207855,0.5169975768203505,0.42196836475164573,0.5353535353535355,0.46,0.07692307692307693,0.6343389013546082,0.3826348510705346,0.2859195739287712,0.0,1.0,0.0,0.0,0.0,0.0,0.0,0.0,0.0,0.0,0.0,0.0,0.0,0.0,0.0,0.0,0.0,0.0,1.0,0.0,0.0,0.0,0.0,0.0,1.0,0.0,0.0,0.0,False
0.75,0.28846153846153844,0.7727272727272727,0.12017026044961217,0.6803377563329314,0.03562390782594824,0.3385610095462176,0.11363994614003592,0.7373737373737375,0.26,0.0,0.051619041597937836,0.17285609318774497,0.10798196182103102,0.0,0.0,0.0,0.0,0.0,0.0,1.0,0.0,0.0,0.0,0.0,0.0,0.0,0.0,0.0,0.0,0.0,0.0,1.0,0.0,0.0,0.0,0.0,0.0,0.0,1.0,0.0,0.0,False
0.0,0.26923076923076916,0.4848484848484848,0.007922937253525796,0.3558504221954162,0.47068079151349035,0.07702051628950174,0.006341307600239378,0.9191919191919193,0.08,0.0,0.701319575315721,0.02051155416039446,0.10376668917399683,0.0,0.0,0.0,0.0,1.0,0.0,0.0,0.0,0.0,0.0,0.0,1.0,0.0,0.0,0.0,0.0,0.0,0.0,0.0,0.0,0.0,0.0,0.0,0.0,0.0,1.0,0.0,0.0,False
0.9000000000000057,0.3717948717948718,0.7121212121212122,0.048696932376381986,0.5850422195416165,0.2894070899770145,0.12139200287626153,0.11897978755236387,0.494949494949495,0.5,0.0,0.3740946085502206,0.0805635777365449,0.26379079688020746,1.0,0.0,0.0,0.0,0.0,0.0,0.0,0.0,0.0,0.0,0.0,0.0,0.0,0.0,0.0,0.0,0.0,1.0,0.0,0.0,0.0,0.0,0.0,0.0,0.0,1.0,0.0,0.0,False
0.15000000000000568,0.2564102564102564,0.5151515151515151,0.16559713719258012,0.5150784077201448,0.5794450124353758,0.7939545106665369,0.5732809694793537,0.5656565656565656,0.43,0.0,0.8801514718138377,0.3081153488587456,0.26379079688020746,1.0,0.0,0.0,0.0,0.0,0.0,0.0,0.0,0.0,0.0,0.0,0.0,0.0,0.0,0.0,0.0,0.0,0.0,1.0,0.0,0.0,0.0,0.0,0.0,1.0,0.0,0.0,0.0,False
0.4000000000000057,0.32692307692307687,0.7575757575757578,0.043334011335298794,0.6079613992762365,0.15889002487075185,0.1815624276340478,0.030996656193895872,0.8484848484848485,0.15,0.0,0.21801250513791218,0.06918071224944068,0.26379079688020746,1.0,0.0,0.0,0.0,0.0,0.0,0.0,0.0,0.0,0.0,0.0,0.0,0.0,0.0,0.0,0.0,0.0,0.0,1.0,0.0,0.0,0.0,0.0,0.0,1.0,0.0,0.0,0.0,False
0.0,0.19871794871794868,0.7272727272727273,0.029237530910556638,0.5645355850422196,0.1298862326249157,0.13300930024605373,0.0947644973070018,0.5757575757575758,0.42,0.0,0.2163188132774643,0.04997192358499025,0.10376668917399683,0.0,0.0,0.0,0.0,1.0,0.0,0.0,0.0,0.0,0.0,0.0,0.0,0.0,0.0,0.0,0.0,0.0,0.0,1.0,0.0,0.0,0.0,0.0,1.0,0.0,0.0,0.0,0.0,False
0.6500000000000057,0.33974358974358976,0.7121212121212122,0.1293121111267573,0.6429433051869724,0.608448804681212,0.4119997934012374,0.7092534784560144,0.35353535353535354,0.64,0.0,0.8205287837003489,0.19607557782685026,0.26379079688020746,1.0,0.0,0.0,0.0,0.0,0.0,0.0,0.0,0.0,0.0,0.0,0.0,0.0,0.0,0.0,0.0,0.0,0.0,1.0,0.0,0.0,0.0,0.0,0.0,1.0,0.0,0.0,0.0,False
0.05000000000001137,0.1923076923076923,0.4393939393939394,0.013700855102039295,0.35464414957780466,0.5431902721280807,0.04113144506797305,0.016534754637941355,0.7070707070707071,0.29,0.0,0.9139013188967762,0.03560677435773192,0.39926384018223143,0.0,0.0,1.0,0.0,0.0,0.0,0.0,0.0,0.0,0.0,0.0,0.0,0.0,0.0,0.0,0.0,0.0,0.0,1.0,0.0,0.0,0.0,0.0,0.0,1.0,0.0,0.0,0.0,False
0.8500000000000085,0.2435897435897436,0.8636363636363638,0.08890393904240791,0.7237635705669483,0.05012580394886631,0.19140858394607016,0.13648547277079592,0.5757575757575758,0.42,0.0,0.07772115756853544,0.12067425461787659,0.10798196182103102,0.0,0.0,0.0,0.0,0.0,0.0,1.0,0.0,0.0,0.0,0.0,0.0,0.0,0.0,0.0,0.0,0.0,0.0,1.0,0.0,0.0,0.0,0.0,0.0,1.0,0.0,0.0,0.0,False
0.10000000000000853,0.21153846153846156,0.6212121212121213,0.09391370301576765,0.5609167671893849,0.5794450124353758,0.43966875900100877,0.5004240125673249,0.4545454545454546,0.54,0.07692307692307693,0.9443946017875013,0.16156854803338067,0.26379079688020746,1.0,0.0,0.0,0.0,0.0,0.0,0.0,0.0,0.0,0.0,0.0,0.0,0.0,0.0,0.0,0.0,0.0,0.0,1.0,0.0,0.0,0.0,0.0,0.0,1.0,0.0,0.0,0.0,False
0.30000000000001137,0.1282051282051282,0.4848484848484848,0.09198773039959648,0.46682750301568154,0.2894070899770145,0.7022429978745346,0.6549371633752245,0.5050505050505052,0.49,0.0,0.5457775905051306,0.18717177393451648,0.10376668917399683,0.0,0.0,0.0,0.0,1.0,0.0,0.0,0.0,0.0,0.0,0.0,0.0,0.0,0.0,0.0,0.0,0.0,0.0,1.0,0.0,0.0,0.0,0.0,0.0,1.0,0.0,0.0,0.0,False
0.20000000000000284,0.3782051282051282,0.5,0.06870618598562488,0.46320868516284686,0.3619165705916048,0.46130415096875954,0.2969406717534411,0.595959595959596,0.4,0.0,0.4640004237877169,0.14077806218763714,0.26379079688020746,1.0,0.0,0.0,0.0,0.0,0.0,0.0,0.0,0.0,0.0,0.0,0.0,0.0,0.0,0.0,0.0,0.0,0.0,1.0,0.0,0.0,0.0,0.0,0.0,1.0,0.0,0.0,0.0,False
0.5,0.34615384615384615,0.6666666666666667,0.013757479442011831,0.4849215922798553,0.1081333884405386,0.15589329093305027,0.002321012866546978,0.98989898989899,0.02,0.07692307692307693,0.14453233519232678,0.02700527229053647,0.10798196182103102,0.0,0.0,0.0,0.0,0.0,0.0,1.0,0.0,0.0,0.0,0.0,0.0,0.0,0.0,0.0,0.0,0.0,0.0,1.0,0.0,0.0,0.0,0.0,0.0,1.0,0.0,0.0,0.0,False
0.15000000000000568,0.21794871794871795,0.7121212121212122,0.025841560626414208,0.5476477683956575,0.1081333884405386,0.09414245074588928,0.08050991921005386,0.5252525252525254,0.47,0.0,0.17451779973197717,0.04541542294136964,0.10800812381772883,0.0,0.0,0.0,0.0,0.0,1.0,0.0,0.0,0.0,0.0,0.0,0.0,0.0,0.0,0.0,0.0,0.0,0.0,1.0,0.0,0.0,0.0,0.0,0.0,0.0,1.0,0.0,0.0,False
0.4000000000000057,0.5,0.893939393939394,0.1920868975002589,0.7985524728588661,0.3981713108989,0.27618871445268556,0.5809278500897667,0.31313131313131315,0.69,0.23076923076923078,0.44157983071703377,0.23774727579179547,0.1082061137053058,0.0,0.0,0.0,1.0,0.0,0.0,0.0,0.0,0.0,0.0,0.0,0.0,0.0,0.0,0.0,0.0,0.0,0.0,1.0,0.0,0.0,0.0,0.0,0.0,0.0,1.0,0.0,0.0,False
0.7000000000000028,0.47435897435897434,0.8030303030303032,0.1274464881360832,0.7056694813027745,0.47068079151349035,0.8954431843404587,0.3427693147815679,0.7171717171717172,0.28,0.23076923076923078,0.5372981462609593,0.17716375575528134,0.26379079688020746,1.0,0.0,0.0,0.0,0.0,0.0,0.0,0.0,0.0,0.0,0.0,0.0,0.0,0.0,0.0,0.0,0.0,0.0,1.0,0.0,0.0,0.0,0.0,0.0,1.0,0.0,0.0,0.0,False
0.0,0.1858974358974359,0.7575757575757578,0.031743157954341406,0.5886610373944512,0.05737675201032534,0.0634668748072728,0.021405071813285458,0.7373737373737375,0.26,0.15384615384615385,0.09774197335197665,0.0522011427833037,0.10798196182103102,0.0,0.0,0.0,0.0,0.0,0.0,1.0,0.0,0.0,0.0,0.0,0.0,0.0,0.0,0.0,0.0,0.0,1.0,0.0,0.0,0.0,0.0,0.0,0.0,0.0,1.0,0.0,0.0,False
0.7000000000000028,0.34615384615384615,0.6515151515151516,0.070579259547348,0.5669481302774427,0.20239571323950606,0.2371119489528684,0.16877790993417116,0.5757575757575758,0.42,0.0,0.27057123780732395,0.12022211761919592,0.26379079688020746,1.0,0.0,0.0,0.0,0.0,0.0,0.0,0.0,0.0,0.0,0.0,0.0,0.0,0.0,0.0,0.0,0.0,0.0,1.0,0.0,0.0,0.0,0.0,0.0,1.0,0.0,0.0,0.0,False
0.0,0.15384615384615385,0.409090909090909,0.01539138967306149,0.3413751507840772,0.1081333884405386,0.09848445050565312,0.0226791591861161,0.8080808080808083,0.19,0.0,0.19468043968105248,0.04136956156568997,0.26379079688020746,1.0,0.0,0.0,0.0,0.0,0.0,0.0,0.0,0.0,0.0,0.0,0.0,0.0,0.0,0.0,0.0,0.0,1.0,0.0,0.0,0.0,0.0,0.0,0.0,0.0,1.0,0.0,0.0,False
0.9000000000000057,0.16666666666666663,0.6363636363636362,0.0168815038828651,0.47889022919179736,0.3619165705916048,0.0632635002750439,0.34676294135248353,0.1414141414141414,0.85,0.0,0.63637818247557,0.033527438265389745,0.39926384018223143,0.0,0.0,1.0,0.0,0.0,0.0,0.0,0.0,0.0,0.0,0.0,1.0,0.0,0.0,0.0,0.0,0.0,0.0,0.0,0.0,0.0,0.0,0.0,1.0,0.0,0.0,0.0,0.0,False
0.5500000000000114,0.1858974358974359,0.5606060606060606,0.15313829228441214,0.5440289505428227,0.13713718068637473,0.7765106337055867,0.8670304907241173,0.4545454545454546,0.54,0.0,0.23337079247028883,0.2710008289745713,0.10376668917399683,0.0,0.0,0.0,0.0,1.0,0.0,0.0,0.0,0.0,0.0,0.0,0.0,0.0,0.0,0.0,0.0,0.0,0.0,1.0,0.0,0.0,0.0,0.0,0.0,0.0,1.0,0.0,0.0,False
0.20000000000000284,0.3782051282051282,0.7424242424242424,0.24868963081675394,0.7032569360675514,0.4344260512061952,0.46130415096875954,0.2969406717534411,0.595959595959596,0.4,0.0,0.5569799421102559,0.34685828947030767,0.26379079688020746,1.0,0.0,0.0,0.0,0.0,0.0,0.0,0.0,0.0,0.0,0.0,0.0,0.0,0.0,0.0,0.0,0.0,0.0,1.0,0.0,0.0,0.0,0.0,0.0,1.0,0.0,0.0,0.0,False
0.8500000000000085,0.3653846153846153,0.8484848484848486,0.10246621352293547,0.7237635705669483,0.03562390782594824,0.3314759337785861,0.1012751196888091,0.7575757575757577,0.24,0.07692307692307693,0.04636742065564628,0.13909015054877333,0.10376668917399683,0.0,0.0,0.0,0.0,1.0,0.0,0.0,0.0,0.0,0.0,0.0,0.0,0.0,0.0,0.0,0.0,0.0,0.0,1.0,0.0,0.0,0.0,0.0,0.0,0.0,1.0,0.0,0.0,False
0.45000000000000284,0.22435897435897434,0.5757575757575757,0.045288296121456226,0.49336550060313633,0.3619165705916048,0.5198102605520729,0.2933464018551766,0.6262626262626264,0.37,0.0,0.5778528952030707,0.08761141917903245,0.26379079688020746,1.0,0.0,0.0,0.0,0.0,0.0,0.0,0.0,0.0,0.0,0.0,0.0,0.0,0.0,0.0,0.0,0.0,0.0,1.0,0.0,0.0,0.0,0.0,1.0,0.0,0.0,0.0,0.0,False
0.30000000000001137,0.4871794871794871,0.7575757575757578,0.07031401921800297,0.6369119420989143,0.5069355318207855,0.425556845127147,0.29893632555356076,0.5757575757575758,0.42,0.0,0.5703582900703333,0.1075348716677723,0.26379079688020746,1.0,0.0,0.0,0.0,0.0,0.0,0.0,0.0,0.0,0.0,0.0,0.0,0.0,0.0,0.0,0.0,0.0,0.0,1.0,0.0,0.0,0.0,0.0,0.0,1.0,0.0,0.0,0.0,False
0.05000000000001137,0.1217948717948718,0.696969696969697,0.008177746783402213,0.4728588661037395,0.07187864813324342,0.28367837688025915,0.05800949281867146,0.8282828282828283,0.17,0.0,0.13743821309392168,0.016407014957569393,0.39926384018223143,0.0,0.0,1.0,0.0,0.0,0.0,0.0,0.0,0.0,0.0,0.0,0.0,0.0,0.0,0.0,0.0,0.0,0.0,1.0,0.0,1.0,0.0,0.0,0.0,0.0,0.0,0.0,0.0,False
0.8000000000000114,0.28205128205128205,0.6666666666666667,0.14552380867231568,0.617611580217129,0.3619165705916048,0.9869227850610679,0.669509275882705,0.5858585858585859,0.41,0.0,0.52917298335959,0.22905979182032532,0.26379079688020746,1.0,0.0,0.0,0.0,0.0,0.0,0.0,0.0,0.0,0.0,0.0,0.0,0.0,0.0,0.0,0.0,0.0,0.0,1.0,0.0,0.0,0.0,0.0,0.0,1.0,0.0,0.0,0.0,False
0.8000000000000114,0.47435897435897434,0.893939393939394,0.21413984274824743,0.8057901085645357,0.06100222604105486,0.3688509954323041,0.23408720077797726,0.595959595959596,0.4,0.46153846153846156,0.06948221940164485,0.2628011286662948,0.10798196182103102,0.0,0.0,0.0,0.0,0.0,0.0,1.0,0.0,0.0,0.0,0.0,0.0,0.0,0.0,0.0,0.0,0.0,0.0,1.0,0.0,0.0,0.0,0.0,0.0,0.0,1.0,0.0,0.0,True
0.9500000000000028,0.35256410256410253,0.7121212121212122,0.06330303186087698,0.600723763570567,0.21689760936242414,0.05920414771197683,0.17865936564931179,0.24242424242424243,0.76,0.0,0.2874969313788295,0.10220912388002547,0.26379079688020746,1.0,0.0,0.0,0.0,0.0,0.0,0.0,0.0,0.0,0.0,0.0,1.0,0.0,0.0,0.0,0.0,0.0,0.0,0.0,0.0,0.0,0.0,0.0,0.0,0.0,1.0,0.0,0.0,False
0.15000000000000568,0.23717948717948711,0.7424242424242424,0.06759679595642608,0.6248492159227986,0.013871063641571134,0.03484608694456567,0.041351862657091565,0.4444444444444445,0.55,0.07692307692307693,0.02178983464572183,0.10523107708024267,0.10798196182103102,0.0,0.0,0.0,0.0,0.0,0.0,1.0,0.0,0.0,0.0,0.0,0.0,0.0,0.0,0.0,0.0,0.0,0.0,1.0,0.0,0.0,0.0,0.0,0.0,0.0,1.0,0.0,0.0,False
0.30000000000001137,0.16025641025641024,0.7575757575757578,0.18827742052289598,0.6972255729794934,0.0863805442561615,0.21494853500504307,0.11290120436864154,0.6464646464646466,0.35,0.0,0.1537869399297916,0.26471242734072836,0.26379079688020746,1.0,0.0,0.0,0.0,0.0,0.0,0.0,0.0,0.0,0.0,0.0,0.0,0.0,0.0,0.0,0.0,0.0,0.0,1.0,0.0,0.0,0.0,0.0,0.0,0.0,1.0,0.0,0.0,False
0.30000000000001137,0.35256410256410253,0.8030303030303032,0.034958824419097596,0.6236429433051871,0.21689760936242414,0.3297268042936642,0.0021768402154398567,0.98989898989899,0.01,0.0,0.2874969313788295,0.05449777633671114,0.1082061137053058,0.0,0.0,0.0,1.0,0.0,0.0,0.0,0.0,0.0,0.0,0.0,0.0,0.0,0.0,0.0,0.0,0.0,0.0,1.0,0.0,0.0,0.0,0.0,1.0,0.0,0.0,0.0,0.0,False
0.15000000000000568,0.2435897435897436,0.7575757575757578,0.025766309858819128,0.5753920386007239,0.028372959764489204,0.06344973058222363,0.016256852184320766,0.7878787878787881,0.21,0.07692307692307693,0.04402758954274411,0.04326623416490021,0.10798196182103102,0.0,0.0,0.0,0.0,0.0,0.0,1.0,0.0,0.0,0.0,0.0,0.0,0.0,0.0,0.0,0.0,0.0,0.0,1.0,0.0,0.0,0.0,0.0,0.0,0.0,1.0,0.0,0.0,False
0.30000000000001137,0.16025641025641024,0.3636363636363636,0.06157747960592439,0.367913148371532,0.21689760936242414,0.14284826404413142,0.09376420556552963,0.595959595959596,0.4,0.0,0.3858131015619455,0.1550689723160011,0.26379079688020746,1.0,0.0,0.0,0.0,0.0,0.0,0.0,0.0,0.0,0.0,0.0,0.0,0.0,0.0,0.0,0.0,0.0,0.0,1.0,0.0,0.0,0.0,0.0,0.0,1.0,0.0,0.0,0.0,False
0.5,0.23717948717948711,0.6818181818181819,0.07924576379156581,0.5934861278648975,0.13713718068637473,0.2000714399547777,0.05062522441651706,0.7878787878787881,0.21,0.0,0.21462935564666752,0.12940545128980963,0.10376668917399683,0.0,0.0,0.0,0.0,1.0,0.0,0.0,0.0,0.0,0.0,0.0,0.0,0.0,0.0,0.0,0.0,0.0,0.0,1.0,0.0,0.0,0.0,0.0,1.0,0.0,0.0,0.0,0.0,False
0.10000000000000853,0.3653846153846153,0.8181818181818181,0.02722364155600706,0.6164053075995175,0.090006018286891,0.16255275278822687,0.01712627917414722,0.8989898989898991,0.1,0.0,0.11726430337658221,0.04289179551511822,0.1082061137053058,0.0,0.0,0.0,1.0,0.0,0.0,0.0,0.0,0.0,0.0,0.0,0.0,0.0,0.0,0.0,0.0,0.0,0.0,1.0,0.0,0.0,0.0,0.0,0.0,1.0,0.0,0.0,0.0,False
0.0,0.25,0.96969696969697,0.6324372531532679,0.9408926417370326,0.03199843379521872,0.0273624544478638,0.028086669658886895,0.48484848484848486,0.51,0.07692307692307693,0.049147690566271225,0.6702136943733875,0.10798196182103102,0.0,0.0,0.0,0.0,0.0,0.0,1.0,0.0,0.0,0.0,0.0,0.0,0.0,0.0,0.0,0.0,0.0,0.0,1.0,0.0,0.0,0.0,0.0,0.0,0.0,0.0,1.0,0.0,False
0.8000000000000114,0.23717948717948711,0.7272727272727273,0.06015591064977175,0.6079613992762365,0.06462770007178438,0.10738624058751431,0.11832273339317774,0.46464646464646464,0.53,0.23076923076923078,0.10119434329317006,0.09605372178431948,0.1082061137053058,0.0,0.0,0.0,1.0,0.0,0.0,0.0,0.0,0.0,0.0,0.0,0.0,0.0,0.0,0.0,0.0,0.0,0.0,1.0,0.0,0.0,0.0,0.0,0.0,0.0,1.0,0.0,0.0,False
0.0,0.1923076923076923,0.7575757575757578,0.013972800945328453,0.5379975874547649,0.028372959764489204,0.09357636579600614,0.10586385397965291,0.4545454545454546,0.54,0.0,0.04789208480018254,0.024940730230104267,0.10376668917399683,0.0,0.0,0.0,0.0,1.0,0.0,0.0,0.0,0.0,0.0,0.0,0.0,0.0,0.0,0.0,0.0,0.0,1.0,0.0,0.0,0.0,0.0,0.0,0.0,0.0,1.0,0.0,0.0,False
0.15000000000000568,0.3653846153846153,0.9848484848484849,0.43599177158933344,0.9264173703256937,0.021122011703030172,0.0046688251132328785,0.10676633752244166,0.04040404040404041,0.95,0.0,0.027461585263396704,0.4688819195692404,0.26379079688020746,1.0,0.0,0.0,0.0,0.0,0.0,0.0,0.0,0.0,0.0,0.0,0.0,0.0,0.0,0.0,0.0,1.0,0.0,0.0,0.0,0.0,0.0,0.0,0.0,0.0,1.0,0.0,0.0,False
0.9000000000000057,0.46153846153846145,0.8484848484848486,0.20004112715219058,0.7683956574185766,0.1081333884405386,0.38109663020025925,0.33008290694195097,0.5252525252525254,0.47,0.46153846153846156,0.1251417347900195,0.25673916731279756,0.1082061137053058,0.0,0.0,0.0,1.0,0.0,0.0,0.0,0.0,0.0,0.0,0.0,0.0,0.0,0.0,0.0,0.0,0.0,0.0,1.0,0.0,0.0,0.0,0.0,0.0,0.0,1.0,0.0,0.0,True
0.0,0.27564102564102566,0.5757575757575757,0.04358882086517521,0.49095295536791317,0.5794450124353758,0.13467203430754748,0.11956223070017954,0.5151515151515152,0.48,0.0,0.8552161329561353,0.08469959018232304,0.26379079688020746,1.0,0.0,0.0,0.0,0.0,0.0,0.0,0.0,0.0,0.0,0.0,0.0,0.0,0.0,0.0,0.0,0.0,0.0,1.0,0.0,0.0,0.0,0.0,0.0,1.0,0.0,0.0,0.0,False
0.05000000000001137,0.14743589743589736,0.5303030303030303,0.006189934427524198,0.367913148371532,0.0863805442561615,0.1332258042164532,0.010026638240574507,0.9292929292929295,0.07,0.0,0.15738424476129786,0.015550170331811051,0.10376668917399683,0.0,0.0,0.0,0.0,1.0,0.0,0.0,0.0,0.0,0.0,0.0,0.0,0.0,0.0,0.0,0.0,0.0,0.0,1.0,0.0,0.0,0.0,0.0,1.0,0.0,0.0,0.0,0.0,False
0.7000000000000028,0.25,0.6818181818181819,0.020085249433942864,0.5150784077201448,0.0863805442561615,0.1954098771104739,0.005984440454817475,0.9696969696969697,0.03,0.0,0.13255578788501934,0.037332196738276494,0.10376668917399683,0.0,0.0,0.0,0.0,1.0,0.0,0.0,0.0,0.0,0.0,0.0,0.0,0.0,0.0,0.0,0.0,0.0,0.0,1.0,0.0,0.0,0.0,0.0,0.0,0.0,1.0,0.0,0.0,False
0.30000000000001137,0.46153846153846145,0.7878787878787878,0.09306061263065508,0.675512665862485,0.38366941477598193,0.25962247920406273,0.2416058722321963,0.5050505050505052,0.49,0.15384615384615385,0.4444402880813457,0.13474315008186222,0.26379079688020746,1.0,0.0,0.0,0.0,0.0,0.0,0.0,0.0,0.0,0.0,0.0,0.0,0.0,0.0,0.0,0.0,0.0,0.0,1.0,0.0,0.0,0.0,0.0,0.0,0.0,1.0,0.0,0.0,False
0.7000000000000028,0.4423076923076923,0.8030303030303032,0.28095507380163154,0.7563329312424608,0.3981713108989,0.7861049047690227,0.6792339916217834,0.5252525252525254,0.47,0.0,0.4717487169812618,0.36601270275612785,0.26379079688020746,1.0,0.0,0.0,0.0,0.0,0.0,0.0,0.0,0.0,0.0,0.0,0.0,0.0,0.0,0.0,0.0,0.0,0.0,1.0,0.0,0.0,0.0,0.0,0.0,0.0,1.0,0.0,0.0,False
0.10000000000000853,0.4807692307692307,0.7878787878787878,0.10760636248965302,0.683956574185766,0.5069355318207855,0.6046797859464447,0.2733248503889886,0.6767676767676769,0.32,0.0,0.5744978223739226,0.15401381334367886,0.26379079688020746,1.0,0.0,0.0,0.0,0.0,0.0,0.0,0.0,0.0,0.0,0.0,0.0,0.0,0.0,0.0,0.0,0.0,0.0,1.0,0.0,0.0,0.0,0.0,0.0,0.0,1.0,0.0,0.0,False
0.05000000000001137,0.15384615384615385,0.6060606060606062,0.06945571343315608,0.5355850422195416,0.35466562253014583,0.3394793029133293,0.21531552962298026,0.595959595959596,0.4,0.0,0.6379896833613875,0.12466570740120862,0.26379079688020746,1.0,0.0,0.0,0.0,0.0,0.0,0.0,0.0,0.0,0.0,0.0,0.0,0.0,0.0,0.0,0.0,0.0,0.0,1.0,0.0,0.0,0.0,0.0,0.0,1.0,0.0,0.0,0.0,False
0.15000000000000568,0.21153846153846156,0.6666666666666667,0.1557661086934008,0.6212303980699638,0.3981713108989,0.809622999266224,0.9586910607420707,0.4444444444444445,0.55,0.0,0.6489909237836016,0.2438591518957988,0.10376668917399683,0.0,0.0,0.0,0.0,1.0,0.0,0.0,0.0,0.0,0.0,0.0,0.0,0.0,0.0,0.0,0.0,0.0,0.0,1.0,0.0,0.0,0.0,0.0,0.0,0.0,1.0,0.0,0.0,False
0.25,0.45512820512820507,0.8787878787878789,0.26979188319888775,0.810615199034982,0.10015734557293365,0.642820594566995,0.7107944195092759,0.46464646464646464,0.53,0.6153846153846154,0.11677049424320254,0.32925127936852167,0.10798196182103102,0.0,0.0,0.0,0.0,0.0,0.0,1.0,0.0,0.0,0.0,0.0,0.0,0.0,0.0,0.0,0.0,0.0,0.0,1.0,0.0,0.0,0.0,0.0,0.0,0.0,1.0,0.0,0.0,True
0.25,0.25,0.4393939393939394,0.05461194073219742,0.41254523522316044,0.5794450124353758,0.48989750187094494,0.509522815679234,0.47474747474747475,0.52,0.0,0.8887892035750025,0.12419784355884893,0.10376668917399683,0.0,0.0,0.0,0.0,1.0,0.0,0.0,0.0,0.0,0.0,0.0,0.0,0.0,0.0,0.0,0.0,0.0,0.0,1.0,0.0,0.0,0.0,0.0,0.0,1.0,0.0,0.0,0.0,False
0.45000000000000284,0.1217948717948718,0.4848484848484848,0.08082453979685274,0.4607961399276237,0.2894070899770145,0.5144244472060874,0.8953429009575106,0.35353535353535354,0.64,0.0,0.5524443558506198,0.1664012772999159,0.26379079688020746,1.0,0.0,0.0,0.0,0.0,0.0,0.0,0.0,0.0,0.0,0.0,0.0,0.0,0.0,0.0,0.0,0.0,0.0,1.0,0.0,0.0,0.0,0.0,0.0,0.0,1.0,0.0,0.0,False
0.6000000000000085,0.3846153846153846,0.6060606060606062,0.059147848386839605,0.5271411338962605,0.5069355318207855,0.29772603866295566,0.15634350688210652,0.6464646464646466,0.35,0.0,0.644667943129886,0.10771615739307752,0.10376668917399683,0.0,0.0,0.0,0.0,1.0,0.0,0.0,0.0,0.0,0.0,0.0,0.0,0.0,0.0,0.0,0.0,0.0,0.0,1.0,0.0,0.0,0.0,0.0,0.0,1.0,0.0,0.0,0.0,False
0.9000000000000057,0.14743589743589736,0.5,0.01767349958537572,0.40048250904704474,0.042874855887407276,0.11418369330289681,0.2107952274087373,0.3434343434343434,0.66,0.0,0.07824353846816011,0.04124489474544058,0.10587733590506189,0.0,0.0,0.0,0.0,0.0,0.0,0.0,1.0,0.0,0.0,0.0,0.0,0.0,0.0,0.0,0.0,0.0,0.0,1.0,0.0,0.0,0.0,0.0,0.0,0.0,1.0,0.0,0.0,False
0.30000000000001137,0.34615384615384615,0.7575757575757578,0.07229065571730746,0.6393244873341376,0.25315234966971933,0.05699916165359554,0.26040262567324957,0.1717171717171717,0.82,0.0,0.33843833921539934,0.11017102221007982,0.10376668917399683,0.0,0.0,0.0,0.0,1.0,0.0,0.0,0.0,0.0,0.0,0.0,0.0,0.0,0.0,0.0,0.0,0.0,0.0,1.0,0.0,0.0,0.0,0.0,0.0,1.0,0.0,0.0,0.0,False
0.9000000000000057,0.23076923076923073,0.5303030303030303,0.026026334788429858,0.43667068757539207,0.024747485733759688,0.19366092588828981,0.14159015559545182,0.5656565656565656,0.43,0.0,0.039206119370703264,0.05622017998151845,0.1082061137053058,0.0,0.0,0.0,1.0,0.0,0.0,0.0,0.0,0.0,1.0,0.0,0.0,0.0,0.0,0.0,0.0,0.0,0.0,0.0,0.0,0.0,0.0,0.0,0.0,1.0,0.0,0.0,0.0,False
0.10000000000000853,0.1923076923076923,0.2575757575757576,0.030251553630327995,0.2750301568154403,0.0863805442561615,0.2874386588230855,0.17915713644524237,0.6060606060606061,0.39,0.0,0.14547059005050295,0.09805690606673895,0.10376668917399683,0.0,0.0,0.0,0.0,1.0,0.0,0.0,0.0,0.0,0.0,0.0,0.0,0.0,0.0,0.0,0.0,0.0,0.0,1.0,0.0,0.0,0.0,0.0,0.0,1.0,0.0,0.0,0.0,False
0.25,0.46794871794871795,0.7424242424242424,0.23755847766952098,0.7008443908323282,0.8694829348937373,0.2768018685159157,0.9510042713943747,0.21212121212121213,0.78,0.0,1.0,0.33239836928437855,0.26379079688020746,1.0,0.0,0.0,0.0,0.0,0.0,0.0,0.0,0.0,0.0,0.0,0.0,0.0,0.0,0.0,0.0,0.0,0.0,1.0,0.0,0.0,0.0,0.0,0.0,1.0,0.0,0.0,0.0,False
0.8500000000000085,0.19871794871794868,0.893939393939394,0.04410440038176726,0.6960193003618819,0.039249381856677756,0.05138635008733867,0.2652045706163974,0.15151515151515152,0.84,0.07692307692307693,0.06547438195632405,0.06207465810432165,0.39926384018223143,0.0,0.0,1.0,0.0,0.0,0.0,0.0,0.0,0.0,0.0,0.0,0.0,0.0,0.0,0.0,0.0,1.0,0.0,0.0,0.0,0.0,0.0,0.0,0.0,1.0,0.0,0.0,0.0,False
0.5500000000000114,0.28205128205128205,0.37878787878787884,0.020939084876160332,0.33534378769601936,0.2313995054853422,0.2930509123494674,0.3349091262716936,0.4545454545454546,0.54,0.0,0.33834772893314563,0.05718173574074507,0.26379079688020746,1.0,0.0,0.0,0.0,0.0,0.0,0.0,0.0,0.0,0.0,0.0,0.0,0.0,0.0,0.0,0.0,0.0,0.0,1.0,0.0,0.0,0.0,0.0,0.0,1.0,0.0,0.0,0.0,False
0.6500000000000057,0.17307692307692302,0.696969696969697,0.180037088942682,0.6513872135102533,0.039249381856677756,0.18890121778096716,0.11192138689407541,0.6161616161616162,0.38,0.0,0.06842422861327078,0.26971212092049185,0.10376668917399683,0.0,0.0,0.0,0.0,1.0,0.0,0.0,0.0,0.0,0.0,0.0,0.0,0.0,0.0,0.0,0.0,0.0,0.0,1.0,0.0,0.0,0.0,0.0,0.0,0.0,1.0,0.0,0.0,False
0.0,0.3076923076923077,0.7727272727272727,0.12017026044961217,0.6803377563329314,0.03562390782594824,0.0922590816688102,0.24355897666068224,0.26262626262626265,0.73,0.0,0.050199684586507684,0.17285609318774497,0.10798196182103102,0.0,0.0,0.0,0.0,0.0,0.0,1.0,0.0,0.0,0.0,0.0,0.0,0.0,0.0,0.0,0.0,0.0,0.0,1.0,0.0,0.0,0.0,0.0,0.0,0.0,1.0,0.0,0.0,False
0.15000000000000568,0.2435897435897436,0.5909090909090908,0.033889667473563506,0.48854041013269,0.18064286905512894,0.26822536917786727,0.16290552812687015,0.6060606060606061,0.39,0.0,0.27988256572328335,0.06613901669285974,0.26379079688020746,1.0,0.0,0.0,0.0,0.0,0.0,0.0,0.0,0.0,0.0,0.0,0.0,0.0,0.0,0.0,0.0,0.0,0.0,1.0,0.0,0.0,0.0,0.0,0.0,0.0,1.0,0.0,0.0,False
0.05000000000001137,0.6025641025641025,0.7272727272727273,0.0755674168646656,0.6212303980699638,0.7897225062176879,0.45029175332237953,0.22075643327348893,0.6565656565656567,0.34,0.15384615384615385,0.7866452746292405,0.11828088250859102,0.1082061137053058,0.0,0.0,0.0,1.0,0.0,0.0,0.0,0.0,0.0,0.0,0.0,0.0,0.0,0.0,0.0,0.0,0.0,0.0,1.0,0.0,0.0,0.0,0.0,0.0,0.0,1.0,0.0,0.0,False
0.20000000000000284,0.46153846153846145,0.8333333333333335,0.041510856599604073,0.6537997587454766,0.20239571323950606,0.4981513301523717,0.0005057974266906045,1.0,0.0,0.0,0.23437545038968374,0.06193808107424365,0.1082061137053058,0.0,0.0,0.0,1.0,0.0,0.0,0.0,0.0,0.0,0.0,1.0,0.0,0.0,0.0,0.0,0.0,0.0,0.0,0.0,0.0,0.0,0.0,0.0,1.0,0.0,0.0,0.0,0.0,False
0.6500000000000057,0.23717948717948711,0.6060606060606062,0.05550153891545017,0.5235223160434259,0.2313995054853422,0.17386651521877822,0.036654697785757036,0.8181818181818182,0.18,0.0,0.36209487170621424,0.10171301612038204,0.10376668917399683,0.0,0.0,0.0,0.0,1.0,0.0,0.0,0.0,0.0,0.0,0.0,0.0,0.0,0.0,0.0,0.0,0.0,0.0,1.0,0.0,0.0,0.0,0.0,0.0,1.0,0.0,0.0,0.0,False
0.10000000000000853,0.2948717948717948,0.6818181818181819,0.007240464945435743,0.457177322074789,0.05737675201032534,0.21127076545818121,0.007125673249551167,0.9696969696969697,0.03,0.0,0.0823578871133691,0.01497365693559588,0.10376668917399683,0.0,0.0,0.0,0.0,1.0,0.0,0.0,0.0,0.0,0.0,0.0,0.0,0.0,0.0,0.0,0.0,0.0,0.0,1.0,0.0,0.0,0.0,0.0,0.0,1.0,0.0,0.0,0.0,False
0.15000000000000568,0.16666666666666663,0.393939393939394,0.02407055988806262,0.35102533172496986,0.4344260512061952,0.5179684886973441,0.16452833632555358,0.7474747474747475,0.25,0.0,0.7638332525356795,0.06315559689642562,0.26379079688020746,1.0,0.0,0.0,0.0,0.0,0.0,0.0,0.0,0.0,0.0,0.0,0.0,0.0,0.0,0.0,0.0,0.0,0.0,1.0,0.0,0.0,0.0,0.0,1.0,0.0,0.0,0.0,0.0,False
0.10000000000000853,0.21794871794871795,0.5303030303030303,0.038870374219832075,0.45597104945717737,0.5069355318207855,0.2593028541150922,0.13334335727109517,0.6464646464646466,0.35,0.0,0.8177060141074783,0.08076957103509347,0.26379079688020746,1.0,0.0,0.0,0.0,0.0,0.0,0.0,0.0,0.0,0.0,0.0,0.0,0.0,0.0,0.0,0.0,0.0,0.0,1.0,0.0,0.0,0.0,0.0,0.0,1.0,0.0,0.0,0.0,False
0.05000000000001137,0.27564102564102566,0.6818181818181819,0.08003254409434211,0.5934861278648975,0.2894070899770145,0.4553581740960091,0.2460832734889288,0.6363636363636365,0.36,0.0,0.4271594825655788,0.13069068469531905,0.26379079688020746,1.0,0.0,0.0,0.0,0.0,0.0,0.0,0.0,0.0,0.0,0.0,0.0,0.0,0.0,0.0,0.0,0.0,0.0,1.0,0.0,0.0,0.0,0.0,0.0,1.0,0.0,0.0,0.0,False
0.9000000000000057,0.19871794871794868,0.5151515151515151,0.025583770868118184,0.4270205066344994,0.21689760936242414,0.28034676256809266,0.15634350688210652,0.6262626262626264,0.37,0.0,0.3611294673457589,0.056386590014523626,0.1082061137053058,0.0,0.0,0.0,1.0,0.0,0.0,0.0,0.0,0.0,0.0,0.0,0.0,0.0,0.0,0.0,0.0,0.0,0.0,1.0,0.0,0.0,0.0,0.0,0.0,1.0,0.0,0.0,0.0,False
0.8000000000000114,0.32692307692307687,0.7878787878787878,0.16775780279679536,0.7129071170084439,0.3619165705916048,0.33272684216287013,0.32465589467384803,0.494949494949495,0.5,0.0,0.49662481618159016,0.23099719107019173,0.1082061137053058,0.0,0.0,0.0,1.0,0.0,0.0,0.0,0.0,0.0,0.0,0.0,0.0,0.0,0.0,0.0,0.0,0.0,0.0,1.0,0.0,0.0,0.0,0.0,0.0,0.0,1.0,0.0,0.0,False
0.9000000000000057,0.3076923076923077,0.5606060606060606,0.03113370124253173,0.4644149577804584,0.2096466613009651,0.5986065449799748,0.1927494614003591,0.7474747474747475,0.25,0.0,0.29546457616163735,0.06361844973786009,0.10376668917399683,0.0,0.0,0.0,0.0,1.0,0.0,0.0,0.0,0.0,0.0,0.0,0.0,0.0,0.0,0.0,0.0,0.0,0.0,1.0,0.0,0.0,0.0,0.0,0.0,1.0,0.0,0.0,0.0,False
0.6500000000000057,0.45512820512820507,0.9393939393939394,0.526204030907949,0.9034981905910736,0.14438812874783377,0.4384247873623934,0.9804100014961101,0.29292929292929293,0.7,0.6923076923076923,0.168408820762332,0.5795383228275103,0.1082061137053058,0.0,0.0,0.0,1.0,0.0,0.0,0.0,0.0,0.0,0.0,0.0,0.0,0.0,0.0,0.0,0.0,0.0,0.0,1.0,0.0,0.0,0.0,0.0,0.0,0.0,1.0,0.0,0.0,True
0.5,0.3653846153846153,0.893939393939394,0.5293839346316699,0.8685162846803378,0.2894070899770145,0.750700033896272,0.9571934545182526,0.42424242424242425,0.57,0.6153846153846154,0.37721954002001384,0.6052903584408176,0.1082061137053058,0.0,0.0,0.0,1.0,0.0,0.0,0.0,0.0,0.0,0.0,0.0,0.0,0.0,0.0,0.0,0.0,0.0,0.0,1.0,0.0,0.0,0.0,0.0,0.0,1.0,0.0,0.0,0.0,True
0.6000000000000085,0.3141025641025641,0.7878787878787878,0.23127690121809386,0.7322074788902292,0.12263528456345667,0.5029799251820438,0.3766407315978456,0.5555555555555557,0.44,0.0,0.1712809759258667,0.3106014167861299,0.10376668917399683,0.0,0.0,0.0,0.0,1.0,0.0,0.0,0.0,0.0,0.0,0.0,0.0,0.0,0.0,0.0,0.0,0.0,0.0,1.0,0.0,0.0,0.0,0.0,0.0,1.0,0.0,0.0,0.0,False
0.05000000000001137,0.20512820512820507,0.6666666666666667,0.027461314772470734,0.5235223160434259,0.5069355318207855,0.10456904603346885,0.0032129488330341115,0.9696969696969697,0.03,0.0,0.8349397653060563,0.05030353766404911,0.39926384018223143,0.0,0.0,1.0,0.0,0.0,0.0,0.0,0.0,0.0,0.0,0.0,0.0,0.0,0.0,0.0,0.0,0.0,0.0,1.0,0.0,0.0,0.0,0.0,1.0,0.0,0.0,0.0,0.0,False
0.0,0.33974358974358976,0.5909090909090908,0.011323377880297634,0.43184559710494574,0.3256618302843097,0.11963179784993128,0.01939812986235787,0.8585858585858587,0.14,0.0,0.4391524490635901,0.02468154827570783,0.10798196182103102,0.0,0.0,0.0,0.0,0.0,0.0,1.0,0.0,0.0,0.0,0.0,0.0,0.0,0.0,0.0,0.0,0.0,0.0,1.0,0.0,0.0,0.0,0.0,0.0,1.0,0.0,0.0,0.0,False
0.5500000000000114,0.1858974358974359,0.6060606060606062,0.08839655515396978,0.5476477683956575,0.2894070899770145,0.3292632746719233,0.8625074805505686,0.26262626262626265,0.73,0.0,0.4922985380597939,0.15546164495002332,0.26379079688020746,1.0,0.0,0.0,0.0,0.0,0.0,0.0,0.0,0.0,0.0,0.0,0.0,0.0,0.0,0.0,0.0,0.0,0.0,1.0,0.0,0.0,0.0,0.0,0.0,0.0,1.0,0.0,0.0,False
0.6500000000000057,0.3846153846153846,0.893939393939394,0.2659213115389229,0.8214716525934862,0.0863805442561615,0.1179465794318066,0.5369354278874926,0.1717171717171717,0.82,0.0,0.10977113691014183,0.32047540394499874,0.10376668917399683,0.0,0.0,0.0,0.0,1.0,0.0,0.0,0.0,0.0,0.0,0.0,0.0,0.0,0.0,0.0,0.0,0.0,1.0,0.0,0.0,0.0,0.0,0.0,0.0,0.0,1.0,0.0,0.0,False
0.8000000000000114,0.2564102564102564,0.8030303030303032,0.248469093913703,0.7490952955367914,0.1081333884405386,0.5578686110305355,0.285263315380012,0.6464646464646466,0.35,0.0,0.16429945210730018,0.3266250014054474,0.26379079688020746,1.0,0.0,0.0,0.0,0.0,0.0,0.0,0.0,0.0,0.0,0.0,0.0,0.0,0.0,0.0,0.0,0.0,0.0,1.0,0.0,0.0,0.0,0.0,0.0,1.0,0.0,0.0,0.0,False
0.6000000000000085,0.26923076923076916,0.6212121212121213,0.019504849949224357,0.47768395657418583,0.18064286905512894,0.5980497916968905,0.31796032315978456,0.6464646464646466,0.36,0.0,0.2691861949214449,0.03883333856171099,0.10376668917399683,0.0,0.0,0.0,0.0,1.0,0.0,0.0,0.0,0.0,0.0,0.0,0.0,0.0,0.0,0.0,0.0,0.0,0.0,1.0,0.0,0.0,0.0,0.0,1.0,0.0,0.0,0.0,0.0,False
0.6000000000000085,0.3076923076923077,0.7424242424242424,0.048708853290060417,0.6055488540410133,0.4344260512061952,0.27636957362606823,0.09874326750448834,0.7272727272727273,0.27,0.0,0.6122650611128466,0.07805418268475135,0.10798196182103102,0.0,0.0,0.0,0.0,0.0,0.0,1.0,0.0,0.0,0.0,0.0,0.0,0.0,0.0,0.0,0.0,0.0,0.0,1.0,0.0,0.0,0.0,0.0,0.0,1.0,0.0,0.0,0.0,False
0.6500000000000057,0.14743589743589736,0.46969696969696967,0.03551985241908866,0.4137515078407721,0.017496537672300652,0.3095306746691238,0.15049297576301618,0.6666666666666669,0.33,0.0,0.032078126463829744,0.08055283002569036,0.10376668917399683,0.0,0.0,0.0,0.0,1.0,0.0,0.0,0.0,0.0,0.0,0.0,0.0,0.0,0.0,0.0,0.0,0.0,0.0,1.0,0.0,0.0,0.0,0.0,0.0,0.0,1.0,0.0,0.0,False
0.20000000000000284,0.16666666666666663,0.409090909090909,0.022274227208144367,0.3570566948130278,0.1081333884405386,0.22651747666955419,0.029329907241172952,0.8787878787878789,0.12,0.0,0.1902854372651866,0.05756893430441299,0.10376668917399683,0.0,0.0,0.0,0.0,1.0,0.0,0.0,0.0,0.0,0.0,0.0,0.0,1.0,0.0,0.0,0.0,0.0,0.0,0.0,0.0,0.0,0.0,0.0,1.0,0.0,0.0,0.0,0.0,False
0.10000000000000853,0.21794871794871795,0.7424242424242424,0.0177897284937404,0.5440289505428227,0.1081333884405386,0.06417329903516922,0.06662209006582885,0.48484848484848486,0.52,0.0,0.17451779973197717,0.03144196211946116,0.10376668917399683,0.0,0.0,0.0,0.0,1.0,0.0,0.0,0.0,0.0,0.0,0.0,0.0,0.0,0.0,0.0,0.0,0.0,1.0,0.0,0.0,0.0,0.0,0.0,1.0,0.0,0.0,0.0,0.0,False
0.0,0.39743589743589736,0.7424242424242424,0.08424733213677163,0.6381182147165261,0.4344260512061952,0.5866255451216394,0.36618625074805505,0.6060606060606061,0.39,0.0,0.5435908914718103,0.12862631736690228,0.10376668917399683,0.0,0.0,0.0,0.0,1.0,0.0,0.0,0.0,0.0,0.0,0.0,0.0,0.0,0.0,0.0,0.0,0.0,0.0,1.0,0.0,0.0,0.0,0.0,0.0,1.0,0.0,0.0,0.0,False
0.15000000000000568,0.3717948717948718,0.7121212121212122,0.0928594472123316,0.6236429433051871,0.5431902721280807,0.3381549657821574,0.3196685068821065,0.5050505050505052,0.49,0.0,0.7022124128785191,0.14483531119036303,0.26379079688020746,1.0,0.0,0.0,0.0,0.0,0.0,0.0,0.0,0.0,0.0,0.0,0.0,0.0,0.0,0.0,0.0,0.0,0.0,1.0,0.0,0.0,0.0,0.0,0.0,0.0,1.0,0.0,0.0,False
0.4000000000000057,0.32692307692307687,0.8030303030303032,0.19040008821476123,0.7310012062726177,0.1298862326249157,0.043368464165291165,0.1499120062836625,0.21212121212121213,0.78,0.0,0.17821074641738674,0.2560921642942255,0.26379079688020746,1.0,0.0,0.0,0.0,0.0,0.0,0.0,0.0,0.0,0.0,0.0,0.0,0.0,0.0,0.0,0.0,0.0,1.0,0.0,0.0,0.0,0.0,0.0,0.0,0.0,1.0,0.0,0.0,False
0.10000000000000853,0.33333333333333326,0.6363636363636362,0.044052991441529035,0.5307599517490953,0.3619165705916048,0.24678270248139716,0.1852812537402753,0.5555555555555557,0.44,0.0,0.4922985380597939,0.07971335402935154,0.10800812381772883,0.0,0.0,0.0,0.0,0.0,1.0,0.0,0.0,0.0,0.0,0.0,0.0,0.0,0.0,0.0,0.0,0.0,0.0,1.0,0.0,0.0,0.0,0.0,0.0,0.0,1.0,0.0,0.0,False
0.8000000000000114,0.22435897435897434,0.5757575757575757,0.06468734796178453,0.51145958986731,0.2894070899770145,0.16363982996587015,0.7818015559545183,0.16161616161616163,0.83,0.0,0.46210288259746096,0.12111060738072327,0.26379079688020746,1.0,0.0,0.0,0.0,0.0,0.0,0.0,0.0,0.0,0.0,0.0,0.0,0.0,0.0,0.0,0.0,0.0,0.0,1.0,0.0,0.0,0.0,0.0,0.0,0.0,1.0,0.0,0.0,False
0.30000000000001137,0.39743589743589736,0.7878787878787878,0.05814574658074668,0.6453558504221955,0.21689760936242414,0.29706111865076373,0.022800927588270497,0.9292929292929295,0.07,0.0,0.2713468618234163,0.0878342991607252,0.1082061137053058,0.0,0.0,0.0,1.0,0.0,0.0,0.0,0.0,0.0,0.0,0.0,0.0,0.0,0.0,0.0,0.0,0.0,0.0,1.0,0.0,0.0,0.0,0.0,0.0,1.0,0.0,0.0,0.0,False
0.6000000000000085,0.2948717948717948,0.7575757575757578,3.650779814018845e-05,0.17973462002412546,0.3619165705916048,0.0,0.16519088868940754,0.0,1.0,0.0,0.5194469255396896,0.00013360769833465534,0.10798196182103102,0.0,0.0,0.0,0.0,0.0,0.0,1.0,0.0,0.0,0.0,1.0,0.0,0.0,0.0,0.0,0.0,0.0,0.0,0.0,0.0,0.0,0.0,0.0,0.0,1.0,0.0,0.0,0.0,False
0.75,0.32692307692307687,0.7121212121212122,0.08255977779416904,0.6164053075995175,0.3619165705916048,0.20427785152601974,0.33812088569718735,0.36363636363636365,0.63,0.0,0.49662481618159016,0.1301683152557407,0.26379079688020746,1.0,0.0,0.0,0.0,0.0,0.0,0.0,0.0,0.0,0.0,0.0,0.0,0.0,0.0,0.0,0.0,0.0,0.0,1.0,0.0,0.0,0.0,0.0,0.0,0.0,1.0,0.0,0.0,False
0.05000000000001137,0.2948717948717948,0.6363636363636362,0.022372574745991403,0.49457177322074797,0.1298862326249157,0.10559855984789322,0.10681268701376422,0.48484848484848486,0.51,0.0,0.18642670578630255,0.043161747451894036,0.10376668917399683,0.0,0.0,0.0,0.0,1.0,0.0,0.0,0.0,0.0,0.0,0.0,0.0,0.0,0.0,0.0,0.0,0.0,0.0,1.0,0.0,0.0,0.0,0.0,0.0,0.0,1.0,0.0,0.0,False
0.15000000000000568,0.16025641025641024,0.5,0.03152262105129047,0.4270205066344994,0.2966580380384735,0.17139649897253234,0.09013696140035907,0.6464646464646466,0.35,0.0,0.5276068670038174,0.06948582764303379,0.26379079688020746,1.0,0.0,0.0,0.0,0.0,0.0,0.0,0.0,0.0,0.0,0.0,0.0,0.0,0.0,0.0,0.0,1.0,0.0,0.0,0.0,0.0,0.0,0.0,0.0,1.0,0.0,0.0,0.0,False
0.25,0.21794871794871795,0.46969696969696967,0.02501603735418301,0.3980699638118216,0.25315234966971933,0.14875193839413392,0.07723070017953322,0.6464646464646466,0.35,0.0,0.4084044231412503,0.05871395386430798,0.10376668917399683,0.0,0.0,0.0,0.0,1.0,0.0,0.0,0.0,0.0,0.0,0.0,0.0,1.0,0.0,0.0,0.0,0.0,0.0,0.0,0.0,0.0,0.0,0.0,0.0,1.0,0.0,0.0,0.0,False
0.45000000000000284,0.3846153846153846,0.7727272727272727,0.17493791811673406,0.704463208685163,0.14438812874783377,0.3215794376195048,0.2716636744464393,0.5252525252525254,0.47,0.0,0.1835500067335548,0.24358878119622718,0.10587733590506189,0.0,0.0,0.0,0.0,0.0,0.0,0.0,1.0,0.0,0.0,0.0,0.0,0.0,0.0,0.0,0.0,0.0,0.0,1.0,0.0,0.0,0.0,0.0,0.0,0.0,1.0,0.0,0.0,False
0.9000000000000057,0.3012820512820512,0.8484848484848486,0.08730802672370824,0.7129071170084439,0.07187864813324342,0.31561220872818074,0.19067884500299223,0.6161616161616162,0.38,0.0,0.10222557067820186,0.12019820985293793,0.10376668917399683,0.0,0.0,0.0,0.0,1.0,0.0,0.0,0.0,0.0,0.0,0.0,0.0,0.0,0.0,0.0,0.0,0.0,0.0,1.0,0.0,0.0,0.0,0.0,0.0,1.0,0.0,0.0,0.0,False
0.0,0.2435897435897436,0.8636363636363638,0.47165020462993384,0.8371531966224367,0.05737675201032534,0.11598851051701325,0.14359873578695392,0.43434343434343436,0.56,0.0,0.08895234691046588,0.5583773774716436,0.10376668917399683,0.0,0.0,0.0,0.0,1.0,0.0,0.0,0.0,0.0,0.0,0.0,0.0,0.0,0.0,0.0,0.0,0.0,0.0,1.0,0.0,0.0,0.0,0.0,0.0,0.0,1.0,0.0,0.0,False
0.5,0.26923076923076916,0.6666666666666667,0.07363622884876012,0.5790108564535585,0.14438812874783377,0.27515458905873846,0.2413966561938959,0.5252525252525254,0.48,0.0,0.21516952237216036,0.12301807559653577,0.10800812381772883,0.0,0.0,0.0,0.0,0.0,1.0,0.0,0.0,0.0,0.0,0.0,0.0,0.0,0.0,0.0,0.0,0.0,0.0,1.0,0.0,0.0,0.0,0.0,0.0,0.0,1.0,0.0,0.0,False
0.45000000000000284,0.28205128205128205,0.46969696969696967,0.012367947941369965,0.36670687575392047,0.1298862326249157,0.17322809435009584,0.4096074655894674,0.2828282828282828,0.71,0.0,0.18992808660146665,0.031202907858266526,0.10376668917399683,0.0,0.0,0.0,0.0,1.0,0.0,0.0,0.0,0.0,0.0,0.0,0.0,0.0,0.0,0.0,0.0,0.0,0.0,1.0,0.0,0.0,0.0,0.0,1.0,0.0,0.0,0.0,0.0,False
0.45000000000000284,0.3141025641025641,0.8030303030303032,0.0679737948515064,0.6658624849215923,0.06100222604105486,0.3050556831563678,0.05940499700777978,0.8282828282828283,0.17,0.23076923076923078,0.08519190405044452,0.09973788406121081,0.10798196182103102,0.0,0.0,0.0,0.0,0.0,0.0,1.0,0.0,0.0,0.0,0.0,0.0,0.0,0.0,0.0,0.0,0.0,0.0,1.0,0.0,0.0,0.0,0.0,0.0,0.0,1.0,0.0,0.0,True
0.4000000000000057,0.3076923076923077,0.7575757575757578,0.2561960811486396,0.7165259348612787,0.18789381711658798,0.6761295219230538,0.10684816726511072,0.8585858585858587,0.14,0.0,0.2648064647147461,0.35112865703050405,0.26379079688020746,1.0,0.0,0.0,0.0,0.0,0.0,0.0,0.0,0.0,0.0,0.0,0.0,0.0,0.0,0.0,0.0,0.0,0.0,1.0,0.0,0.0,0.0,0.0,0.0,0.0,1.0,0.0,0.0,False
0.4000000000000057,0.2628205128205128,0.6212121212121213,0.12639446750396185,0.5765983112183354,0.2894070899770145,0.2449947504723924,0.5779809021543986,0.2828282828282828,0.71,0.0,0.4353913412269357,0.2120049428613641,0.26379079688020746,1.0,0.0,0.0,0.0,0.0,0.0,0.0,0.0,0.0,0.0,0.0,1.0,0.0,0.0,0.0,0.0,0.0,0.0,0.0,0.0,0.0,0.0,0.0,0.0,1.0,0.0,0.0,0.0,False
0.20000000000000284,0.2435897435897436,0.8181818181818181,0.19292061640064403,0.7430639324487335,0.20239571323950606,0.45663055926492757,0.32359182375822865,0.5757575757575758,0.42,0.0,0.3135761337490747,0.255526632219016,0.26379079688020746,1.0,0.0,0.0,0.0,0.0,0.0,0.0,0.0,0.0,0.0,0.0,0.0,0.0,0.0,0.0,0.0,0.0,0.0,1.0,0.0,0.0,0.0,0.0,0.0,0.0,1.0,0.0,0.0,False
0.15000000000000568,0.28846153846153844,0.7575757575757578,0.020090464833677175,0.5609167671893849,0.07187864813324342,0.23977627933392795,0.46647965290245363,0.32323232323232326,0.67,0.0,0.10413525102085333,0.03452815517558027,0.10376668917399683,0.0,0.0,0.0,0.0,1.0,0.0,0.0,0.0,0.0,0.0,0.0,0.0,0.0,0.0,0.0,0.0,0.0,1.0,0.0,0.0,0.0,0.0,0.0,0.0,1.0,0.0,0.0,0.0,False
0.5500000000000114,0.20512820512820507,0.5303030303030303,0.026115741641018073,0.4378769601930037,0.4561788953905723,0.8369064290673423,0.5675375374027529,0.5858585858585859,0.41,0.0,0.751356071992953,0.05627334803820503,0.39926384018223143,0.0,0.0,1.0,0.0,0.0,0.0,0.0,0.0,0.0,0.0,0.0,0.0,0.0,0.0,0.0,0.0,0.0,0.0,1.0,0.0,0.0,0.0,0.0,1.0,0.0,0.0,0.0,0.0,False
0.15000000000000568,0.32692307692307687,0.6515151515151516,0.08054588843961946,0.5741857659831122,0.3619165705916048,0.46791470682933384,0.2083080116696589,0.6868686868686869,0.32,0.0,0.49662481618159016,0.13560926269139675,0.26379079688020746,1.0,0.0,0.0,0.0,0.0,0.0,0.0,0.0,0.0,0.0,0.0,0.0,0.0,0.0,0.0,0.0,0.0,0.0,1.0,0.0,0.0,0.0,0.0,0.0,1.0,0.0,0.0,0.0,False
0.5,0.22435897435897434,0.6666666666666667,0.034569904610338854,0.5367913148371531,0.1081333884405386,0.024361160988939045,0.24400864751645723,0.08080808080808081,0.91,0.0,0.17272785108343683,0.0618988991737152,0.10376668917399683,0.0,0.0,0.0,0.0,1.0,0.0,0.0,0.0,0.0,0.0,0.0,0.0,0.0,0.0,0.0,0.0,0.0,0.0,1.0,0.0,0.0,0.0,0.0,0.0,0.0,1.0,0.0,0.0,False
0.8500000000000085,0.21153846153846156,0.7121212121212122,0.06481475272672274,0.6019300361881785,0.17339192099366993,0.3481040804511207,0.3007181328545781,0.5252525252525254,0.47,0.0,0.282690363058766,0.10445678027717746,0.10376668917399683,0.0,0.0,0.0,0.0,1.0,0.0,0.0,0.0,0.0,0.0,0.0,0.0,0.0,0.0,0.0,0.0,0.0,0.0,1.0,0.0,0.0,0.0,0.0,0.0,1.0,0.0,0.0,0.0,False
0.45000000000000284,0.26923076923076916,0.7727272727272727,0.15587041668808707,0.6972255729794934,0.2894070899770145,0.552885105681669,0.15365311190903652,0.7777777777777779,0.22,0.0,0.4312362125692984,0.2191412049945211,0.10376668917399683,0.0,0.0,0.0,0.0,1.0,0.0,0.0,0.0,0.0,0.0,0.0,0.0,0.0,0.0,0.0,0.0,0.0,0.0,1.0,0.0,0.0,0.0,0.0,0.0,0.0,1.0,0.0,0.0,False
0.0,0.32692307692307687,0.5606060606060606,0.05535774289420412,0.49336550060313633,0.6519544930499662,0.471065578226425,0.3747755834829444,0.5454545454545456,0.45,0.0,0.8946424033868445,0.10710085544740122,0.2859195739287712,0.0,1.0,0.0,0.0,0.0,0.0,0.0,0.0,0.0,0.0,0.0,0.0,0.0,0.0,0.0,0.0,0.0,0.0,1.0,0.0,0.0,0.0,0.0,1.0,0.0,0.0,0.0,0.0,False
0.8500000000000085,0.2435897435897436,0.6212121212121213,0.02022084982703499,0.47889022919179736,0.5069355318207855,0.45865033808923333,0.4817474566128067,0.47474747474747475,0.52,0.0,0.7852860861101534,0.04016823147805898,0.39926384018223143,0.0,0.0,1.0,0.0,0.0,0.0,0.0,0.0,0.0,0.0,0.0,0.0,0.0,0.0,0.0,0.0,0.0,0.0,1.0,0.0,0.0,0.0,0.0,1.0,0.0,0.0,0.0,0.0,False
0.10000000000000853,0.20512820512820507,0.5909090909090908,0.01121459954298197,0.4306393244873342,0.10088244037907956,0.20005128076429265,0.002919015559545183,0.98989898989899,0.02,0.0,0.1662702188012291,0.024505729943634615,0.26379079688020746,1.0,0.0,0.0,0.0,0.0,0.0,0.0,0.0,0.0,0.0,0.0,0.0,0.0,0.0,0.0,0.0,0.0,0.0,1.0,0.0,0.0,0.0,0.0,0.0,0.0,1.0,0.0,0.0,False
0.9500000000000028,0.25,0.696969696969697,0.028835945131014565,0.5452352231604343,0.028372959764489204,0.11931480794925943,0.05151930730101736,0.6868686868686869,0.31,0.0,0.04358715074502135,0.050889356473493345,0.10376668917399683,0.0,0.0,0.0,0.0,1.0,0.0,0.0,0.0,0.0,0.0,0.0,0.0,0.0,0.0,0.0,0.0,0.0,0.0,1.0,0.0,0.0,0.0,0.0,0.0,0.0,1.0,0.0,0.0,False
0.25,0.1923076923076923,0.7121212121212122,0.19116973220412478,0.6658624849215923,0.03562390782594824,0.6737933887434894,0.45413330341113106,0.5858585858585859,0.41,0.0,0.06008939795647259,0.28058638823060245,0.10587733590506189,0.0,0.0,0.0,0.0,0.0,0.0,0.0,1.0,0.0,0.0,1.0,0.0,0.0,0.0,0.0,0.0,0.0,0.0,0.0,0.0,0.0,0.0,0.0,0.0,0.0,1.0,0.0,0.0,False
0.30000000000001137,0.20512820512820507,0.409090909090909,0.021354081683590636,0.35464414957780466,0.06462770007178438,0.12531472092604115,0.03917766307600239,0.7575757575757577,0.24,0.0,0.106567580720441,0.055519824126824345,0.10587733590506189,0.0,0.0,0.0,0.0,0.0,0.0,0.0,1.0,0.0,0.0,1.0,0.0,0.0,0.0,0.0,0.0,0.0,0.0,0.0,0.0,0.0,0.0,0.0,0.0,0.0,1.0,0.0,0.0,False
0.9500000000000028,0.39743589743589736,0.7424242424242424,0.08430097624832456,0.6381182147165261,0.2894070899770145,0.23415334554438255,0.17622335427887492,0.5555555555555557,0.44,0.0,0.36209487170621424,0.12870824869642436,0.10376668917399683,0.0,0.0,0.0,0.0,1.0,0.0,0.0,0.0,0.0,0.0,0.0,0.0,0.0,0.0,0.0,0.0,0.0,0.0,1.0,0.0,0.0,0.0,0.0,0.0,0.0,1.0,0.0,0.0,False
0.30000000000001137,0.16025641025641024,0.5909090909090908,0.0299654517020457,0.4813027744270205,0.3256618302843097,0.2173056876865665,0.2022635697187313,0.5050505050505052,0.49,0.0,0.5791682362554071,0.05927532494871744,0.39926384018223143,0.0,0.0,1.0,0.0,0.0,0.0,0.0,0.0,0.0,0.0,0.0,0.0,0.0,0.0,0.0,0.0,0.0,0.0,1.0,0.0,0.0,0.0,0.0,1.0,0.0,0.0,0.0,0.0,False
0.4000000000000057,0.25,0.8636363636363638,3.203745551077762e-05,0.19662243667068757,0.14438812874783377,0.10279194479981166,0.1026521169958109,0.48484848484848486,0.51,0.0,0.22152442502501735,0.00010171204965055865,0.10376668917399683,0.0,0.0,0.0,0.0,1.0,0.0,0.0,0.0,0.0,0.0,0.0,0.0,0.0,0.0,0.0,0.0,0.0,0.0,1.0,0.0,0.0,0.0,0.0,0.0,1.0,0.0,0.0,0.0,False
0.20000000000000284,0.20512820512820507,0.2878787878787879,0.020948025561419153,0.28106151990349826,0.05737675201032534,0.3120273373194018,0.07639882555356074,0.7979797979797981,0.2,0.0,0.09462705310428338,0.06664419329780188,0.10798196182103102,0.0,0.0,0.0,0.0,0.0,0.0,1.0,0.0,0.0,0.0,0.0,0.0,0.0,0.0,0.0,0.0,0.0,0.0,1.0,0.0,0.0,0.0,0.0,0.0,1.0,0.0,0.0,0.0,False
0.20000000000000284,0.35256410256410253,0.8030303030303032,0.04786842887573118,0.6429433051869724,0.21689760936242414,0.4739527680320161,0.0051978530819868345,0.98989898989899,0.01,0.0,0.2874969313788295,0.0725539529510324,0.26379079688020746,1.0,0.0,0.0,0.0,0.0,0.0,0.0,0.0,0.0,0.0,0.0,0.0,1.0,0.0,0.0,0.0,0.0,0.0,0.0,0.0,0.0,0.0,0.0,0.0,1.0,0.0,0.0,0.0,False
0.30000000000001137,0.4294871794871794,1.0,1.0,1.0,0.2894070899770145,0.4106615130237439,0.4232975763016158,0.47474747474747475,0.52,0.15384615384615385,0.348133639416553,1.0,0.10798196182103102,0.0,0.0,0.0,0.0,0.0,0.0,1.0,0.0,0.0,0.0,0.0,0.0,0.0,0.0,0.0,0.0,0.0,1.0,0.0,0.0,0.0,0.0,0.0,0.0,1.0,0.0,0.0,0.0,False
0.6500000000000057,0.26923076923076916,0.6666666666666667,0.05991749237620317,0.5669481302774427,0.15889002487075185,0.23684925943225738,0.16798503889886296,0.5757575757575758,0.42,0.0,0.23677619139187417,0.10205445142767527,0.10376668917399683,0.0,0.0,0.0,0.0,1.0,0.0,0.0,0.0,0.0,0.0,0.0,0.0,0.0,0.0,0.0,0.0,0.0,0.0,1.0,0.0,0.0,0.0,0.0,0.0,1.0,0.0,0.0,0.0,False
0.0,0.27564102564102566,0.5606060606060606,0.024417011441841958,0.4523522316043427,0.1081333884405386,0.2708122947779295,0.11786355475763016,0.6868686868686869,0.31,0.0,0.15962407607148102,0.051087419750371586,0.26379079688020746,1.0,0.0,0.0,0.0,0.0,0.0,0.0,0.0,0.0,0.0,0.0,0.0,0.0,0.0,0.0,0.0,0.0,0.0,1.0,0.0,0.0,0.0,0.0,0.0,1.0,0.0,0.0,0.0,False
0.5500000000000114,0.3012820512820512,0.6212121212121213,0.18249130704622857,0.5971049457177322,0.5431902721280807,0.28124750093080275,0.39946140035906647,0.40404040404040403,0.6,0.0,0.7725233709488687,0.2963890383646259,0.26379079688020746,1.0,0.0,0.0,0.0,0.0,0.0,0.0,0.0,0.0,0.0,0.0,0.0,0.0,0.0,0.0,0.0,0.0,0.0,1.0,0.0,0.0,0.0,0.0,0.0,1.0,0.0,0.0,0.0,False
0.20000000000000284,0.19871794871794868,0.696969696969697,0.07619475494699292,0.600723763570567,0.3256618302843097,0.24723123478149694,0.19206089916217833,0.5555555555555557,0.45,0.0,0.5421427849311273,0.12303334949726863,0.26379079688020746,1.0,0.0,0.0,0.0,0.0,0.0,0.0,0.0,0.0,0.0,0.0,0.0,0.0,0.0,0.0,0.0,0.0,0.0,1.0,0.0,0.0,0.0,0.0,0.0,1.0,0.0,0.0,0.0,False
0.45000000000000284,0.35256410256410253,0.5909090909090908,0.03299410883347154,0.48612786489746684,0.5794450124353758,0.15169283178714177,0.25679222770795934,0.35353535353535354,0.64,0.3076923076923077,0.7681537633851747,0.06468101177161181,0.10798196182103102,0.0,0.0,0.0,0.0,0.0,0.0,1.0,0.0,0.0,0.0,0.0,0.0,0.0,0.0,0.0,0.0,0.0,1.0,0.0,0.0,0.0,0.0,0.0,0.0,1.0,0.0,0.0,0.0,False
0.3500000000000085,0.13461538461538458,0.696969696969697,0.05715109534570277,0.5850422195416165,0.06172732084720076,0.11061670242177991,0.13728952722920407,0.43434343434343436,0.56,0.0,0.11523867815598404,0.09455788675924504,0.10800812381772883,0.0,0.0,0.0,0.0,0.0,1.0,0.0,0.0,0.0,0.0,0.0,0.0,0.0,0.0,0.0,0.0,0.0,0.0,1.0,0.0,0.0,0.0,0.0,0.0,0.0,1.0,0.0,0.0,False
0.20000000000000284,0.19871794871794868,0.7878787878787878,0.2696749092334182,0.7418576598311218,0.18064286905512894,0.6602170381385687,0.04010642579293836,0.9393939393939394,0.06,0.0,0.30079169481730283,0.3577529101558021,0.10376668917399683,0.0,0.0,0.0,0.0,1.0,0.0,0.0,0.0,0.0,0.0,0.0,0.0,0.0,0.0,0.0,0.0,0.0,0.0,1.0,0.0,0.0,0.0,0.0,0.0,1.0,0.0,0.0,0.0,False
0.45000000000000284,0.28846153846153844,0.46969696969696967,0.024395404785799806,0.39686369119420994,0.14438812874783377,0.5282510011894155,0.04165696439257929,0.9292929292929295,0.08,0.0,0.2091676698666843,0.05741154360843718,0.10798196182103102,0.0,0.0,0.0,0.0,0.0,0.0,1.0,0.0,0.0,0.0,0.0,0.0,0.0,0.0,0.0,0.0,0.0,0.0,1.0,0.0,0.0,0.0,0.0,0.0,1.0,0.0,0.0,0.0,False
0.0,0.0897435897435897,0.6666666666666667,0.014424305550898948,0.4873341375150785,0.14438812874783377,0.3522583152940485,0.3785552588270497,0.46464646464646464,0.53,0.0,0.29373922789839235,0.028188573352627085,0.39926384018223143,0.0,0.0,1.0,0.0,0.0,0.0,0.0,0.0,0.0,0.0,0.0,0.0,0.0,0.0,0.0,0.0,0.0,0.0,1.0,0.0,1.0,0.0,0.0,0.0,0.0,0.0,0.0,0.0,False
0.8000000000000114,0.34615384615384615,0.893939393939394,0.31323169264308265,0.8323281061519904,0.21689760936242414,0.9939734871225091,0.7540165694195093,0.5555555555555557,0.44,0.0,0.28996183820963123,0.37284517724885125,0.26379079688020746,1.0,0.0,0.0,0.0,0.0,0.0,0.0,0.0,0.0,0.0,0.0,0.0,0.0,0.0,0.0,0.0,0.0,0.0,1.0,0.0,0.0,0.0,0.0,0.0,1.0,0.0,0.0,0.0,False
0.20000000000000284,0.21153846153846156,0.696969696969697,0.14877970822073658,0.6393244873341376,0.2894070899770145,0.3713895265743161,0.33580394225014965,0.5151515151515152,0.48,0.0,0.4717487169812618,0.22678876701760048,0.10798196182103102,0.0,0.0,0.0,0.0,0.0,0.0,1.0,0.0,0.0,0.0,0.0,0.0,0.0,0.0,0.0,0.0,0.0,0.0,1.0,0.0,0.0,0.0,0.0,0.0,1.0,0.0,0.0,0.0,False
0.45000000000000284,0.19871794871794868,0.6515151515151516,0.09973036383373604,0.5850422195416165,0.17339192099366993,0.25052192616949537,0.27429365649311793,0.46464646464646464,0.53,0.0,0.2887241403116116,0.16504002004013776,0.10376668917399683,0.0,0.0,0.0,0.0,1.0,0.0,0.0,0.0,0.0,0.0,0.0,0.0,0.0,0.0,0.0,0.0,0.0,0.0,1.0,0.0,0.0,0.0,0.0,0.0,0.0,1.0,0.0,0.0,False
0.6000000000000085,0.1858974358974359,0.4848484848484848,0.02391707812445285,0.40530759951749096,0.21689760936242414,0.34283124692816486,0.07840422651107122,0.8080808080808083,0.19,0.0,0.36899961158860106,0.055236212491044316,0.10376668917399683,0.0,0.0,0.0,0.0,1.0,0.0,0.0,0.0,0.0,0.0,0.0,0.0,0.0,0.0,0.0,0.0,0.0,0.0,1.0,0.0,0.0,0.0,0.0,1.0,0.0,0.0,0.0,0.0,False
0.10000000000000853,0.39102564102564097,0.8030303030303032,0.20660433518927057,0.7370325693606755,0.5649431163124577,0.721148753294741,0.8680909634949132,0.4444444444444445,0.56,0.0,0.7126456518179903,0.27575643549873363,0.10800812381772883,0.0,0.0,0.0,0.0,0.0,1.0,0.0,0.0,0.0,0.0,0.0,0.0,1.0,0.0,0.0,0.0,0.0,0.0,0.0,0.0,0.0,0.0,0.0,0.0,0.0,1.0,0.0,0.0,False
0.25,0.28846153846153844,0.7121212121212122,0.05556263359805212,0.5934861278648975,0.15889002487075185,0.27839199538922654,0.16049521244763615,0.6262626262626264,0.37,0.0,0.2301741536358505,0.0907182218760519,0.10800812381772883,0.0,0.0,0.0,0.0,0.0,1.0,0.0,0.0,0.0,0.0,0.0,0.0,0.0,0.0,0.0,0.0,0.0,0.0,1.0,0.0,0.0,0.0,0.0,0.0,0.0,1.0,0.0,0.0,False
0.75,0.2435897435897436,0.6818181818181819,0.058240368833069205,0.5753920386007239,0.18064286905512894,0.3328264290288995,0.06993285457809695,0.8181818181818182,0.18,0.0,0.27988256572328335,0.09785284955194043,0.10376668917399683,0.0,0.0,0.0,0.0,1.0,0.0,0.0,0.0,0.0,0.0,0.0,0.0,0.0,0.0,0.0,0.0,0.0,0.0,1.0,0.0,0.0,0.0,0.0,0.0,0.0,1.0,0.0,0.0,False
0.15000000000000568,0.3589743589743589,0.6666666666666667,0.08191306822711428,0.5850422195416165,0.4344260512061952,0.4160912410076718,0.47470457061639737,0.4545454545454546,0.54,0.0,0.5710440709321525,0.1355467701971087,0.26379079688020746,1.0,0.0,0.0,0.0,0.0,0.0,0.0,0.0,0.0,0.0,0.0,0.0,0.0,0.0,0.0,0.0,0.0,0.0,1.0,0.0,0.0,0.0,0.0,0.0,1.0,0.0,0.0,0.0,False
0.75,0.28846153846153844,0.8787878787878789,0.0471330575131931,0.6911942098914355,0.5613176422817283,0.009564625195075628,0.7198690754039497,0.0,0.99,0.0,0.8131040782302126,0.06677372988323489,0.39926384018223143,0.0,0.0,1.0,0.0,0.0,0.0,0.0,0.0,0.0,0.0,0.0,1.0,0.0,0.0,0.0,0.0,0.0,0.0,0.0,0.0,0.0,0.0,0.0,1.0,0.0,0.0,0.0,0.0,False
0.5500000000000114,0.1923076923076923,0.696969696969697,0.12148677635397365,0.6284680337756334,0.3075344601306621,0.22489319310555997,0.3516501720526631,0.37373737373737376,0.62,0.0,0.5174886413173495,0.18814863247014182,0.26379079688020746,1.0,0.0,0.0,0.0,0.0,0.0,0.0,0.0,0.0,0.0,0.0,0.0,0.0,0.0,0.0,0.0,0.0,0.0,1.0,0.0,0.0,0.0,0.0,0.0,0.0,1.0,0.0,0.0,False
0.3500000000000085,0.34615384615384615,0.7424242424242424,0.06715870237874383,0.6248492159227986,0.20239571323950606,0.22056591164749975,0.1980145721125075,0.5151515151515152,0.48,0.0,0.27057123780732395,0.10454878098727265,0.26379079688020746,1.0,0.0,0.0,0.0,0.0,0.0,0.0,0.0,0.0,0.0,0.0,0.0,0.0,0.0,0.0,0.0,0.0,0.0,1.0,0.0,0.0,0.0,0.0,0.0,0.0,1.0,0.0,0.0,False
0.10000000000000853,0.21153846153846156,0.6060606060606062,0.06486243638143646,0.5319662243667068,0.4344260512061952,0.24821560937047538,0.17109895272292042,0.5757575757575758,0.42,0.0,0.7080716593843815,0.11714472238787407,0.10376668917399683,0.0,0.0,0.0,0.0,1.0,0.0,0.0,0.0,0.0,0.0,0.0,0.0,0.0,0.0,0.0,0.0,0.0,0.0,1.0,0.0,0.0,0.0,0.0,0.0,0.0,1.0,0.0,0.0,False
0.7000000000000028,0.21794871794871795,0.45454545454545464,0.039209375202562395,0.40892641737032576,0.14438812874783377,0.6543043653955816,0.11856672651107122,0.8383838383838385,0.16,0.0,0.23298945558429546,0.08986354074052241,0.10376668917399683,0.0,0.0,0.0,0.0,1.0,0.0,0.0,0.0,0.0,0.0,0.0,0.0,0.0,0.0,0.0,0.0,0.0,0.0,1.0,0.0,0.0,0.0,0.0,0.0,0.0,1.0,0.0,0.0,False
0.8000000000000114,0.11538461538461531,0.6666666666666667,0.09877371051104213,0.5958986731001207,0.03562390782594824,0.5205561816022345,0.6141532016756434,0.4444444444444445,0.55,0.0,0.06912444473890966,0.1607007117170363,0.10798196182103102,0.0,0.0,0.0,0.0,0.0,0.0,1.0,0.0,0.0,0.0,0.0,0.0,0.0,0.0,0.0,0.0,0.0,0.0,1.0,0.0,0.0,0.0,0.0,0.0,1.0,0.0,0.0,0.0,False
0.3500000000000085,0.23076923076923073,0.6060606060606062,0.059502495568772865,0.5271411338962605,0.5794450124353758,0.116018784180233,0.18773464242968282,0.37373737373737376,0.63,0.0,0.9157493966477291,0.10836228485322233,0.08760754858480077,0.0,0.0,0.0,0.0,0.0,0.0,0.0,0.0,1.0,0.0,0.0,0.0,0.0,0.0,0.0,0.0,0.0,0.0,1.0,0.0,0.0,0.0,0.0,0.0,1.0,0.0,0.0,0.0,False
0.5500000000000114,0.23717948717948711,0.8636363636363638,0.24823514598276383,0.7937273823884199,0.05737675201032534,0.27056483509557416,0.04550913375224417,0.8484848484848485,0.15,0.0,0.08985084205782032,0.30901709387951287,0.10376668917399683,0.0,0.0,0.0,0.0,1.0,0.0,0.0,0.0,0.0,0.0,0.0,0.0,0.0,0.0,0.0,0.0,0.0,0.0,1.0,0.0,0.0,0.0,0.0,0.0,0.0,1.0,0.0,0.0,False
0.10000000000000853,0.21153846153846156,0.5909090909090908,0.10916278678179289,0.5476477683956575,0.3619165705916048,0.9780296523478234,0.3364458632555356,0.7373737373737375,0.26,0.0,0.5899101881828217,0.1919934255577555,0.10376668917399683,0.0,0.0,0.0,0.0,1.0,0.0,0.0,0.0,0.0,0.0,0.0,0.0,0.0,0.0,0.0,0.0,0.0,0.0,1.0,0.0,0.0,0.0,0.0,0.0,1.0,0.0,0.0,0.0,False
0.30000000000001137,0.15384615384615385,0.696969696969697,0.012759847978548315,0.49819059107358266,0.3619165705916048,0.4515136668848241,0.08606496110113705,0.8383838383838385,0.17,0.0,0.6510281905284562,0.02443440088847438,0.39926384018223143,0.0,0.0,1.0,0.0,0.0,0.0,0.0,0.0,0.0,0.0,0.0,0.0,0.0,0.0,0.0,0.0,0.0,0.0,1.0,0.0,1.0,0.0,0.0,0.0,0.0,0.0,0.0,0.0,False
0.25,0.16666666666666663,0.3333333333333333,0.02351772751622548,0.31242460796139937,0.14438812874783377,0.3615423084364205,0.15290602184320767,0.696969696969697,0.3,0.0,0.25401297229524133,0.0683134014381805,0.10798196182103102,0.0,0.0,0.0,0.0,0.0,0.0,1.0,0.0,0.0,0.0,0.0,0.0,0.0,0.0,0.0,0.0,0.0,0.0,1.0,0.0,0.0,0.0,0.0,0.0,1.0,0.0,0.0,0.0,False
0.10000000000000853,0.1923076923076923,0.6818181818181819,0.03419365077236344,0.5452352231604343,0.05737675201032534,0.10783501315478249,0.021228515858767207,0.8282828282828283,0.17,0.0,0.09668133742534274,0.060352901195730814,0.10798196182103102,0.0,0.0,0.0,0.0,0.0,0.0,1.0,0.0,0.0,0.0,0.0,0.0,0.0,0.0,0.0,0.0,0.0,0.0,1.0,0.0,0.0,0.0,0.0,0.0,0.0,1.0,0.0,0.0,False
0.5500000000000114,0.2948717948717948,0.5909090909090908,0.03419141560104874,0.48854041013269,0.14438812874783377,0.17889575658573473,0.12414657390783962,0.5757575757575758,0.42,0.0,0.20724046952088923,0.06672830058753712,0.2859195739287712,0.0,1.0,0.0,0.0,0.0,0.0,0.0,0.0,0.0,0.0,0.0,0.0,0.0,0.0,0.0,0.0,1.0,0.0,0.0,0.0,0.0,0.0,0.0,1.0,0.0,0.0,0.0,0.0,False
0.3500000000000085,0.40384615384615385,0.8484848484848486,0.04471311203647203,0.6682750301568156,0.1081333884405386,0.23353435531412617,0.0,1.0,0.0,0.0,0.13414451354823362,0.0653707725801433,0.1082061137053058,0.0,0.0,0.0,1.0,0.0,0.0,0.0,0.0,0.0,0.0,0.0,0.0,0.0,0.0,0.0,0.0,0.0,0.0,1.0,0.0,0.0,0.0,0.0,0.0,1.0,0.0,0.0,0.0,False
0.30000000000001137,0.423076923076923,0.8636363636363638,0.2812791736422638,0.8021712907117009,0.3619165705916048,0.6852140623134296,0.7292795930580491,0.47474747474747475,0.52,0.0,0.4387734226924544,0.34668112887720015,0.10800812381772883,0.0,0.0,0.0,0.0,0.0,1.0,0.0,0.0,0.0,0.0,0.0,0.0,0.0,0.0,0.0,0.0,0.0,0.0,1.0,0.0,0.0,0.0,0.0,0.0,0.0,1.0,0.0,0.0,False
0.9500000000000028,0.25,0.7878787878787878,0.09082246108753006,0.6743063932448734,0.042874855887407276,0.1749754722098545,0.017045519150209458,0.9090909090909093,0.09,0.0,0.06582931003002085,0.13172102809542005,0.10376668917399683,0.0,0.0,0.0,0.0,1.0,0.0,0.0,0.0,0.0,0.0,0.0,0.0,0.0,0.0,0.0,0.0,0.0,0.0,1.0,0.0,0.0,0.0,0.0,0.0,0.0,1.0,0.0,0.0,False
0.8500000000000085,0.1923076923076923,0.5909090909090908,0.04916929858088973,0.5066344993968637,0.3256618302843097,0.8121994073647529,0.6022053785158588,0.5656565656565656,0.43,0.0,0.5479819242080746,0.09284720103686098,0.10376668917399683,0.0,0.0,0.0,0.0,1.0,0.0,0.0,0.0,0.0,0.0,0.0,0.0,0.0,0.0,0.0,0.0,0.0,0.0,1.0,0.0,0.0,0.0,0.0,0.0,1.0,0.0,0.0,0.0,False
0.25,0.20512820512820507,0.5606060606060606,0.07166406269208504,0.5066344993968637,0.40542225896035905,0.8756713122814547,0.6399611011370437,0.5656565656565656,0.43,0.0,0.6677723786798495,0.13534472648004883,0.26379079688020746,1.0,0.0,0.0,0.0,0.0,0.0,0.0,0.0,0.0,0.0,1.0,0.0,0.0,0.0,0.0,0.0,0.0,0.0,0.0,0.0,0.0,0.0,0.0,1.0,0.0,0.0,0.0,0.0,False
0.15000000000000568,0.22435897435897434,0.6818181818181819,0.047591267632707705,0.5645355850422196,0.3619165705916048,0.20684845445973765,0.1196831986834231,0.6262626262626264,0.37,0.0,0.5778528952030707,0.08136984552832112,0.26379079688020746,1.0,0.0,0.0,0.0,0.0,0.0,0.0,0.0,0.0,0.0,0.0,0.0,1.0,0.0,0.0,0.0,0.0,0.0,0.0,0.0,0.0,0.0,0.0,0.0,0.0,1.0,0.0,0.0,False
0.6000000000000085,0.41025641025641024,0.9090909090909092,0.0758155208805979,0.7442702050663451,0.0697033637148057,0.05142025100974603,0.17139952124476363,0.22222222222222224,0.77,0.38461538461538464,0.08574217231903222,0.10023786793864121,0.10798196182103102,0.0,0.0,0.0,0.0,0.0,0.0,1.0,0.0,0.0,0.0,0.0,0.0,0.0,0.0,0.0,0.0,1.0,0.0,0.0,0.0,0.0,0.0,0.0,0.0,1.0,0.0,0.0,0.0,True
0.0,0.3076923076923077,0.8484848484848486,0.022644520589280563,0.6224366706875754,0.008070305192403907,0.07217090175787057,0.013657368342309994,0.8383838383838385,0.16,0.15384615384615385,0.01136607675377882,0.03534834456278715,0.10798196182103102,0.0,0.0,0.0,0.0,0.0,0.0,1.0,0.0,0.0,0.0,0.0,0.0,0.0,0.0,0.0,0.0,0.0,0.0,1.0,0.0,0.0,0.0,0.0,0.0,0.0,1.0,0.0,0.0,False
0.0,0.28205128205128205,0.4848484848484848,0.011076763978575137,0.37032569360675516,0.2894070899770145,0.22690830609646628,0.08274622980251346,0.7272727272727273,0.27,0.0,0.42315895312267643,0.027699008678767623,0.10800812381772883,0.0,0.0,0.0,0.0,0.0,1.0,0.0,0.0,0.0,0.0,0.0,0.0,0.0,0.0,0.0,0.0,0.0,0.0,1.0,0.0,0.0,0.0,0.0,0.0,0.0,1.0,0.0,0.0,False
0.8000000000000114,0.3076923076923077,0.6515151515151516,0.08652497170645644,0.577804583835947,0.2749051938540964,0.4667282055472915,0.4322182749850389,0.5050505050505052,0.49,0.0,0.387438910502311,0.14483678832420735,0.10376668917399683,0.0,0.0,0.0,0.0,1.0,0.0,0.0,0.0,0.0,0.0,0.0,0.0,0.0,0.0,0.0,0.0,0.0,0.0,1.0,0.0,0.0,0.0,0.0,0.0,0.0,1.0,0.0,0.0,False
0.05000000000001137,0.5192307692307692,0.8787878787878789,0.2988520905184778,0.8178528347406514,0.6882092333572614,0.8411958955733161,0.48138020646319574,0.6262626262626264,0.37,0.3076923076923077,0.7474588164515682,0.3616728732710754,0.10798196182103102,0.0,0.0,0.0,0.0,0.0,0.0,1.0,0.0,0.0,0.0,0.0,0.0,0.0,0.0,0.0,0.0,0.0,0.0,1.0,0.0,0.0,0.0,0.0,0.0,0.0,1.0,0.0,0.0,True
0.9500000000000028,0.17307692307692302,0.46969696969696967,0.020325157821721243,0.38962605548854046,0.0863805442561615,0.17171975907124432,0.18941998055056852,0.46464646464646464,0.53,0.0,0.15034951531301896,0.048616968170349655,0.2859195739287712,0.0,1.0,0.0,0.0,0.0,0.0,0.0,0.0,0.0,0.0,0.0,0.0,0.0,0.0,0.0,0.0,0.0,1.0,0.0,0.0,0.0,0.0,0.0,0.0,1.0,0.0,0.0,0.0,False
0.7000000000000028,0.28846153846153844,0.6666666666666667,0.13094676641491187,0.6115802171290712,0.2894070899770145,0.42116712520751526,0.3979652902453621,0.5050505050505052,0.49,0.0,0.4192325075583463,0.2079949086511587,0.10376668917399683,0.0,0.0,0.0,0.0,1.0,0.0,0.0,0.0,0.0,0.0,0.0,0.0,0.0,0.0,0.0,0.0,0.0,0.0,1.0,0.0,0.0,0.0,0.0,0.0,0.0,1.0,0.0,0.0,False
0.20000000000000284,0.1794871794871794,0.5,0.007902820711693447,0.36308805790108567,0.1298862326249157,0.12864914868924418,0.0018544509275882706,0.98989898989899,0.02,0.0,0.2234797796874349,0.020098476845513573,0.26379079688020746,1.0,0.0,0.0,0.0,0.0,0.0,0.0,0.0,0.0,0.0,0.0,0.0,0.0,0.0,0.0,0.0,0.0,0.0,1.0,0.0,0.0,0.0,0.0,1.0,0.0,0.0,0.0,0.0,False
0.20000000000000284,0.6858974358974358,0.8484848484848486,0.27276019070481655,0.7889022919179736,0.7969734542791469,0.7944723406683386,0.8311610712148415,0.47474747474747475,0.52,0.8461538461538463,0.733094088580006,0.34150923452234905,0.1082061137053058,0.0,0.0,0.0,1.0,0.0,0.0,0.0,0.0,0.0,0.0,0.0,0.0,0.0,0.0,0.0,0.0,0.0,0.0,1.0,0.0,0.0,0.0,0.0,0.0,1.0,0.0,0.0,0.0,True
0.15000000000000568,0.17307692307692302,0.8181818181818181,0.18827965569421068,0.7418576598311218,0.20239571323950606,0.40345074652481827,0.28500897666068226,0.5757575757575758,0.42,0.0,0.35201175949701446,0.24975929187027826,0.3332161751660213,0.0,0.0,0.0,0.0,0.0,0.0,0.0,0.0,1.0,0.0,0.0,0.0,0.0,0.0,0.0,0.0,0.0,0.0,1.0,0.0,0.0,0.0,0.0,0.0,0.0,1.0,0.0,0.0,False
0.8000000000000114,0.35256410256410253,0.9242424242424243,0.17831004657351962,0.8154402895054284,0.0863805442561615,0.4001906233210847,0.6625824581089168,0.36363636363636365,0.63,0.46153846153846156,0.11446047185654519,0.21637600797246942,0.1082061137053058,0.0,0.0,0.0,1.0,0.0,0.0,0.0,0.0,0.0,0.0,0.0,0.0,0.0,0.0,0.0,0.0,0.0,1.0,0.0,0.0,0.0,0.0,0.0,0.0,1.0,0.0,0.0,0.0,False
0.75,0.39102564102564097,0.7121212121212122,0.10341318110326567,0.629674306393245,0.4344260512061952,0.4367137673506029,0.3342521469180132,0.5555555555555557,0.44,0.07692307692307693,0.5479819242080746,0.15986590531628572,0.1082061137053058,0.0,0.0,0.0,1.0,0.0,0.0,0.0,0.0,0.0,0.0,0.0,0.0,0.0,0.0,0.0,0.0,0.0,0.0,1.0,0.0,0.0,0.0,0.0,0.0,1.0,0.0,0.0,0.0,False
0.15000000000000568,0.41025641025641024,0.6818181818181819,0.021296712286513197,0.5186972255729796,0.4344260512061952,0.033521191773518776,0.05442026481149013,0.37373737373737376,0.62,0.0,0.5350162763647742,0.039333600681356315,0.2859195739287712,0.0,1.0,0.0,0.0,0.0,0.0,0.0,0.0,0.0,0.0,0.0,0.0,1.0,0.0,0.0,0.0,0.0,0.0,0.0,0.0,0.0,0.0,0.0,0.0,0.0,1.0,0.0,0.0,False
0.3500000000000085,0.4871794871794871,0.6818181818181819,0.01752895850702477,0.5078407720144753,0.3256618302843097,0.034896969330391985,0.20173750000000001,0.1414141414141414,0.85,0.0,0.36633848367915084,0.032999833589068106,0.10798196182103102,0.0,0.0,0.0,0.0,0.0,0.0,1.0,0.0,0.0,0.0,0.0,0.0,0.0,0.0,0.0,0.0,0.0,0.0,1.0,0.0,0.0,0.0,0.0,0.0,0.0,1.0,0.0,0.0,False
0.5,0.3012820512820512,0.5454545454545454,0.09654971505291024,0.5102533172496985,0.3256618302843097,0.5189471123753884,0.5181948982645123,0.48484848484848486,0.51,0.0,0.46315515543933017,0.18117723907945232,0.26379079688020746,1.0,0.0,0.0,0.0,0.0,0.0,0.0,0.0,0.0,0.0,0.0,0.0,0.0,0.0,0.0,0.0,0.0,0.0,1.0,0.0,0.0,0.0,0.0,0.0,1.0,0.0,0.0,0.0,False
0.30000000000001137,0.20512820512820507,0.6212121212121213,0.006074450576264418,0.4149577804583836,0.1081333884405386,0.16194822509139803,0.00668345302214243,0.9595959595959597,0.04,0.0,0.17821074641738674,0.013704286814727854,0.2859195739287712,0.0,1.0,0.0,0.0,0.0,0.0,0.0,0.0,0.0,0.0,0.0,0.0,0.0,0.0,0.0,0.0,0.0,0.0,1.0,0.0,0.0,0.0,0.0,1.0,0.0,0.0,0.0,0.0,False
0.3500000000000085,0.3782051282051282,0.7424242424242424,0.042087530798798074,0.5958986731001207,0.19877023920877654,0.07464519630982493,0.12964046229802514,0.35353535353535354,0.64,0.0,0.25479650756200434,0.06844864720952454,0.10798196182103102,0.0,0.0,0.0,0.0,0.0,0.0,1.0,0.0,0.0,0.0,0.0,0.0,0.0,0.0,0.0,0.0,0.0,0.0,1.0,0.0,0.0,0.0,0.0,0.0,0.0,1.0,0.0,0.0,False
0.5,0.3589743589743589,0.6818181818181819,0.06523198470546776,0.5826296743063933,0.3981713108989,0.3048723748079781,0.3746193746259725,0.43434343434343436,0.56,0.0,0.523382301035725,0.10834725652947493,0.10798196182103102,0.0,0.0,0.0,0.0,0.0,0.0,1.0,0.0,0.0,0.0,0.0,0.0,0.0,0.0,0.0,0.0,0.0,0.0,1.0,0.0,0.0,0.0,0.0,0.0,1.0,0.0,0.0,0.0,False
0.7000000000000028,0.28846153846153844,0.6515151515151516,0.05119063850648833,0.5488540410132691,0.1081333884405386,0.1930897333234395,0.10954368641532017,0.6262626262626264,0.37,0.0,0.1566514604437688,0.08982736782884057,0.26379079688020746,1.0,0.0,0.0,0.0,0.0,0.0,0.0,0.0,0.0,0.0,0.0,0.0,0.0,0.0,0.0,0.0,0.0,0.0,1.0,0.0,0.0,0.0,0.0,0.0,0.0,1.0,0.0,0.0,False
0.0,0.25,0.4848484848484848,0.0262088737791308,0.4101326899879373,0.2894070899770145,0.11518940516654089,0.03325711400359067,0.7676767676767678,0.23,0.0,0.44394601787501237,0.05989545612036047,0.26379079688020746,1.0,0.0,0.0,0.0,0.0,0.0,0.0,0.0,0.0,0.0,0.0,0.0,0.0,0.0,0.0,0.0,0.0,0.0,1.0,0.0,0.0,0.0,0.0,0.0,0.0,1.0,0.0,0.0,False
0.4000000000000057,0.3589743589743589,0.8181818181818181,0.1610060953121752,0.7322074788902292,0.3256618302843097,0.17676211437526376,0.39699057450628367,0.29292929292929293,0.7,0.23076923076923078,0.4280587612428699,0.2162146830753765,0.10798196182103102,0.0,0.0,0.0,0.0,0.0,0.0,1.0,0.0,0.0,0.0,0.0,0.0,0.0,0.0,0.0,0.0,0.0,0.0,1.0,0.0,0.0,0.0,0.0,0.0,0.0,1.0,0.0,0.0,False
0.75,0.2564102564102564,0.7272727272727273,0.06546295240798732,0.6127864897466828,0.03562390782594824,0.21068932666118126,0.2029473369239976,0.494949494949495,0.5,0.0,0.054168372152448296,0.10376834998149326,0.26379079688020746,1.0,0.0,0.0,0.0,0.0,0.0,0.0,0.0,0.0,0.0,0.0,0.0,0.0,0.0,0.0,0.0,0.0,0.0,1.0,0.0,0.0,0.0,0.0,0.0,0.0,1.0,0.0,0.0,False
0.20000000000000284,0.28846153846153844,0.96969696969697,0.7563953839242008,0.95416164053076,0.14438812874783377,0.2658068398606456,0.2916474640933573,0.46464646464646464,0.53,0.15384615384615385,0.2091676698666843,0.7909740277891625,0.10798196182103102,0.0,0.0,0.0,0.0,0.0,0.0,1.0,0.0,0.0,0.0,0.0,0.0,0.0,0.0,0.0,0.0,0.0,0.0,1.0,0.0,0.0,0.0,0.0,0.0,0.0,1.0,0.0,0.0,True
0.15000000000000568,0.4871794871794871,0.8333333333333335,0.05553730165648546,0.6731001206272619,0.18789381711658798,0.45128497904382003,0.07454397815679234,0.8484848484848485,0.15,0.0,0.21128343082185214,0.08066337457113244,0.26379079688020746,1.0,0.0,0.0,0.0,0.0,0.0,0.0,0.0,0.0,0.0,0.0,0.0,0.0,0.0,0.0,0.0,0.0,0.0,1.0,0.0,0.0,0.0,0.0,0.0,0.0,1.0,0.0,0.0,False
0.5500000000000114,0.47435897435897434,0.696969696969697,0.09680601469699646,0.615199034981906,0.25315234966971933,0.28832784886060425,0.35618274236983843,0.43434343434343436,0.56,0.0,0.2889003089905268,0.15291519002831092,0.1082061137053058,0.0,0.0,0.0,1.0,0.0,0.0,0.0,0.0,0.0,0.0,0.0,0.0,0.0,0.0,0.0,0.0,0.0,0.0,1.0,0.0,0.0,0.0,0.0,0.0,0.0,1.0,0.0,0.0,False
0.30000000000001137,0.25,0.7878787878787878,0.16344541227362372,0.7104945717732208,0.17339192099366993,0.5438241812287817,0.6407695766008379,0.4444444444444445,0.55,0.0,0.26600874359501636,0.22577374447499696,0.26379079688020746,1.0,0.0,0.0,0.0,0.0,0.0,0.0,0.0,0.0,0.0,0.0,0.0,0.0,0.0,0.0,0.0,0.0,0.0,1.0,0.0,0.0,0.0,0.0,1.0,0.0,0.0,0.0,0.0,False
0.10000000000000853,0.14743589743589736,0.6060606060606062,0.026351179686167046,0.4837153196622437,0.18064286905512894,0.3021540463184567,0.01881018102932376,0.9393939393939394,0.06,0.0,0.3288557750630964,0.05188393781443918,0.26379079688020746,1.0,0.0,0.0,0.0,0.0,0.0,0.0,0.0,0.0,0.0,0.0,0.0,0.0,0.0,0.0,0.0,0.0,0.0,1.0,0.0,0.0,0.0,0.0,0.0,1.0,0.0,0.0,0.0,False
0.9500000000000028,0.5448717948717948,0.7878787878787878,0.24844525208634616,0.7370325693606755,0.06462770007178438,0.21175494255529778,0.15296852184320767,0.5656565656565656,0.43,0.0,0.06808358293052756,0.3316112369544451,0.10798196182103102,0.0,0.0,0.0,0.0,0.0,0.0,1.0,0.0,0.0,0.0,0.0,0.0,0.0,0.0,0.0,0.0,0.0,0.0,1.0,0.0,0.0,0.0,0.0,0.0,0.0,1.0,0.0,0.0,False
0.10000000000000853,0.23076923076923073,0.5151515151515151,0.013402832260078573,0.39686369119420994,0.2096466613009651,0.13040376556627042,0.02405718880909635,0.8383838383838385,0.16,0.0,0.3313872117963786,0.03152269287183672,0.10376668917399683,0.0,0.0,0.0,0.0,1.0,0.0,0.0,0.0,0.0,0.0,0.0,0.0,1.0,0.0,0.0,0.0,0.0,0.0,0.0,0.0,0.0,0.0,0.0,0.0,1.0,0.0,0.0,0.0,False
0.6500000000000057,0.3717948717948718,0.8484848484848486,0.21722661433385562,0.773220747889023,0.2894070899770145,0.9687456437043437,0.22222704219030523,0.8080808080808083,0.19,0.15384615384615385,0.3740946085502206,0.27716168522471685,0.26379079688020746,1.0,0.0,0.0,0.0,0.0,0.0,0.0,0.0,0.0,0.0,0.0,0.0,0.0,0.0,0.0,0.0,0.0,0.0,1.0,0.0,0.0,0.0,0.0,0.0,0.0,1.0,0.0,0.0,False
0.5,0.34615384615384615,0.7121212121212122,0.07128408356858512,0.6079613992762365,0.4344260512061952,0.33489209113181784,0.28285930580490726,0.5252525252525254,0.47,0.0,0.5808208442442402,0.11383099481173334,0.26379079688020746,1.0,0.0,0.0,0.0,0.0,0.0,0.0,0.0,0.0,0.0,0.0,0.0,0.0,0.0,0.0,0.0,0.0,1.0,0.0,0.0,0.0,0.0,0.0,0.0,0.0,1.0,0.0,0.0,False
0.9000000000000057,0.23717948717948711,0.696969696969697,0.10172711687487287,0.617611580217129,0.20239571323950606,0.423378110194553,0.17579293836026333,0.696969696969697,0.3,0.0,0.31672086676481526,0.16010849834176658,0.26379079688020746,1.0,0.0,0.0,0.0,0.0,0.0,0.0,0.0,0.0,0.0,0.0,0.0,0.0,0.0,0.0,0.0,0.0,0.0,1.0,0.0,0.0,0.0,0.0,0.0,0.0,1.0,0.0,0.0,False
0.10000000000000853,0.1794871794871794,0.2575757575757576,0.015148501056863502,0.25331724969843183,0.5069355318207855,0.11008009282807309,0.04201129563135847,0.7171717171717172,0.28,0.0,0.8716798502788491,0.05262011161642769,0.26379079688020746,1.0,0.0,0.0,0.0,0.0,0.0,0.0,0.0,0.0,0.0,0.0,0.0,0.0,0.0,0.0,0.0,0.0,0.0,1.0,0.0,0.0,0.0,0.0,0.0,0.0,1.0,0.0,0.0,False
0.25,0.33974358974358976,0.8181818181818181,0.030813326687423957,0.6248492159227986,0.019671822090738363,0.17126952164930423,0.01018041591861161,0.9393939393939394,0.06,0.15384615384615385,0.02648369722586655,0.04794373335587116,0.10800812381772883,0.0,0.0,0.0,0.0,0.0,1.0,0.0,0.0,0.0,0.0,0.0,0.0,0.0,0.0,0.0,0.0,0.0,0.0,1.0,0.0,0.0,0.0,0.0,0.0,0.0,1.0,0.0,0.0,True
0.05000000000001137,0.14743589743589736,0.42424242424242425,0.009982275091474384,0.33172496984318456,0.07912959619470246,0.18504609231104915,0.00966822262118492,0.9494949494949495,0.05,0.0,0.1441941270457749,0.027498550283184646,0.10376668917399683,0.0,0.0,0.0,0.0,1.0,0.0,0.0,0.0,0.0,0.0,0.0,0.0,0.0,0.0,0.0,0.0,0.0,0.0,1.0,0.0,0.0,0.0,0.0,0.0,1.0,0.0,0.0,0.0,False
0.0,0.22435897435897434,0.6363636363636362,0.031100918729916053,0.51145958986731,0.0682531741025139,0.4435138785059456,0.018691838719329744,0.9595959595959597,0.04,0.0,0.10906534415035152,0.058205502261559974,0.10376668917399683,0.0,0.0,0.0,0.0,1.0,0.0,0.0,0.0,0.0,0.0,0.0,0.0,0.0,0.0,0.0,0.0,0.0,0.0,1.0,0.0,0.0,0.0,0.0,0.0,0.0,1.0,0.0,0.0,False
0.7000000000000028,0.3012820512820512,0.7424242424242424,0.04620471636048545,0.6019300361881785,0.18064286905512894,0.22272876569531716,0.007345616397366846,0.9696969696969697,0.03,0.0,0.25690967843297113,0.07445143518945033,0.10798196182103102,0.0,0.0,0.0,0.0,0.0,0.0,1.0,0.0,0.0,0.0,0.0,0.0,0.0,0.0,0.0,0.0,0.0,0.0,1.0,0.0,0.0,0.0,0.0,0.0,1.0,0.0,0.0,0.0,False
0.75,0.39102564102564097,0.8181818181818181,0.1803217007567545,0.7394451145958988,0.21689760936242414,0.4054846236065221,0.29584735188509875,0.5656565656565656,0.43,0.0,0.2735423781915484,0.23993361159607035,0.26379079688020746,1.0,0.0,0.0,0.0,0.0,0.0,0.0,0.0,0.0,0.0,0.0,0.0,0.0,0.0,0.0,0.0,1.0,0.0,0.0,0.0,0.0,0.0,0.0,0.0,0.0,1.0,0.0,0.0,False
0.30000000000001137,0.1923076923076923,0.5909090909090908,0.10816515531832938,0.5476477683956575,0.18064286905512894,0.41847531136261107,0.4846814856373429,0.4545454545454546,0.55,0.0,0.3040356610822736,0.19023840064982805,0.10587733590506189,0.0,0.0,0.0,0.0,0.0,0.0,0.0,1.0,0.0,0.0,0.0,0.0,0.0,0.0,0.0,0.0,0.0,0.0,1.0,0.0,0.0,0.0,0.0,0.0,0.0,1.0,0.0,0.0,False
0.5500000000000114,0.27564102564102566,0.6818181818181819,0.08099366775966545,0.5946924004825092,0.21689760936242414,0.14104079614060863,0.16980849790544586,0.4444444444444445,0.55,0.0,0.3201453199679397,0.13201247426471308,0.10376668917399683,0.0,0.0,0.0,0.0,1.0,0.0,0.0,0.0,0.0,0.0,0.0,0.0,0.0,0.0,0.0,0.0,0.0,0.0,1.0,0.0,0.0,0.0,0.0,0.0,0.0,1.0,0.0,0.0,False
0.10000000000000853,0.27564102564102566,0.6363636363636362,0.018265074926667752,0.48250904704463216,0.21689760936242414,0.054007068102054766,0.047435405445840816,0.5252525252525254,0.47,0.0,0.3201453199679397,0.03603117223140593,0.26379079688020746,1.0,0.0,0.0,0.0,0.0,0.0,0.0,0.0,0.0,0.0,0.0,0.0,0.0,0.0,0.0,0.0,0.0,0.0,1.0,0.0,0.0,0.0,0.0,0.0,0.0,1.0,0.0,0.0,False
0.5500000000000114,0.33974358974358976,0.6818181818181819,0.09821864296789028,0.6055488540410133,0.5069355318207855,0.19391785674741283,0.2390750748055057,0.43434343434343436,0.56,0.0,0.6836244584461278,0.15743799811901843,0.26379079688020746,1.0,0.0,0.0,0.0,0.0,0.0,0.0,0.0,0.0,0.0,0.0,0.0,0.0,0.0,0.0,0.0,0.0,1.0,0.0,0.0,0.0,0.0,0.0,0.0,0.0,1.0,0.0,0.0,False
0.6500000000000057,0.1923076923076923,0.7727272727272727,0.047592012689812606,0.6236429433051871,0.05737675201032534,0.1352144335649576,0.05788450029922203,0.6868686868686869,0.31,0.0,0.09668133742534274,0.07420829119237905,0.10376668917399683,0.0,0.0,0.0,0.0,1.0,0.0,0.0,0.0,0.0,0.0,0.0,0.0,0.0,0.0,0.0,0.0,0.0,0.0,1.0,0.0,0.0,0.0,0.0,0.0,1.0,0.0,0.0,0.0,False
0.5500000000000114,0.22435897435897434,0.6363636363636362,0.05101778525815111,0.5392038600723764,0.21689760936242414,0.27516907484382747,0.2950839691801317,0.46464646464646464,0.53,0.0,0.34635286999185133,0.09099535975656964,0.10376668917399683,0.0,0.0,0.0,0.0,1.0,0.0,0.0,0.0,0.0,0.0,0.0,0.0,0.0,0.0,0.0,0.0,0.0,0.0,1.0,0.0,0.0,0.0,0.0,0.0,1.0,0.0,0.0,0.0,False
0.75,0.27564102564102566,0.6060606060606062,0.07855733102663653,0.5416164053075995,0.5794450124353758,0.21129997729552766,0.8944438210652305,0.18181818181818182,0.81,0.0,0.8552161329561353,0.1395656897930114,0.26379079688020746,1.0,0.0,0.0,0.0,0.0,0.0,0.0,0.0,0.0,0.0,0.0,0.0,0.0,0.0,0.0,0.0,0.0,0.0,1.0,0.0,0.0,0.0,0.0,0.0,1.0,0.0,0.0,0.0,False
0.0,0.4358974358974359,0.8333333333333335,0.1504314998223039,0.7382388419782872,0.3619165705916048,0.9726178513948803,0.9775290320167564,0.48484848484848486,0.51,0.38461538461538464,0.4320608945929516,0.20046148271378028,0.1082061137053058,0.0,0.0,0.0,1.0,0.0,0.0,0.0,0.0,0.0,0.0,0.0,0.0,0.0,0.0,0.0,0.0,0.0,0.0,1.0,0.0,0.0,0.0,0.0,0.0,0.0,1.0,0.0,0.0,True
0.4000000000000057,0.17307692307692302,0.7121212121212122,0.06962335128175899,0.6067551266586249,0.07187864813324342,0.2432294145794335,0.015479787552363854,0.9393939393939394,0.06,0.0,0.1251417347900195,0.11138281438402359,0.10376668917399683,0.0,0.0,0.0,0.0,1.0,0.0,0.0,0.0,0.0,0.0,0.0,0.0,0.0,0.0,0.0,0.0,0.0,0.0,1.0,0.0,0.0,0.0,0.0,0.0,1.0,0.0,0.0,0.0,False
0.05000000000001137,0.46794871794871795,0.7575757575757578,0.20245287700075773,0.7020506634499397,0.5069355318207855,0.7790333459672527,0.7687761594853382,0.494949494949495,0.51,0.07692307692307693,0.5829595134062594,0.28281532061349124,0.11537708435120664,0.0,0.0,0.0,0.0,0.0,0.0,0.0,0.0,1.0,0.0,0.0,0.0,0.0,0.0,0.0,0.0,0.0,0.0,1.0,0.0,0.0,0.0,0.0,0.0,0.0,1.0,0.0,0.0,False
0.0,0.423076923076923,0.8030303030303032,0.08864689434121678,0.6827503015681544,0.2313995054853422,0.3775591301764263,0.2507822710951526,0.5858585858585859,0.41,0.0,0.28049201010617886,0.1270790115068543,0.1082061137053058,0.0,0.0,0.0,1.0,0.0,0.0,0.0,0.0,0.0,0.0,0.0,0.0,0.0,0.0,0.0,0.0,0.0,0.0,1.0,0.0,0.0,0.0,0.0,0.0,0.0,1.0,0.0,0.0,False
0.8000000000000114,0.16666666666666663,0.6363636363636362,0.14747138794452902,0.5958986731001207,0.13713718068637473,0.7563036223034835,0.32181056253740276,0.6868686868686869,0.31,0.0,0.24126746528923043,0.23995215012345394,0.39926384018223143,0.0,0.0,1.0,0.0,0.0,0.0,0.0,0.0,0.0,0.0,0.0,0.0,0.0,0.0,0.0,0.0,0.0,0.0,1.0,0.0,0.0,0.0,0.0,0.0,0.0,1.0,0.0,0.0,False
0.9500000000000028,0.2435897435897436,0.5757575757575757,0.0697053075632982,0.5150784077201448,0.1516390768092928,0.423332157160956,0.43681575403949735,0.47474747474747475,0.52,0.0,0.23495780835556163,0.12967019025640536,0.10587733590506189,0.0,0.0,0.0,0.0,0.0,0.0,0.0,1.0,0.0,0.0,0.0,0.0,0.0,0.0,0.0,0.0,0.0,0.0,1.0,0.0,0.0,0.0,0.0,0.0,0.0,1.0,0.0,0.0,False
0.4000000000000057,0.3012820512820512,0.6818181818181819,0.05214356654365774,0.5693606755126659,0.20239571323950606,0.020722322473913535,0.12248097695990426,0.1414141414141414,0.86,0.0,0.287846499983925,0.0884605659029903,0.1082061137053058,0.0,0.0,0.0,1.0,0.0,0.0,0.0,0.0,0.0,0.0,0.0,0.0,0.0,0.0,0.0,0.0,0.0,1.0,0.0,0.0,0.0,0.0,0.0,0.0,0.0,1.0,0.0,0.0,False
0.5,0.3653846153846153,0.6515151515151516,0.039217570830716315,0.5343787696019301,0.1081333884405386,0.49524899576461684,0.09120970227408738,0.8383838383838385,0.16,0.0,0.14089659761689416,0.0705177626223371,0.39926384018223143,0.0,0.0,1.0,0.0,0.0,0.0,0.0,0.0,0.0,0.0,0.0,0.0,0.0,0.0,0.0,0.0,0.0,0.0,1.0,0.0,0.0,0.0,0.0,1.0,0.0,0.0,0.0,0.0,False
0.05000000000001137,0.4423076923076923,0.8636363636363638,0.11278823465424508,0.7406513872135103,0.15889002487075185,0.3116246340440379,0.4301786879114303,0.40404040404040403,0.59,0.07692307692307693,0.18816118609751808,0.14982758470280882,0.10798196182103102,0.0,0.0,0.0,0.0,0.0,0.0,1.0,0.0,0.0,0.0,0.0,0.0,0.0,0.0,0.0,0.0,0.0,0.0,1.0,0.0,0.0,0.0,0.0,0.0,1.0,0.0,0.0,0.0,False
0.4000000000000057,0.23717948717948711,0.5151515151515151,0.0948450243968949,0.48854041013269,0.25315234966971933,0.3145507858836807,0.34692951077199286,0.46464646464646464,0.53,0.0,0.39612537541226345,0.18517872848357836,0.26379079688020746,1.0,0.0,0.0,0.0,0.0,0.0,0.0,0.0,0.0,0.0,0.0,0.0,0.0,0.0,0.0,0.0,0.0,0.0,1.0,0.0,0.0,0.0,0.0,0.0,1.0,0.0,0.0,0.0,False
0.25,0.23717948717948711,0.6666666666666667,0.06634360990598125,0.5729794933655007,0.25315234966971933,0.49480868680211976,0.1677363853979653,0.7373737373737375,0.26,0.0,0.39612537541226345,0.1119069362267837,0.2859195739287712,0.0,1.0,0.0,0.0,0.0,0.0,0.0,0.0,0.0,0.0,0.0,0.0,0.0,0.0,0.0,0.0,0.0,0.0,1.0,0.0,0.0,0.0,0.0,1.0,0.0,0.0,0.0,0.0,False
0.10000000000000853,0.3205128205128205,0.7727272727272727,0.06657830289402532,0.6441495778045839,0.2096466613009651,0.12325413543587464,0.12721489377618192,0.48484848484848486,0.52,0.0,0.2902192355601043,0.10075437215216246,0.1082061137053058,0.0,0.0,0.0,1.0,0.0,0.0,0.0,0.0,0.0,0.0,0.0,0.0,0.0,0.0,0.0,0.0,0.0,0.0,1.0,0.0,0.0,0.0,0.0,0.0,0.0,1.0,0.0,0.0,False
0.0,0.3205128205128205,0.893939393939394,0.16301774949541006,0.7864897466827504,0.21689760936242414,0.8955738276756435,0.1574800418910832,0.8484848484848485,0.15,0.0,0.3002577322285554,0.20467747380147075,0.1082061137053058,0.0,0.0,0.0,1.0,0.0,0.0,0.0,0.0,0.0,0.0,0.0,0.0,0.0,0.0,0.0,0.0,0.0,0.0,1.0,0.0,0.0,0.0,0.0,1.0,0.0,0.0,0.0,0.0,False
0.30000000000001137,0.3205128205128205,0.8636363636363638,0.17201356897999448,0.7683956574185766,0.21689760936242414,0.3143303523824946,0.09718934769599043,0.7575757575757577,0.24,0.0,0.3002577322285554,0.22076117476640383,0.10376668917399683,0.0,0.0,0.0,0.0,1.0,0.0,0.0,0.0,0.0,0.0,0.0,0.0,0.0,0.0,0.0,0.0,0.0,0.0,1.0,0.0,0.0,0.0,0.0,0.0,1.0,0.0,0.0,0.0,False
0.6500000000000057,0.27564102564102566,0.5757575757575757,0.0894791231273921,0.5271411338962605,0.6519544930499662,0.5305599686778418,0.9821271768402154,0.33333333333333337,0.66,0.0,0.9622302955537745,0.1629763441630261,0.2859195739287712,0.0,1.0,0.0,0.0,0.0,0.0,0.0,0.0,0.0,0.0,0.0,0.0,0.0,0.0,0.0,0.0,0.0,0.0,1.0,0.0,0.0,0.0,0.0,1.0,0.0,0.0,0.0,0.0,False
0.4000000000000057,0.28205128205128205,0.9090909090909092,0.32450962203998124,0.8468033775633294,0.1081333884405386,0.05964616179631424,0.19145433871932976,0.22222222222222224,0.77,0.07692307692307693,0.1581238775303926,0.38002338894992543,0.10376668917399683,0.0,0.0,0.0,0.0,1.0,0.0,0.0,0.0,0.0,0.0,0.0,0.0,0.0,0.0,0.0,0.0,0.0,1.0,0.0,0.0,0.0,0.0,0.0,0.0,0.0,1.0,0.0,0.0,False
0.4000000000000057,0.15384615384615385,0.3181818181818182,0.024402110299743922,0.3051869722557299,0.14438812874783377,0.20759816553071708,0.14181410831837224,0.5858585858585859,0.41,0.0,0.2598729755163958,0.07233644192546272,0.10587733590506189,0.0,0.0,0.0,0.0,0.0,0.0,0.0,1.0,0.0,0.0,0.0,0.0,0.0,0.0,0.0,0.0,0.0,0.0,1.0,0.0,0.0,0.0,0.0,0.0,1.0,0.0,0.0,0.0,False
0.7000000000000028,0.34615384615384615,0.696969696969697,0.10070862381247211,0.617611580217129,0.3256618302843097,0.35799432191326946,0.6111609814482346,0.35353535353535354,0.64,0.0,0.4353913412269357,0.15850503444599418,0.10376668917399683,0.0,0.0,0.0,0.0,1.0,0.0,0.0,0.0,0.0,0.0,0.0,0.0,0.0,0.0,0.0,0.0,0.0,0.0,1.0,0.0,0.0,0.0,0.0,0.0,1.0,0.0,0.0,0.0,False
0.25,0.23076923076923073,0.6515151515151516,0.055419582633910974,0.5536791314837154,0.007345210386258003,0.12465281587928506,0.10902504488330342,0.5252525252525254,0.47,0.0,0.011706722436522057,0.09647187717915488,0.10587733590506189,0.0,0.0,0.0,0.0,0.0,0.0,0.0,1.0,0.0,1.0,0.0,0.0,0.0,0.0,0.0,0.0,0.0,0.0,0.0,0.0,0.0,0.0,0.0,0.0,0.0,1.0,0.0,0.0,False
0.75,0.3653846153846153,0.7424242424242424,0.19043585095579652,0.6875753920386007,0.35466562253014583,0.24386476622880326,0.5329340290245362,0.30303030303030304,0.69,0.0,0.462295799285137,0.27125975778917855,0.26379079688020746,1.0,0.0,0.0,0.0,0.0,0.0,0.0,0.0,0.0,0.0,0.0,0.0,0.0,0.0,0.0,0.0,1.0,0.0,0.0,0.0,0.0,0.0,0.0,0.0,0.0,1.0,0.0,0.0,False
0.3500000000000085,0.23717948717948711,0.7575757575757578,0.2086852796832613,0.704463208685163,0.1081333884405386,0.22115291534214224,0.272365065828845,0.43434343434343436,0.56,0.0,0.16925535070526854,0.2905885275198469,0.10587733590506189,0.0,0.0,0.0,0.0,0.0,0.0,0.0,1.0,0.0,0.0,0.0,0.0,0.0,0.0,0.0,0.0,0.0,1.0,0.0,0.0,0.0,0.0,0.0,0.0,0.0,1.0,0.0,0.0,False
0.20000000000000284,0.3846153846153846,0.893939393939394,0.4313731625960472,0.854041013268999,0.21689760936242414,0.6269941651815701,0.2753653201675643,0.6868686868686869,0.31,0.0,0.27577359401282103,0.5011308487670791,0.10798196182103102,0.0,0.0,0.0,0.0,0.0,0.0,1.0,0.0,0.0,0.0,0.0,0.0,0.0,0.0,0.0,0.0,0.0,0.0,1.0,0.0,0.0,0.0,0.0,0.0,1.0,0.0,0.0,0.0,False
0.0,0.3653846153846153,0.7727272727272727,0.04037315440041902,0.6127864897466828,0.06462770007178438,0.13071685693837096,0.08834286355475764,0.5858585858585859,0.41,0.0,0.08417909144014545,0.06397992124840025,0.10800812381772883,0.0,0.0,0.0,0.0,0.0,1.0,0.0,0.0,0.0,0.0,0.0,0.0,0.0,0.0,0.0,0.0,0.0,0.0,1.0,0.0,0.0,0.0,0.0,0.0,0.0,1.0,0.0,0.0,False
0.10000000000000853,0.3012820512820512,0.8484848484848486,0.09947555430385963,0.721351025331725,0.18064286905512894,0.322197490032749,0.5024691651705566,0.37373737373737376,0.62,0.6923076923076923,0.25690967843297113,0.13545265367327475,0.10798196182103102,0.0,0.0,0.0,0.0,0.0,0.0,1.0,0.0,0.0,0.0,0.0,0.0,0.0,0.0,0.0,0.0,0.0,0.0,1.0,0.0,0.0,0.0,0.0,0.0,1.0,0.0,0.0,0.0,True
0.0,0.2435897435897436,0.5606060606060606,0.005664669168568425,0.3799758745476478,0.07187864813324342,0.011882428314856454,0.011842295032914424,0.5050505050505052,0.49,0.0,0.11141472559432676,0.013824841760709118,0.10376668917399683,0.0,0.0,0.0,0.0,1.0,0.0,0.0,0.0,0.0,0.0,0.0,0.0,0.0,0.0,0.0,0.0,0.0,0.0,1.0,0.0,0.0,0.0,0.0,0.0,0.0,1.0,0.0,0.0,False
0.05000000000001137,0.13461538461538458,0.4393939393939394,0.04555204633659147,0.40530759951749096,0.15889002487075185,0.446726165291504,0.2021968880909635,0.6767676767676769,0.32,0.0,0.29619453119608713,0.10524061432525537,0.10376668917399683,0.0,0.0,0.0,0.0,1.0,0.0,0.0,0.0,0.0,0.0,0.0,0.0,0.0,0.0,0.0,0.0,0.0,0.0,1.0,0.0,0.0,0.0,0.0,0.0,1.0,0.0,0.0,0.0,False
0.9000000000000057,0.1794871794871794,0.5303030303030303,0.021566422958487652,0.42822677925211106,0.2894070899770145,0.15967192618732168,0.050867743865948535,0.7474747474747475,0.25,0.0,0.4977182710914947,0.047405134980785704,0.26379079688020746,1.0,0.0,0.0,0.0,0.0,0.0,0.0,0.0,0.0,0.0,0.0,0.0,0.0,0.0,0.0,0.0,0.0,0.0,1.0,0.0,0.0,0.0,0.0,0.0,0.0,1.0,0.0,0.0,False
0.9000000000000057,0.25,0.6515151515151516,0.0602989616139129,0.5572979493365501,0.1516390768092928,0.46663294349029355,0.252137933871933,0.6363636363636365,0.36,0.0,0.23264550466751713,0.10434201591331783,0.10376668917399683,0.0,0.0,0.0,0.0,1.0,0.0,0.0,0.0,0.0,0.0,0.0,0.0,0.0,0.0,0.0,0.0,0.0,0.0,1.0,0.0,0.0,0.0,0.0,0.0,0.0,1.0,0.0,0.0,False
0.05000000000001137,0.3846153846153846,0.696969696969697,0.0513850984108677,0.5790108564535585,0.5431902721280807,0.321415823428371,0.19491892579293837,0.6161616161616162,0.39,0.0,0.6907797367695191,0.08583126979274881,0.10376668917399683,0.0,0.0,0.0,0.0,1.0,0.0,0.0,0.0,0.0,0.0,0.0,0.0,0.0,0.0,0.0,0.0,0.0,0.0,1.0,0.0,0.0,0.0,0.0,0.0,1.0,0.0,0.0,0.0,False
0.25,0.41666666666666663,0.7575757575757578,0.0979817148085315,0.6574185765983113,0.3619165705916048,0.3931044082220417,0.3227857570317175,0.5353535353535355,0.46,0.15384615384615385,0.4422083491808718,0.1455099087698256,0.10798196182103102,0.0,0.0,0.0,0.0,0.0,0.0,1.0,0.0,0.0,0.0,0.0,0.0,0.0,0.0,0.0,0.0,0.0,0.0,1.0,0.0,0.0,0.0,0.0,0.0,0.0,1.0,0.0,0.0,True
0.05000000000001137,0.15384615384615385,0.42424242424242425,0.03416906388790169,0.3835946924004826,0.5214374279437035,0.8746329783367836,0.47240757779772596,0.6363636363636365,0.36,0.0,0.937875348203967,0.08290258017622715,0.10376668917399683,0.0,0.0,0.0,0.0,1.0,0.0,0.0,0.0,0.0,0.0,0.0,0.0,0.0,0.0,0.0,0.0,0.0,0.0,1.0,0.0,0.0,0.0,0.0,1.0,0.0,0.0,0.0,0.0,False
0.6500000000000057,0.2435897435897436,0.7575757575757578,0.08575085737446347,0.6489746682750303,0.11538433650199763,0.01723450350006485,0.16406961400359069,0.09090909090909093,0.9,0.0,0.17880186164590942,0.12888328554807285,0.10800812381772883,0.0,0.0,0.0,0.0,0.0,1.0,0.0,0.0,0.0,0.0,0.0,0.0,0.0,0.0,0.0,0.0,0.0,1.0,0.0,0.0,0.0,0.0,0.0,0.0,0.0,1.0,0.0,0.0,False
0.45000000000000284,0.21794871794871795,0.5454545454545454,0.08214403592963383,0.503015681544029,0.12263528456345667,0.5029871021948809,0.19828796379413527,0.7070707070707071,0.29,0.0,0.1979064620729045,0.15616247004574918,0.10587733590506189,0.0,0.0,0.0,0.0,0.0,0.0,0.0,1.0,0.0,0.0,0.0,0.0,0.0,0.0,0.0,0.0,0.0,0.0,1.0,0.0,0.0,0.0,0.0,0.0,0.0,1.0,0.0,0.0,False
0.6000000000000085,0.6025641025641025,0.8333333333333335,0.22746891435494074,0.7647768395657419,0.38004394074525244,0.7410740165643906,0.2775284260921604,0.7171717171717172,0.28,0.38461538461538464,0.37842373335709983,0.2932469502126952,0.10798196182103102,0.0,0.0,0.0,0.0,0.0,0.0,1.0,0.0,0.0,0.0,0.0,0.0,0.0,0.0,0.0,0.0,0.0,0.0,1.0,0.0,0.0,0.0,0.0,0.0,0.0,1.0,0.0,0.0,True
0.9500000000000028,0.25,0.6363636363636362,0.023657053194842115,0.496984318455971,0.35466562253014583,0.46792300767247474,0.44972445391980853,0.494949494949495,0.5,0.0,0.5440357346575102,0.04544014946364353,0.2859195739287712,0.0,1.0,0.0,0.0,0.0,0.0,0.0,0.0,0.0,0.0,0.0,0.0,0.0,0.0,0.0,0.0,0.0,0.0,1.0,0.0,0.0,0.0,0.0,1.0,0.0,0.0,0.0,0.0,False
0.3500000000000085,0.14743589743589736,0.7121212121212122,0.11297226375915582,0.6344993968636913,0.28215614191555544,0.09844787564217795,0.10708482196289648,0.46464646464646464,0.53,0.0,0.5135174230804179,0.17341284098744017,0.26379079688020746,1.0,0.0,0.0,0.0,0.0,0.0,0.0,0.0,0.0,0.0,0.0,0.0,0.0,0.0,0.0,0.0,0.0,0.0,1.0,0.0,0.0,0.0,0.0,0.0,0.0,1.0,0.0,0.0,False
0.15000000000000568,0.3589743589743589,0.5303030303030303,0.018559372483103968,0.42098914354644157,0.0863805442561615,0.03600525202328595,0.1419523563734291,0.19191919191919193,0.8,0.0,0.11349107992644836,0.04141924989888182,0.3332161751660213,0.0,0.0,0.0,0.0,0.0,0.0,0.0,0.0,1.0,0.0,0.0,0.0,0.0,0.0,0.0,0.0,0.0,1.0,0.0,0.0,0.0,0.0,0.0,0.0,0.0,1.0,0.0,0.0,False
0.15000000000000568,0.4935897435897435,0.8181818181818181,0.05531676475343453,0.6622436670687576,0.6229507008041301,0.9314054362911529,0.2098937088569719,0.8080808080808083,0.19,0.5384615384615385,0.6959179080607926,0.08157131349498757,0.10798196182103102,0.0,0.0,0.0,0.0,0.0,0.0,1.0,0.0,0.0,0.0,0.0,0.0,0.0,0.0,0.0,0.0,0.0,0.0,1.0,0.0,0.0,0.0,0.0,0.0,1.0,0.0,0.0,0.0,False
0.8500000000000085,0.39743589743589736,0.8333333333333335,0.15301684797631315,0.7394451145958988,0.21689760936242414,0.4368469063641177,0.7060053635547576,0.36363636363636365,0.63,0.46153846153846156,0.2713468618234163,0.20359511396657098,0.1082061137053058,0.0,0.0,0.0,1.0,0.0,0.0,0.0,0.0,0.0,0.0,0.0,0.0,0.0,0.0,0.0,0.0,0.0,1.0,0.0,0.0,0.0,0.0,0.0,0.0,1.0,0.0,0.0,0.0,True
0.5,0.16025641025641024,0.6666666666666667,0.12292026622380473,0.6079613992762365,0.3981713108989,0.7642535048663169,0.40060200478755237,0.6464646464646466,0.35,0.0,0.7080716593843815,0.196319874509438,0.10376668917399683,0.0,0.0,0.0,0.0,1.0,0.0,0.0,0.0,0.0,0.0,0.0,0.0,0.0,0.0,0.0,0.0,0.0,0.0,1.0,0.0,0.0,0.0,0.0,0.0,1.0,0.0,0.0,0.0,False
0.25,0.46794871794871795,0.8181818181818181,0.11481926032220739,0.7092882991556093,0.3256618302843097,0.5205255049102161,0.0703521618791143,0.8787878787878789,0.12,0.0,0.37443927010938893,0.1588433358439653,0.1082061137053058,0.0,0.0,0.0,1.0,0.0,0.0,0.0,0.0,0.0,0.0,0.0,0.0,0.0,0.0,0.0,0.0,0.0,0.0,1.0,0.0,0.0,0.0,0.0,0.0,1.0,0.0,0.0,0.0,False
0.3500000000000085,0.28846153846153844,0.7727272727272727,0.03518979212161716,0.6043425814234018,0.010245589610841618,0.14702571954630306,0.02368139587073609,0.8585858585858587,0.14,0.0,0.014857695001896985,0.056482074610344386,0.10376668917399683,0.0,0.0,0.0,0.0,1.0,0.0,0.0,0.0,0.0,0.0,0.0,0.0,0.0,0.0,0.0,0.0,0.0,0.0,1.0,0.0,0.0,0.0,0.0,0.0,1.0,0.0,0.0,0.0,False
0.5,0.2435897435897436,0.696969696969697,0.09174186155497889,0.6115802171290712,0.13713718068637473,0.3024149377105816,0.1173192250149611,0.7070707070707071,0.29,0.0,0.21249542967170074,0.14570850455473558,0.10587733590506189,0.0,0.0,0.0,0.0,0.0,0.0,0.0,1.0,0.0,0.0,0.0,0.0,0.0,0.0,0.0,0.0,0.0,0.0,1.0,0.0,0.0,0.0,0.0,0.0,0.0,1.0,0.0,0.0,False
0.05000000000001137,0.21153846153846156,0.37878787878787884,0.005791328876401732,0.2858866103739446,0.07187864813324342,0.05589360715564611,0.00794580341113106,0.8686868686868687,0.13,0.0,0.11726430337658221,0.01812958626486231,0.10800812381772883,0.0,0.0,0.0,0.0,0.0,1.0,0.0,0.0,0.0,0.0,0.0,0.0,0.0,0.0,0.0,0.0,0.0,0.0,1.0,0.0,0.0,0.0,0.0,0.0,0.0,1.0,0.0,0.0,False
0.5500000000000114,0.13461538461538458,0.6212121212121213,0.0503122161798091,0.5283474065138722,0.3619165705916048,0.16429038820183417,0.13975209455415918,0.5252525252525254,0.47,0.0,0.6743112390410788,0.09142684685849922,0.10798196182103102,0.0,0.0,0.0,0.0,0.0,0.0,1.0,0.0,0.0,0.0,0.0,0.0,0.0,0.0,0.0,0.0,0.0,0.0,1.0,0.0,0.0,0.0,0.0,0.0,1.0,0.0,0.0,0.0,False
0.0,0.1858974358974359,0.5151515151515151,0.007958699994561082,0.3727382388419783,0.05737675201032534,0.03809409603267906,0.038705587971274685,0.48484848484848486,0.51,0.0,0.09774197335197665,0.019775734369834222,0.10376668917399683,0.0,0.0,0.0,0.0,1.0,0.0,0.0,0.0,0.0,0.0,0.0,0.0,0.0,0.0,0.0,0.0,0.0,0.0,1.0,0.0,0.0,0.0,0.0,0.0,0.0,1.0,0.0,0.0,False
0.6000000000000085,0.3012820512820512,0.6363636363636362,0.10444806542197427,0.577804583835947,0.05012580394886631,0.8805906120424788,0.4002094554159186,0.6767676767676769,0.32,0.0,0.071288749127248,0.174848153823007,0.10376668917399683,0.0,0.0,0.0,0.0,1.0,0.0,0.0,0.0,0.0,0.0,0.0,0.0,0.0,0.0,0.0,0.0,0.0,0.0,1.0,0.0,0.0,0.0,0.0,0.0,0.0,1.0,0.0,0.0,False
0.4000000000000057,0.28205128205128205,0.7727272727272727,0.31443794009591863,0.7406513872135103,0.6519544930499662,0.85574033685364,0.6372493865948534,0.5656565656565656,0.44,0.07692307692307693,0.9532291043072442,0.4177815292052515,0.26379079688020746,1.0,0.0,0.0,0.0,0.0,0.0,0.0,0.0,0.0,0.0,0.0,0.0,0.0,0.0,0.0,0.0,0.0,0.0,1.0,0.0,0.0,0.0,0.0,0.0,0.0,1.0,0.0,0.0,False
0.4000000000000057,0.22435897435897434,0.5303030303030303,0.040454365624853314,0.45838359469240053,0.0863805442561615,0.24269775758961745,0.19891998055056853,0.5353535353535355,0.46,0.0,0.1380028473017539,0.08366221606278901,0.10798196182103102,0.0,0.0,0.0,0.0,0.0,0.0,1.0,0.0,0.0,0.0,0.0,0.0,0.0,0.0,0.0,0.0,0.0,0.0,1.0,0.0,0.0,0.0,0.0,0.0,1.0,0.0,0.0,0.0,False
0.05000000000001137,0.21153846153846156,0.4393939393939394,0.021415176366192584,0.3727382388419783,0.07187864813324342,0.15717379868237175,0.12193297426690605,0.5555555555555557,0.44,0.0,0.11726430337658221,0.05328351448297838,0.10587733590506189,0.0,0.0,0.0,0.0,0.0,0.0,0.0,1.0,0.0,0.0,1.0,0.0,0.0,0.0,0.0,0.0,0.0,0.0,0.0,0.0,0.0,0.0,0.0,0.0,0.0,1.0,0.0,0.0,False
0.15000000000000568,0.17307692307692302,0.030303030303030276,0.02803426368614022,0.13268998793727385,0.05012580394886631,0.07862645429260472,0.026694060442848597,0.7373737373737375,0.26,0.0,0.08733006400552037,0.16238887460417345,0.26379079688020746,1.0,0.0,0.0,0.0,0.0,0.0,0.0,0.0,0.0,0.0,0.0,0.0,1.0,0.0,0.0,0.0,0.0,0.0,0.0,0.0,0.0,0.0,0.0,0.0,0.0,1.0,0.0,0.0,False
0.15000000000000568,0.10897435897435892,0.5454545454545454,0.006365767904281024,0.37756332931242464,0.18064286905512894,0.3045772104668625,0.11855119688809097,0.7070707070707071,0.29,0.0,0.3535872457797019,0.015629474039429436,0.39926384018223143,0.0,0.0,1.0,0.0,0.0,0.0,0.0,0.0,0.0,0.0,0.0,0.0,0.0,0.0,0.0,0.0,0.0,0.0,1.0,0.0,0.0,0.0,0.0,1.0,0.0,0.0,0.0,0.0,False
0.3500000000000085,0.4487179487179487,0.8181818181818181,0.08316848944887381,0.6887816646562124,0.3256618302843097,0.18786240330195916,0.037578321364452424,0.8282828282828283,0.17,0.07692307692307693,0.3829055055515175,0.11824659023368744,0.10798196182103102,0.0,0.0,0.0,0.0,0.0,0.0,1.0,0.0,0.0,0.0,0.0,0.0,0.0,0.0,0.0,0.0,0.0,0.0,1.0,0.0,0.0,0.0,0.0,0.0,1.0,0.0,0.0,0.0,False
0.6000000000000085,0.26923076923076916,0.5757575757575757,0.022763729726064854,0.45838359469240053,0.25315234966971933,0.10074307039646672,0.13359562387791743,0.41414141414141414,0.58,0.0,0.37721954002001384,0.04705774844950122,0.10376668917399683,0.0,0.0,0.0,0.0,1.0,0.0,0.0,0.0,0.0,0.0,0.0,0.0,0.0,0.0,0.0,0.0,0.0,0.0,1.0,0.0,0.0,0.0,0.0,0.0,1.0,0.0,0.0,0.0,False
0.6500000000000057,0.23717948717948711,0.696969696969697,0.09125980960810742,0.6115802171290712,0.15889002487075185,0.15542807944113052,0.21162865050867746,0.41414141414141414,0.58,0.0,0.24865985935271676,0.14494264930102244,0.26379079688020746,1.0,0.0,0.0,0.0,0.0,0.0,0.0,0.0,0.0,0.0,0.0,0.0,0.0,0.0,0.0,0.0,0.0,0.0,1.0,0.0,0.0,0.0,0.0,0.0,0.0,1.0,0.0,0.0,False
0.45000000000000284,0.22435897435897434,0.6060606060606062,0.05890048942801221,0.525934861278649,0.07187864813324342,0.19671638021730664,0.1662414198084979,0.5252525252525254,0.47,0.0,0.114852844780632,0.10749095222969209,0.10587733590506189,0.0,0.0,0.0,0.0,0.0,0.0,0.0,1.0,0.0,0.0,0.0,0.0,0.0,0.0,0.0,0.0,0.0,0.0,1.0,0.0,0.0,0.0,0.0,0.0,1.0,0.0,0.0,0.0,False
0.3500000000000085,0.3782051282051282,0.9545454545454546,0.731955275712107,0.939686369119421,0.18064286905512894,0.574924689031117,0.7281832809694794,0.42424242424242425,0.57,0.6153846153846154,0.2315516279813696,0.7766307171447812,0.10800812381772883,0.0,0.0,0.0,0.0,0.0,1.0,0.0,0.0,0.0,0.0,0.0,0.0,0.0,0.0,0.0,0.0,0.0,0.0,1.0,0.0,0.0,0.0,0.0,0.0,0.0,1.0,0.0,0.0,True
0.5500000000000114,0.3141025641025641,0.7727272727272727,0.26582668928660036,0.7297949336550061,0.3619165705916048,0.9835381802124362,0.9955999925194495,0.48484848484848486,0.51,0.0,0.5055091373245646,0.3581153539455913,0.3332161751660213,0.0,0.0,0.0,0.0,0.0,0.0,0.0,0.0,1.0,0.0,0.0,0.0,0.0,0.0,0.0,0.0,0.0,0.0,1.0,0.0,0.0,0.0,0.0,0.0,1.0,0.0,0.0,0.0,False
0.8000000000000114,0.21794871794871795,0.7272727272727273,0.07578944388192634,0.6212303980699638,0.2604032977311783,0.23957679557971656,0.4308797127468582,0.3434343434343434,0.65,0.0,0.42009875431171395,0.11862854115425009,0.10798196182103102,0.0,0.0,0.0,0.0,0.0,0.0,1.0,0.0,0.0,0.0,0.0,0.0,0.0,0.0,0.0,0.0,0.0,0.0,1.0,0.0,0.0,0.0,0.0,0.0,1.0,0.0,0.0,0.0,False
0.9000000000000057,0.3589743589743589,0.8484848484848486,0.15196408228708688,0.7490952955367914,0.1081333884405386,0.265547056797717,0.46044227259126275,0.35353535353535354,0.64,0.7692307692307693,0.14208814186430485,0.19974629974198768,0.1082061137053058,0.0,0.0,0.0,1.0,0.0,0.0,0.0,0.0,0.0,0.0,0.0,0.0,0.0,0.0,0.0,0.0,1.0,0.0,0.0,0.0,0.0,0.0,0.0,0.0,0.0,1.0,0.0,0.0,True
0.0,0.20512820512820507,0.7727272727272727,0.015492717439328136,0.5536791314837154,0.05012580394886631,0.26374782773290456,0.010570915619389588,0.9595959595959597,0.04,0.0,0.08268652548812573,0.026936666864426494,0.10376668917399683,0.0,0.0,0.0,0.0,1.0,0.0,0.0,0.0,0.0,0.0,0.0,0.0,0.0,0.0,0.0,0.0,0.0,0.0,1.0,0.0,0.0,0.0,0.0,1.0,0.0,0.0,0.0,0.0,False
0.6000000000000085,0.15384615384615385,0.7575757575757578,0.0822997528645583,0.646562123039807,0.28215614191555544,0.272710777434957,0.34560143626570916,0.42424242424242425,0.57,0.07692307692307693,0.5076046116907007,0.12412411522877595,0.39926384018223143,0.0,0.0,1.0,0.0,0.0,0.0,0.0,0.0,0.0,0.0,0.0,0.0,0.0,0.0,0.0,0.0,0.0,0.0,1.0,0.0,0.0,0.0,0.0,1.0,0.0,0.0,0.0,0.0,False
0.5,0.26923076923076916,0.696969696969697,0.07596825758710277,0.600723763570567,0.21689760936242414,0.41021633671344804,0.196446671154997,0.6666666666666669,0.33,0.0,0.3232028674707294,0.12266748435321026,0.2859195739287712,0.0,1.0,0.0,0.0,0.0,0.0,0.0,0.0,0.0,0.0,0.0,0.0,0.0,0.0,0.0,0.0,0.0,0.0,1.0,0.0,0.0,0.0,0.0,1.0,0.0,0.0,0.0,0.0,False
0.6500000000000057,0.2564102564102564,0.8333333333333335,0.1133373417405577,0.718938480096502,0.03562390782594824,0.1658730977951395,0.037166172950329146,0.8080808080808083,0.19,0.0,0.054168372152448296,0.1548197448531994,0.10376668917399683,0.0,0.0,0.0,0.0,1.0,0.0,0.0,0.0,0.0,0.0,0.0,0.0,0.0,0.0,0.0,0.0,0.0,0.0,1.0,0.0,0.0,0.0,0.0,0.0,1.0,0.0,0.0,0.0,False
0.30000000000001137,0.5384615384615384,0.8484848484848486,0.18940022157998299,0.7647768395657419,0.46125455903359364,0.016417207599777644,0.9935415245362059,0.010101010101010102,0.98,0.0,0.49065455237351135,0.24416199510259315,0.10800812381772883,0.0,0.0,0.0,0.0,0.0,1.0,0.0,0.0,0.0,0.0,0.0,0.0,1.0,0.0,0.0,0.0,0.0,0.0,0.0,0.0,0.0,0.0,0.0,0.0,0.0,1.0,0.0,0.0,False
0.30000000000001137,0.28205128205128205,0.6818181818181819,0.12985376764202092,0.6212303980699638,0.12263528456345667,0.32299478175362756,0.21117660831837223,0.595959595959596,0.4,0.0,0.17932668357777531,0.2032845880119841,0.10587733590506189,0.0,0.0,0.0,0.0,0.0,0.0,0.0,1.0,0.0,0.0,0.0,0.0,0.0,0.0,0.0,0.0,0.0,0.0,1.0,0.0,0.0,0.0,0.0,0.0,0.0,1.0,0.0,0.0,False
0.9000000000000057,0.4935897435897435,0.7727272727272727,0.08553702598535665,0.6598311218335344,0.21689760936242414,0.34755441892478145,0.2660233393177738,0.5555555555555557,0.44,0.0,0.24217785864680264,0.12658986423547797,0.26379079688020746,1.0,0.0,0.0,0.0,0.0,0.0,0.0,0.0,0.0,0.0,0.0,0.0,0.0,0.0,0.0,0.0,0.0,0.0,1.0,0.0,0.0,0.0,0.0,0.0,0.0,1.0,0.0,0.0,False
0.9000000000000057,0.5,0.7878787878787878,0.11409357470203305,0.6875753920386007,0.2313995054853422,0.13744847644960895,0.10505392728904848,0.5555555555555557,0.44,0.0,0.2565439949631017,0.16249817154410862,0.10800812381772883,0.0,0.0,0.0,0.0,0.0,1.0,0.0,0.0,0.0,0.0,0.0,0.0,0.0,0.0,0.0,0.0,0.0,0.0,1.0,0.0,0.0,0.0,0.0,0.0,0.0,1.0,0.0,0.0,False
0.6000000000000085,0.25,0.5757575757575757,0.09637537169036321,0.5307599517490953,0.3981713108989,0.27319078473411856,0.24622128964691803,0.5151515151515152,0.48,0.0,0.6107622125125087,0.17444308971863207,0.10376668917399683,0.0,0.0,0.0,0.0,1.0,0.0,0.0,0.0,0.0,0.0,0.0,0.0,0.0,0.0,0.0,0.0,0.0,0.0,1.0,0.0,0.0,0.0,0.0,0.0,0.0,1.0,0.0,0.0,False
0.20000000000000284,0.47435897435897434,0.7424242424242424,0.012218191463284702,0.5211097708082026,0.0863805442561615,0.1729138171432609,0.025471274685816878,0.8686868686868687,0.13,0.0,0.09846196708319531,0.022451454951611508,0.10798196182103102,0.0,0.0,0.0,0.0,0.0,0.0,1.0,0.0,0.0,0.0,0.0,0.0,0.0,0.0,0.0,0.0,0.0,0.0,1.0,0.0,0.0,0.0,0.0,0.0,1.0,0.0,0.0,0.0,False
0.5,0.16025641025641024,0.5454545454545454,0.06918004230434242,0.49457177322074797,0.17339192099366993,0.19297375403608152,0.43525590963494915,0.29292929292929293,0.7,0.0,0.30847104768456085,0.13355637946283963,0.10376668917399683,0.0,0.0,0.0,0.0,1.0,0.0,0.0,0.0,0.0,0.0,0.0,0.0,0.0,0.0,0.0,0.0,0.0,0.0,1.0,0.0,0.0,0.0,0.0,0.0,0.0,1.0,0.0,0.0,False
0.5500000000000114,0.28846153846153844,0.6515151515151516,0.1739261305682774,0.6164053075995175,0.18064286905512894,0.5468567946756919,0.5877158662477558,0.46464646464646464,0.53,0.0,0.2616838792895998,0.27427193060752714,0.10376668917399683,0.0,0.0,0.0,0.0,1.0,0.0,0.0,0.0,0.0,0.0,0.0,0.0,0.0,0.0,0.0,0.0,0.0,0.0,1.0,0.0,0.0,0.0,0.0,0.0,0.0,1.0,0.0,0.0,False
0.05000000000001137,0.14743589743589736,0.5303030303030303,0.01101641435307809,0.3956574185765984,0.10088244037907956,0.07998087132315083,0.020216576900059846,0.7878787878787881,0.21,0.0,0.1837644801923438,0.025972913635856694,0.10376668917399683,0.0,0.0,0.0,0.0,1.0,0.0,0.0,0.0,0.0,0.0,0.0,0.0,0.0,0.0,0.0,0.0,0.0,0.0,1.0,0.0,0.0,0.0,0.0,0.0,1.0,0.0,0.0,0.0,False
0.5500000000000114,0.39102564102564097,0.7878787878787878,0.10848701998764695,0.6851628468033777,0.3619165705916048,0.5853176004117963,0.33256501346499107,0.6262626262626264,0.37,0.0,0.4565020755358992,0.15501917932331397,0.10376668917399683,0.0,0.0,0.0,0.0,1.0,0.0,0.0,0.0,0.0,0.0,0.0,0.0,0.0,0.0,0.0,0.0,0.0,0.0,1.0,0.0,0.0,0.0,0.0,1.0,0.0,0.0,0.0,0.0,False
0.10000000000000853,0.1794871794871794,0.5454545454545454,0.07661571221126244,0.4993968636911943,0.14438812874783377,0.2325816882408241,0.2860292713943746,0.43434343434343436,0.56,0.0,0.2484105516332585,0.14661247733463456,0.10587733590506189,0.0,0.0,0.0,0.0,0.0,0.0,0.0,1.0,0.0,0.0,0.0,0.0,0.0,0.0,0.0,0.0,0.0,0.0,1.0,0.0,0.0,0.0,0.0,0.0,0.0,1.0,0.0,0.0,False
0.15000000000000568,0.4294871794871794,0.8484848484848486,0.09093421965326533,0.7153196622436672,0.3619165705916048,0.15385239184958582,0.14213046080191502,0.5050505050505052,0.49,0.0,0.4353913412269357,0.12479664852538758,0.10800812381772883,0.0,0.0,0.0,0.0,0.0,1.0,0.0,0.0,0.0,0.0,0.0,0.0,0.0,0.0,0.0,0.0,0.0,0.0,1.0,0.0,0.0,0.0,0.0,0.0,0.0,1.0,0.0,0.0,False
0.10000000000000853,0.23076923076923073,0.5,0.020507696812422187,0.4077201447527141,0.2313995054853422,0.6283177505090215,0.253310368043088,0.7070707070707071,0.29,0.0,0.36576145796410503,0.047105355218345704,0.2859195739287712,0.0,1.0,0.0,0.0,0.0,0.0,0.0,0.0,0.0,0.0,1.0,0.0,0.0,0.0,0.0,0.0,0.0,0.0,0.0,0.0,0.0,0.0,0.0,1.0,0.0,0.0,0.0,0.0,False
0.45000000000000284,0.28846153846153844,0.696969696969697,0.0490731862143574,0.5753920386007239,0.15889002487075185,0.25740926980807877,0.06324317025733095,0.7979797979797981,0.2,0.0,0.2301741536358505,0.08244345856120619,0.1082061137053058,0.0,0.0,0.0,1.0,0.0,0.0,0.0,0.0,0.0,0.0,0.0,0.0,0.0,0.0,0.0,0.0,0.0,0.0,1.0,0.0,0.0,0.0,0.0,0.0,0.0,1.0,0.0,0.0,False
0.9500000000000028,0.23717948717948711,0.8484848484848486,0.049183454665882864,0.6743063932448734,0.021122011703030172,0.13633755856841628,0.04025191502094554,0.7676767676767678,0.23,0.0,0.033133335881071584,0.07131033957464758,0.10376668917399683,0.0,0.0,0.0,0.0,1.0,0.0,0.0,0.0,0.0,0.0,0.0,0.0,0.0,0.0,0.0,0.0,0.0,0.0,1.0,0.0,0.0,0.0,0.0,1.0,0.0,0.0,0.0,0.0,False
0.4000000000000057,0.3012820512820512,0.7575757575757578,0.0629364637652653,0.6308805790108565,0.19514476517804702,0.10652270488313878,0.22063439557151407,0.31313131313131315,0.68,0.15384615384615385,0.277534226133607,0.09710242601275802,0.1082061137053058,0.0,0.0,0.0,1.0,0.0,0.0,0.0,0.0,0.0,0.0,0.0,0.0,0.0,0.0,0.0,0.0,0.0,1.0,0.0,0.0,0.0,0.0,0.0,0.0,1.0,0.0,0.0,0.0,True
0.6000000000000085,0.4358974358974359,0.6818181818181819,0.09792881575408348,0.6055488540410133,0.3256618302843097,0.36642272366893114,0.266188539796529,0.5656565656565656,0.43,0.0,0.3887650883511587,0.15697329022592532,0.10800812381772883,0.0,0.0,0.0,0.0,0.0,1.0,0.0,0.0,0.0,0.0,0.0,0.0,0.0,0.0,0.0,0.0,0.0,0.0,1.0,0.0,0.0,0.0,0.0,0.0,0.0,1.0,0.0,0.0,False
0.8500000000000085,0.20512820512820507,0.5606060606060606,0.10465370118292716,0.5247285886610374,0.4779317395749494,0.392148803688842,0.46775697935368044,0.4444444444444445,0.55,0.0,0.7871776548414259,0.19142556315954715,0.26379079688020746,1.0,0.0,0.0,0.0,0.0,0.0,0.0,0.0,0.0,0.0,0.0,0.0,0.0,0.0,0.0,0.0,0.0,0.0,1.0,0.0,0.0,0.0,0.0,0.0,1.0,0.0,0.0,0.0,False
0.0,0.39102564102564097,0.8030303030303032,0.016705670406108274,0.5765983112183354,0.1081333884405386,0.21201267947201802,0.0020085502692998207,0.98989898989899,0.01,0.0,0.13632260518328537,0.02798171223825731,0.10798196182103102,0.0,0.0,0.0,0.0,0.0,0.0,1.0,0.0,0.0,0.0,0.0,0.0,0.0,0.0,0.0,0.0,0.0,0.0,1.0,0.0,0.0,0.0,0.0,0.0,1.0,0.0,0.0,0.0,False
0.45000000000000284,0.1923076923076923,0.7878787878787878,0.05582861898450207,0.6429433051869724,0.1081333884405386,0.04031536600463555,0.22975634350688212,0.1414141414141414,0.85,0.0,0.18206252951937307,0.08462678155331976,0.10376668917399683,0.0,0.0,0.0,0.0,1.0,0.0,0.0,0.0,0.0,0.0,0.0,0.0,0.0,0.0,0.0,0.0,0.0,0.0,1.0,0.0,0.0,0.0,0.0,0.0,1.0,0.0,0.0,0.0,False
0.6000000000000085,0.2948717948717948,0.6666666666666667,0.05402260056222009,0.5621230398069964,0.3619165705916048,0.0,0.16519088868940754,0.0,1.0,0.0,0.5194469255396896,0.0927373005087151,0.10798196182103102,0.0,0.0,0.0,0.0,0.0,0.0,1.0,0.0,0.0,0.0,1.0,0.0,0.0,0.0,0.0,0.0,0.0,0.0,0.0,0.0,0.0,0.0,0.0,0.0,1.0,0.0,0.0,0.0,False
0.15000000000000568,0.20512820512820507,0.5454545454545454,0.015363077503075221,0.42098914354644157,0.2546025392820111,0.2946772343091162,0.0037046454219030523,0.98989898989899,0.01,0.0,0.4194094042637709,0.0342786103660324,0.10376668917399683,0.0,0.0,0.0,0.0,1.0,0.0,0.0,0.0,0.0,0.0,0.0,0.0,0.0,0.0,0.0,0.0,0.0,0.0,1.0,0.0,0.0,0.0,0.0,0.0,1.0,0.0,0.0,0.0,False
0.5,0.4487179487179487,0.8181818181818181,0.1483691817559357,0.7261761158021713,0.21689760936242414,0.16309921333583852,0.3463494913225614,0.30303030303030304,0.69,0.0,0.2549712810926858,0.2007930816075506,0.26379079688020746,1.0,0.0,0.0,0.0,0.0,0.0,0.0,0.0,0.0,0.0,0.0,0.0,0.0,0.0,0.0,0.0,0.0,0.0,1.0,0.0,0.0,0.0,0.0,0.0,1.0,0.0,0.0,0.0,False
0.7000000000000028,0.3782051282051282,0.7424242424242424,0.0576189912075811,0.615199034981906,0.1081333884405386,0.13278837845997707,0.14209801017354878,0.47474747474747475,0.52,0.0,0.1385721096588307,0.09099678322964855,0.10800812381772883,0.0,0.0,0.0,0.0,0.0,1.0,0.0,0.0,0.0,0.0,0.0,0.0,0.0,0.0,0.0,0.0,0.0,1.0,0.0,0.0,0.0,0.0,0.0,0.0,0.0,1.0,0.0,0.0,False
0.6500000000000057,0.22435897435897434,0.8636363636363638,0.07535060524713917,0.7129071170084439,0.0863805442561615,0.2914586773255176,0.46693516606822266,0.37373737373737376,0.62,0.3076923076923077,0.1380028473017539,0.10372992140940585,0.1082061137053058,0.0,0.0,0.0,1.0,0.0,0.0,0.0,0.0,0.0,0.0,0.0,0.0,0.0,0.0,0.0,0.0,0.0,1.0,0.0,0.0,0.0,0.0,0.0,0.0,1.0,0.0,0.0,0.0,False
0.10000000000000853,0.2435897435897436,0.7727272727272727,0.021418901651717094,0.5741857659831122,0.14438812874783377,0.09985585675017201,0.1098543013165769,0.46464646464646464,0.53,0.07692307692307693,0.22372661901363117,0.036028332455577204,0.10798196182103102,0.0,0.0,0.0,0.0,0.0,0.0,1.0,0.0,0.0,0.0,0.0,0.0,0.0,0.0,0.0,0.0,0.0,1.0,0.0,0.0,0.0,0.0,0.0,0.0,0.0,1.0,0.0,0.0,False
0.10000000000000853,0.23076923076923073,0.4393939393939394,0.007376065338527871,0.32810615199034987,0.18064286905512894,0.08233093999848307,0.01177839616995811,0.8686868686868687,0.13,0.0,0.2855548835727432,0.020504159197319745,0.10798196182103102,0.0,0.0,0.0,0.0,0.0,0.0,1.0,0.0,0.0,0.0,0.0,0.0,0.0,0.0,0.0,0.0,0.0,0.0,1.0,0.0,0.0,0.0,0.0,0.0,1.0,0.0,0.0,0.0,False
0.05000000000001137,0.3141025641025641,0.6818181818181819,0.08813205988172963,0.5995174909529555,0.3474146744686868,0.43800673799046647,0.21604188360263316,0.6565656565656567,0.34,0.0,0.48525288511858294,0.14258100226678205,0.26379079688020746,1.0,0.0,0.0,0.0,0.0,0.0,0.0,0.0,0.0,0.0,0.0,0.0,0.0,0.0,0.0,0.0,0.0,0.0,1.0,0.0,0.0,0.0,0.0,0.0,1.0,0.0,0.0,0.0,False
0.10000000000000853,0.2435897435897436,0.5,0.042630677428271486,0.4414957780458384,0.25315234966971933,0.23431245666374714,0.113272815679234,0.6666666666666669,0.33,0.0,0.3921944591425878,0.0912072657568614,0.10798196182103102,0.0,0.0,0.0,0.0,0.0,0.0,1.0,0.0,0.0,0.0,0.0,0.0,0.0,0.0,0.0,0.0,0.0,0.0,1.0,0.0,0.0,0.0,0.0,0.0,0.0,1.0,0.0,0.0,False
0.15000000000000568,0.22435897435897434,0.6515151515151516,0.10812343212045487,0.5898673100120628,0.06462770007178438,0.6236604039659955,0.19823459006582886,0.7474747474747475,0.25,0.0,0.10327784352007102,0.17757982002312947,0.10800812381772883,0.0,0.0,0.0,0.0,0.0,1.0,0.0,0.0,0.0,0.0,0.0,0.0,0.0,0.0,0.0,0.0,0.0,0.0,1.0,0.0,0.0,0.0,0.0,0.0,0.0,1.0,0.0,0.0,False
0.25,0.0897435897435897,0.8181818181818181,0.20832690721580355,0.7478890229191798,0.21689760936242414,0.41274811712308307,0.4842289422501496,0.4444444444444445,0.55,0.0,0.4410574257600774,0.2742635858721194,0.39926384018223143,0.0,0.0,1.0,0.0,0.0,0.0,0.0,0.0,0.0,0.0,0.0,0.0,0.0,0.0,0.0,0.0,0.0,0.0,1.0,0.0,0.0,0.0,0.0,1.0,0.0,0.0,0.0,0.0,False
0.20000000000000284,0.1794871794871794,0.5909090909090908,0.04979216632058764,0.5078407720144753,0.3619165705916048,0.5195073301560299,0.37746350987432675,0.5656565656565656,0.43,0.0,0.6223721308206128,0.09381986681923148,0.10798196182103102,0.0,0.0,0.0,0.0,0.0,0.0,1.0,0.0,0.0,0.0,0.0,0.0,0.0,0.0,0.0,0.0,0.0,0.0,1.0,0.0,0.0,0.0,0.0,0.0,1.0,0.0,0.0,0.0,False
0.25,0.21794871794871795,0.4848484848484848,0.02960484406327323,0.4149577804583836,0.21689760936242414,0.11550569751736896,0.1368077947336924,0.4444444444444445,0.55,0.0,0.349932767288932,0.06695651808123597,0.26379079688020746,1.0,0.0,0.0,0.0,0.0,0.0,0.0,0.0,0.0,0.0,0.0,0.0,0.0,0.0,0.0,0.0,0.0,0.0,1.0,0.0,0.0,0.0,0.0,0.0,1.0,0.0,0.0,0.0,False
0.8000000000000114,0.33974358974358976,0.9090909090909092,0.5243130759757082,0.8793727382388421,0.34016372640722775,0.7784737172287014,0.7693151331538002,0.48484848484848486,0.51,0.6153846153846154,0.4587102098141931,0.5924752034780882,0.10798196182103102,0.0,0.0,0.0,0.0,0.0,0.0,1.0,0.0,0.0,0.0,0.0,0.0,0.0,0.0,0.0,0.0,0.0,0.0,1.0,0.0,0.0,0.0,0.0,0.0,1.0,0.0,0.0,0.0,True
0.4000000000000057,0.26923076923076916,0.6818181818181819,0.15755573585937493,0.632086851628468,0.47068079151349035,0.2806548160802104,0.2969651630760024,0.47474747474747475,0.52,0.0,0.701319575315721,0.24272452104682535,0.26379079688020746,1.0,0.0,0.0,0.0,0.0,0.0,0.0,0.0,0.0,0.0,0.0,0.0,0.0,0.0,0.0,0.0,0.0,0.0,1.0,0.0,0.0,0.0,0.0,0.0,0.0,1.0,0.0,0.0,False
0.20000000000000284,0.16025641025641024,0.7727272727272727,0.14815013496709456,0.6936067551266587,0.06462770007178438,0.14063732556041658,0.04253708856971873,0.7575757575757577,0.24,0.0,0.1151159129910993,0.2093010998250731,0.2859195739287712,0.0,1.0,0.0,0.0,0.0,0.0,0.0,0.0,0.0,0.0,0.0,0.0,0.0,0.0,0.0,0.0,0.0,0.0,1.0,0.0,0.0,0.0,0.0,0.0,0.0,1.0,0.0,0.0,False
0.7000000000000028,0.33333333333333326,0.7878787878787878,0.09758087408609434,0.6779252110977081,0.1081333884405386,0.2927791934336564,0.10937451376421305,0.7171717171717172,0.28,0.15384615384615385,0.14706154394045381,0.14082073113482502,0.2859195739287712,0.0,1.0,0.0,0.0,0.0,0.0,0.0,0.0,0.0,0.0,0.0,0.0,0.0,0.0,0.0,0.0,0.0,0.0,1.0,0.0,0.0,0.0,0.0,0.0,0.0,1.0,0.0,0.0,False
0.25,0.5256410256410255,0.8181818181818181,0.1135839556422802,0.7092882991556093,0.6156997527426711,0.44476873192212385,0.7836060293237582,0.3434343434343434,0.65,0.46153846153846156,0.6640666976955248,0.1571338924412758,0.10798196182103102,0.0,0.0,0.0,0.0,0.0,0.0,1.0,0.0,0.0,0.0,0.0,1.0,0.0,0.0,0.0,0.0,0.0,0.0,0.0,0.0,0.0,0.0,0.0,0.0,1.0,0.0,0.0,0.0,True
0.10000000000000853,0.35256410256410253,0.6060606060606062,0.026158209895997476,0.4837153196622437,0.14438812874783377,0.43631036652539523,0.008896626271693598,0.9797979797979799,0.02,0.0,0.1913655649775604,0.051503668987157206,0.10376668917399683,0.0,0.0,0.0,0.0,1.0,0.0,0.0,0.0,0.0,0.0,0.0,0.0,0.0,0.0,0.0,0.0,0.0,0.0,1.0,0.0,0.0,0.0,0.0,0.0,1.0,0.0,0.0,0.0,False
0.5,0.20512820512820507,0.696969696969697,0.2586339079958783,0.6718938480096502,0.47068079151349035,0.7784187192987968,0.8321497681029324,0.47474747474747475,0.53,0.0,0.7752371272252682,0.3764422437449504,0.10376668917399683,0.0,0.0,0.0,0.0,1.0,0.0,0.0,0.0,0.0,0.0,0.0,0.0,0.0,0.0,0.0,0.0,0.0,0.0,1.0,0.0,0.0,0.0,0.0,0.0,0.0,1.0,0.0,0.0,False
0.4000000000000057,0.39102564102564097,0.8636363636363638,0.1853165635880162,0.7744270205066346,0.2350249795160717,0.2642110473324927,0.5588575628366248,0.30303030303030304,0.69,0.38461538461538464,0.2964123403595923,0.23609370916663025,0.10798196182103102,0.0,0.0,0.0,0.0,0.0,0.0,1.0,0.0,0.0,0.0,0.0,0.0,1.0,0.0,0.0,0.0,0.0,0.0,0.0,0.0,0.0,0.0,0.0,0.0,0.0,1.0,0.0,0.0,True
0.20000000000000284,0.22435897435897434,0.8030303030303032,0.12783913323036644,0.7056694813027745,0.14438812874783377,0.25329568661993523,0.1349552962298025,0.6464646464646466,0.36,0.0,0.23060285738624164,0.17770971526935256,0.26379079688020746,1.0,0.0,0.0,0.0,0.0,0.0,0.0,0.0,0.0,0.0,0.0,0.0,0.0,0.0,0.0,0.0,0.0,0.0,1.0,0.0,0.0,0.0,0.0,0.0,0.0,1.0,0.0,0.0,False
0.3500000000000085,0.26923076923076916,0.7424242424242424,0.17751060029996,0.6827503015681544,0.14438812874783377,0.6208549902537561,0.28354673847995215,0.6767676767676769,0.32,0.0,0.21516952237216036,0.2545149892065164,0.10800812381772883,0.0,0.0,0.0,0.0,0.0,1.0,0.0,0.0,0.0,0.0,0.0,0.0,0.0,0.0,0.0,0.0,0.0,0.0,1.0,0.0,0.0,0.0,0.0,0.0,1.0,0.0,0.0,0.0,False
0.7000000000000028,0.45512820512820507,0.7424242424242424,0.026338513715383715,0.5681544028950544,0.2894070899770145,0.36382586185887206,0.15409934171155,0.696969696969697,0.31,0.0,0.33771480934964165,0.044747983031467126,0.1082061137053058,0.0,0.0,0.0,1.0,0.0,0.0,0.0,0.0,0.0,0.0,0.0,0.0,0.0,0.0,0.0,0.0,0.0,0.0,1.0,0.0,0.0,0.0,0.0,0.0,0.0,1.0,0.0,0.0,False
0.15000000000000568,0.13461538461538458,0.5454545454545454,0.11176452619211,0.517490952955368,0.3256618302843097,0.8517713092447877,0.8278725314183124,0.494949494949495,0.5,0.0,0.6067903983544731,0.20705126601538928,0.10376668917399683,0.0,0.0,0.0,0.0,1.0,0.0,0.0,0.0,0.0,0.0,0.0,0.0,0.0,0.0,0.0,0.0,0.0,0.0,1.0,0.0,0.0,0.0,0.0,0.0,1.0,0.0,0.0,0.0,False
0.45000000000000284,0.423076923076923,0.6818181818181819,0.13097582364200305,0.6224366706875754,0.2894070899770145,0.7273782996800928,0.6351922875523639,0.5252525252525254,0.48,0.0,0.35083930458896795,0.20467267595471816,0.10376668917399683,0.0,0.0,0.0,0.0,1.0,0.0,0.0,0.0,0.0,0.0,0.0,0.0,1.0,0.0,0.0,0.0,0.0,0.0,0.0,0.0,0.0,0.0,0.0,0.0,1.0,0.0,0.0,0.0,False
0.7000000000000028,0.20512820512820507,0.8030303030303032,0.05449273159541313,0.6513872135102533,0.3619165705916048,0.3878876887087405,0.37127478306403355,0.494949494949495,0.5,0.0,0.5961292129829038,0.08160318333585617,0.39926384018223143,0.0,0.0,1.0,0.0,0.0,0.0,0.0,0.0,0.0,0.0,0.0,0.0,0.0,0.0,0.0,0.0,0.0,0.0,1.0,0.0,0.0,0.0,0.0,1.0,0.0,0.0,0.0,0.0,False
0.75,0.3846153846153846,0.7878787878787878,0.07199188781824183,0.6586248492159229,0.25315234966971933,0.26690875934885366,0.1053343656493118,0.7070707070707071,0.29,0.0,0.3218853876524541,0.1067184674685816,0.1082061137053058,0.0,0.0,0.0,1.0,0.0,0.0,0.0,0.0,0.0,0.0,0.0,0.0,0.0,0.0,0.0,0.0,0.0,1.0,0.0,0.0,0.0,0.0,0.0,0.0,1.0,0.0,0.0,0.0,False
0.0,0.33974358974358976,0.5606060606060606,0.10931179820277326,0.5271411338962605,0.2894070899770145,0.6900944310426174,0.5437694569120287,0.5454545454545456,0.45,0.0,0.3902580471870826,0.1991092577378053,0.10587733590506189,0.0,0.0,0.0,0.0,0.0,0.0,0.0,1.0,0.0,0.0,0.0,0.0,0.0,0.0,0.0,0.0,0.0,0.0,1.0,0.0,0.0,0.0,0.0,0.0,0.0,1.0,0.0,0.0,False
0.45000000000000284,0.2564102564102564,0.45454545454545464,0.030698587893269076,0.3980699638118216,0.41992415508327713,0.22844751183118167,0.41666788599640936,0.3434343434343434,0.65,0.0,0.6378630959131635,0.07206088390605017,0.10376668917399683,0.0,0.0,0.0,0.0,1.0,0.0,0.0,0.0,0.0,0.0,0.0,0.0,0.0,0.0,0.0,0.0,0.0,0.0,1.0,0.0,0.0,0.0,0.0,0.0,1.0,0.0,0.0,0.0,False
0.3500000000000085,0.3717948717948718,0.8030303030303032,0.05478255880921993,0.6513872135102533,0.1661409729322109,0.05171670194279567,0.1702876196888091,0.22222222222222224,0.77,0.07692307692307693,0.2147231035907613,0.0820374449022403,0.10800812381772883,0.0,0.0,0.0,0.0,0.0,1.0,0.0,0.0,0.0,0.0,0.0,0.0,0.0,0.0,0.0,0.0,0.0,0.0,1.0,0.0,0.0,0.0,0.0,0.0,0.0,1.0,0.0,0.0,False
0.8500000000000085,0.1923076923076923,0.6666666666666667,0.043690893688546756,0.5500603136308806,0.07187864813324342,0.08219384820252024,0.1283597695990425,0.37373737373737376,0.62,0.0,0.12107596373792284,0.07650587225093405,0.10798196182103102,0.0,0.0,0.0,0.0,0.0,0.0,1.0,0.0,0.0,0.0,0.0,0.0,0.0,0.0,0.0,0.0,0.0,0.0,1.0,0.0,0.0,0.0,0.0,0.0,0.0,1.0,0.0,0.0,False
0.25,0.3846153846153846,0.6666666666666667,0.052907250076182084,0.5609167671893849,0.39092036283744097,0.20729112734114974,0.18935959006582886,0.5151515151515152,0.49,0.0,0.49711020348306,0.09100166395413863,0.10376668917399683,0.0,0.0,0.0,0.0,1.0,0.0,0.0,0.0,0.0,0.0,0.0,0.0,0.0,0.0,0.0,0.0,0.0,0.0,1.0,0.0,0.0,0.0,0.0,0.0,1.0,0.0,0.0,0.0,False
0.20000000000000284,0.2564102564102564,0.5909090909090908,0.021038177471112272,0.46320868516284686,0.1081333884405386,0.07988406690594281,0.033329847396768406,0.696969696969697,0.3,0.0,0.16429945210730018,0.043076591216784796,1.0,0.0,0.0,0.0,0.0,0.0,0.0,0.0,0.0,1.0,0.0,0.0,0.0,0.0,0.0,0.0,0.0,0.0,0.0,1.0,0.0,0.0,0.0,0.0,1.0,0.0,0.0,0.0,0.0,False
0.75,0.28846153846153844,0.7272727272727273,0.05268894834444586,0.5995174909529555,0.07187864813324342,0.3385610095462176,0.11363994614003592,0.7373737373737375,0.26,0.0,0.10413525102085333,0.08522251064193141,0.10798196182103102,0.0,0.0,0.0,0.0,0.0,0.0,1.0,0.0,0.0,0.0,0.0,0.0,0.0,0.0,0.0,0.0,0.0,0.0,1.0,0.0,0.0,0.0,0.0,0.0,0.0,1.0,0.0,0.0,False
0.20000000000000284,0.20512820512820507,0.6060606060606062,0.06668782628844588,0.5331724969843186,0.13713718068637473,0.39785979927088677,0.13936066726511073,0.7272727272727273,0.27,0.0,0.22597285688201726,0.1201927350461046,0.10376668917399683,0.0,0.0,0.0,0.0,1.0,0.0,0.0,0.0,0.0,0.0,0.0,0.0,0.0,0.0,0.0,0.0,0.0,0.0,1.0,0.0,0.0,0.0,0.0,1.0,0.0,0.0,0.0,0.0,False
0.10000000000000853,0.17307692307692302,0.7121212121212122,0.018151081189617776,0.5271411338962605,0.1081333884405386,0.14770156008882693,0.001366068222621185,0.98989898989899,0.01,0.0,0.18816118609751808,0.03302463744671496,0.10798196182103102,0.0,0.0,0.0,0.0,0.0,0.0,1.0,0.0,0.0,0.0,0.0,0.0,0.0,0.0,0.0,0.0,0.0,0.0,1.0,0.0,0.0,0.0,0.0,1.0,0.0,0.0,0.0,0.0,False
0.7000000000000028,0.3846153846153846,0.8787878787878789,0.340377103203075,0.8262967430639325,0.1081333884405386,0.2773802458441569,0.6570403276481149,0.2828282828282828,0.71,0.38461538461538464,0.13743821309392168,0.40795546821522705,0.1082061137053058,0.0,0.0,0.0,1.0,0.0,0.0,0.0,0.0,0.0,0.0,0.0,0.0,0.0,0.0,0.0,0.0,0.0,1.0,0.0,0.0,0.0,0.0,0.0,0.0,1.0,0.0,0.0,0.0,True
0.0,0.6538461538461539,0.8030303030303032,0.20787763778154777,0.7370325693606755,0.7969734542791469,0.877558370622152,0.7627468581687613,0.5252525252525254,0.47,0.23076923076923078,0.7553362478650054,0.27745620856201597,0.26379079688020746,1.0,0.0,0.0,0.0,0.0,0.0,0.0,0.0,0.0,0.0,0.0,0.0,0.0,0.0,0.0,0.0,0.0,0.0,1.0,0.0,0.0,0.0,0.0,0.0,0.0,1.0,0.0,0.0,False
0.15000000000000568,0.2948717948717948,0.8181818181818181,0.11477679206722799,0.7092882991556093,0.03562390782594824,0.2663409227738073,0.17953321364452424,0.5858585858585859,0.41,0.07692307692307693,0.051137241511489066,0.15878456728307666,0.1082061137053058,0.0,0.0,0.0,1.0,0.0,0.0,0.0,0.0,0.0,0.0,0.0,0.0,0.0,0.0,0.0,0.0,0.0,0.0,1.0,0.0,0.0,0.0,0.0,0.0,0.0,1.0,0.0,0.0,True
0.6000000000000085,0.26923076923076916,0.3636363636363636,0.0005252652589557726,0.18697225572979495,0.25315234966971933,0.10074307039646672,0.13359562387791743,0.41414141414141414,0.58,0.0,0.37721954002001384,0.00230611448123168,0.10376668917399683,0.0,0.0,0.0,0.0,1.0,0.0,0.0,0.0,0.0,0.0,0.0,0.0,0.0,0.0,0.0,0.0,0.0,0.0,1.0,0.0,0.0,0.0,0.0,0.0,1.0,0.0,0.0,0.0,False
0.05000000000001137,0.39102564102564097,0.8484848484848486,0.19647155856260604,0.7671893848009651,0.21689760936242414,0.40989330913135064,0.22659725463794136,0.6363636363636365,0.36,0.0,0.2735423781915484,0.25253012625436966,0.1082061137053058,0.0,0.0,0.0,1.0,0.0,0.0,0.0,0.0,0.0,0.0,0.0,0.0,0.0,0.0,0.0,0.0,0.0,0.0,1.0,0.0,0.0,0.0,0.0,0.0,0.0,1.0,0.0,0.0,False
0.30000000000001137,0.14102564102564097,0.46969696969696967,0.024516104036793898,0.39686369119420994,0.14438812874783377,0.17811846129371098,0.031509687312986236,0.8484848484848485,0.15,0.0,0.26600874359501636,0.05769580508460156,0.11537708435120664,0.0,0.0,0.0,0.0,0.0,0.0,0.0,0.0,1.0,0.0,0.0,0.0,0.0,0.0,0.0,0.0,0.0,0.0,1.0,0.0,0.0,0.0,0.0,0.0,1.0,0.0,0.0,0.0,False
0.30000000000001137,0.27564102564102566,0.7272727272727273,0.15091280671207044,0.6622436670687576,0.3256618302843097,0.48219125021687986,0.367726196888091,0.5555555555555557,0.44,0.0,0.4806665638643984,0.22261863850778327,0.26379079688020746,1.0,0.0,0.0,0.0,0.0,0.0,0.0,0.0,0.0,0.0,0.0,0.0,0.0,0.0,0.0,0.0,0.0,0.0,1.0,0.0,0.0,0.0,0.0,0.0,0.0,1.0,0.0,0.0,False
0.6500000000000057,0.32692307692307687,0.8181818181818181,0.23974074992977837,0.7575392038600725,0.6592054411114252,0.4505532027543794,0.9716972172351885,0.30303030303030304,0.69,0.0,0.9045928430669758,0.3118465266954492,0.2859195739287712,0.0,1.0,0.0,0.0,0.0,0.0,0.0,0.0,0.0,0.0,0.0,0.0,0.0,0.0,0.0,0.0,0.0,0.0,1.0,0.0,0.0,0.0,0.0,1.0,0.0,0.0,0.0,0.0,False
0.10000000000000853,0.26923076923076916,0.5151515151515151,0.06827107263636222,0.4728588661037395,0.3981713108989,0.7278245145646005,0.45553162776780376,0.6060606060606061,0.39,0.0,0.593286230217152,0.13729481202417423,0.10376668917399683,0.0,0.0,0.0,0.0,1.0,0.0,0.0,0.0,0.0,0.0,0.0,0.0,0.0,0.0,0.0,0.0,0.0,0.0,1.0,0.0,0.0,0.0,0.0,0.0,1.0,0.0,0.0,0.0,False
0.8000000000000114,0.3141025641025641,0.7121212121212122,0.03992015968063872,0.5741857659831122,0.25315234966971933,0.1780940780513942,0.0141293013165769,0.9191919191919193,0.08,0.0,0.3535872457797019,0.06718791939109643,0.1082061137053058,0.0,0.0,0.0,1.0,0.0,0.0,0.0,0.0,0.0,0.0,0.0,0.0,0.0,0.0,0.0,0.0,0.0,0.0,1.0,0.0,0.0,0.0,0.0,0.0,0.0,1.0,0.0,0.0,False
0.45000000000000284,0.26923076923076916,0.5454545454545454,0.024960903128420277,0.44390832328106156,0.18064286905512894,0.17815357130251422,0.07025522142429683,0.7070707070707071,0.29,0.0,0.2691861949214449,0.05312328877163562,0.26379079688020746,1.0,0.0,0.0,0.0,0.0,0.0,0.0,0.0,0.0,0.0,0.0,0.0,0.0,0.0,0.0,0.0,0.0,0.0,1.0,0.0,0.0,0.0,0.0,0.0,1.0,0.0,0.0,0.0,False
0.5,0.1858974358974359,0.393939393939394,0.0673956305381026,0.3920386007237636,0.07187864813324342,0.16499785875449624,0.34104777827648114,0.31313131313131315,0.68,0.0,0.12240175864621523,0.1604218693267585,0.26379079688020746,1.0,0.0,0.0,0.0,0.0,0.0,0.0,0.0,0.0,0.0,0.0,0.0,0.0,0.0,0.0,0.0,0.0,0.0,1.0,0.0,0.0,0.0,0.0,0.0,1.0,0.0,0.0,0.0,False
0.75,0.33333333333333326,0.5606060606060606,0.04266047971246756,0.480096501809409,0.10450791440980908,0.5108232066276411,0.42339916217833634,0.5353535353535355,0.46,0.0,0.1421295868816061,0.08459911314645692,0.10376668917399683,0.0,0.0,0.0,0.0,1.0,0.0,0.0,0.0,0.0,0.0,0.0,0.0,0.0,0.0,0.0,0.0,0.0,0.0,1.0,0.0,0.0,0.0,0.0,0.0,0.0,1.0,0.0,0.0,False
0.45000000000000284,0.3141025641025641,0.9090909090909092,0.5121045702547872,0.8781664656212305,0.21689760936242414,0.8955078239593149,0.712467945840814,0.5454545454545456,0.45,0.3076923076923077,0.3029466152647477,0.5794320137632446,0.26379079688020746,1.0,0.0,0.0,0.0,0.0,0.0,0.0,0.0,0.0,0.0,0.0,0.0,0.0,0.0,0.0,0.0,1.0,0.0,0.0,0.0,0.0,0.0,0.0,0.0,0.0,1.0,0.0,0.0,False
0.9500000000000028,0.23076923076923073,0.6818181818181819,0.09379896422161277,0.6031363088057902,0.06462770007178438,0.4410104341210753,0.7383787851585877,0.36363636363636365,0.63,0.0,0.10222557067820186,0.15090854810950874,0.26379079688020746,1.0,0.0,0.0,0.0,0.0,0.0,0.0,0.0,0.0,0.0,0.0,0.0,0.0,0.0,0.0,0.0,0.0,0.0,1.0,0.0,0.0,0.0,0.0,0.0,1.0,0.0,0.0,0.0,False
0.45000000000000284,0.22435897435897434,0.696969696969697,0.05503513316778164,0.5826296743063933,0.10088244037907956,0.11943886331369752,0.05552714691801317,0.6767676767676769,0.32,0.0,0.16115284982287587,0.09140370093597958,0.10798196182103102,0.0,0.0,0.0,0.0,0.0,0.0,1.0,0.0,0.0,0.0,0.0,0.0,0.0,0.0,0.0,0.0,0.0,0.0,1.0,0.0,0.0,0.0,0.0,0.0,0.0,1.0,0.0,0.0,False
0.6500000000000057,0.27564102564102566,0.45454545454545464,0.0008396793572243345,0.24125452352231605,0.000819357130944871,0.24854214020289928,0.2337027079593058,0.5050505050505052,0.49,0.0,0.001243115426975121,0.0030025765967093524,0.10800812381772883,0.0,0.0,0.0,0.0,0.0,1.0,0.0,0.0,0.0,0.0,0.0,0.0,0.0,0.0,0.0,0.0,0.0,0.0,1.0,0.0,0.0,0.0,0.0,0.0,0.0,1.0,0.0,0.0,False
0.20000000000000284,0.2628205128205128,0.8030303030303032,0.16642489563612603,0.7225572979493365,0.25315234966971933,0.262609395385652,0.6097940604428487,0.2828282828282828,0.71,0.15384615384615385,0.3808552775954465,0.22629181269067325,0.10798196182103102,0.0,0.0,0.0,0.0,0.0,0.0,1.0,0.0,0.0,0.0,0.0,0.0,0.0,0.0,0.0,0.0,0.0,0.0,1.0,0.0,0.0,0.0,0.0,0.0,0.0,1.0,0.0,0.0,False
0.75,0.2435897435897436,0.7121212121212122,0.05742229613188703,0.5946924004825092,0.1661409729322109,0.4987877901309377,0.1147491696588869,0.8080808080808083,0.19,0.0,0.2574201870394225,0.09358004768179741,0.10376668917399683,0.0,0.0,0.0,0.0,1.0,0.0,0.0,0.0,0.0,0.0,0.0,0.0,0.0,0.0,0.0,0.0,0.0,0.0,1.0,0.0,0.0,0.0,0.0,0.0,0.0,1.0,0.0,0.0,False
0.4000000000000057,0.33333333333333326,0.7272727272727273,0.04637831466592757,0.5922798552472859,0.14438812874783377,0.1558349525144494,0.05611137043686416,0.7272727272727273,0.27,0.0,0.19638111452893095,0.07585799915408947,0.26379079688020746,1.0,0.0,0.0,0.0,0.0,0.0,0.0,0.0,0.0,0.0,0.0,0.0,0.0,0.0,0.0,0.0,0.0,0.0,1.0,0.0,0.0,0.0,0.0,0.0,0.0,1.0,0.0,0.0,False
0.0,0.5384615384615384,0.8636363636363638,0.15624071006922324,0.7623642943305188,0.3474146744686868,0.9611510620297129,0.6238779174147218,0.595959595959596,0.4,0.38461538461538464,0.36950287251297326,0.20200641005634323,0.10800812381772883,0.0,0.0,0.0,0.0,0.0,1.0,0.0,0.0,0.0,0.0,0.0,0.0,0.0,0.0,0.0,0.0,0.0,0.0,1.0,0.0,0.0,0.0,0.0,0.0,0.0,1.0,0.0,0.0,True
0.5500000000000114,0.2948717948717948,0.696969696969697,0.2787534300566467,0.6767189384800966,0.25315234966971933,0.43168770371071247,0.7012230026929982,0.36363636363636365,0.63,0.0,0.3633436975302894,0.4030291272632853,0.10376668917399683,0.0,0.0,0.0,0.0,1.0,0.0,0.0,0.0,0.0,0.0,0.0,0.0,0.0,0.0,0.0,0.0,0.0,0.0,1.0,0.0,0.0,0.0,0.0,0.0,0.0,1.0,0.0,0.0,False
0.30000000000001137,0.35256410256410253,0.7121212121212122,0.019412462868216532,0.5319662243667068,0.21689760936242414,0.26845570788683487,0.23756404099341713,0.5151515151515152,0.48,0.0,0.2874969313788295,0.03502856277115262,0.10798196182103102,0.0,0.0,0.0,0.0,0.0,0.0,1.0,0.0,0.0,0.0,0.0,0.0,0.0,0.0,0.0,0.0,0.0,0.0,1.0,0.0,0.0,0.0,0.0,0.0,1.0,0.0,0.0,0.0,False
0.4000000000000057,0.14743589743589736,0.6363636363636362,0.09976314634635172,0.5753920386007239,0.06462770007178438,0.4068460626388289,0.22301650209455418,0.6363636363636365,0.36,0.0,0.117813891614729,0.16764972612091075,0.10587733590506189,0.0,0.0,0.0,0.0,0.0,0.0,0.0,1.0,0.0,0.0,0.0,0.0,0.0,0.0,0.0,0.0,0.0,0.0,1.0,0.0,0.0,0.0,0.0,0.0,0.0,1.0,0.0,0.0,False
0.30000000000001137,0.23076923076923073,0.7424242424242424,0.11304900464096071,0.6562123039806996,0.2894070899770145,0.40477279724261334,0.46753441053261524,0.4545454545454546,0.54,0.0,0.4574261144113757,0.16818054681456088,0.10798196182103102,0.0,0.0,0.0,0.0,0.0,0.0,1.0,0.0,0.0,0.0,0.0,0.0,0.0,0.0,0.0,0.0,0.0,0.0,1.0,0.0,0.0,0.0,0.0,1.0,0.0,0.0,0.0,0.0,False
0.8000000000000114,0.3076923076923077,0.7424242424242424,0.04255617171778131,0.5971049457177322,0.2096466613009651,0.21142483871756299,0.1609753366247756,0.5555555555555557,0.44,0.15384615384615385,0.29546457616163735,0.06908185874171124,0.1082061137053058,0.0,0.0,0.0,1.0,0.0,0.0,0.0,0.0,0.0,0.0,0.0,0.0,0.0,0.0,0.0,0.0,0.0,1.0,0.0,0.0,0.0,0.0,0.0,0.0,1.0,0.0,0.0,0.0,False
0.5500000000000114,0.1282051282051282,0.6363636363636362,0.0766425342670389,0.5609167671893849,0.20239571323950606,0.28637388773933536,0.026995122681029327,0.9090909090909093,0.09,0.0,0.3817751630060981,0.13184706578764302,0.26379079688020746,1.0,0.0,0.0,0.0,0.0,0.0,0.0,0.0,0.0,0.0,0.0,0.0,0.0,0.0,0.0,0.0,0.0,0.0,1.0,0.0,0.0,0.0,0.0,0.0,0.0,1.0,0.0,0.0,False
0.75,0.3653846153846153,0.6818181818181819,0.011368826363696644,0.48250904704463216,0.021122011703030172,0.5245964057984746,0.04097663824057451,0.9292929292929295,0.08,0.0,0.027461585263396704,0.022410447441940314,0.10798196182103102,0.0,0.0,0.0,0.0,0.0,0.0,1.0,0.0,0.0,0.0,0.0,0.0,0.0,0.0,0.0,0.0,0.0,0.0,1.0,0.0,0.0,0.0,0.0,1.0,0.0,0.0,0.0,0.0,False
0.05000000000001137,0.1282051282051282,0.5151515151515151,0.12273325689047437,0.5006031363088058,0.3256618302843097,0.5518696746235351,0.5229778650508677,0.5050505050505052,0.5,0.0,0.6141119352963942,0.2343736881617198,0.10376668917399683,0.0,0.0,0.0,0.0,1.0,0.0,0.0,0.0,0.0,0.0,0.0,0.0,0.0,0.0,0.0,0.0,0.0,0.0,1.0,0.0,0.0,0.0,0.0,0.0,0.0,1.0,0.0,0.0,False
0.30000000000001137,0.26923076923076916,0.7727272727272727,0.05384527697125346,0.6308805790108565,0.2894070899770145,0.4472213481750445,0.005040963494913226,0.98989898989899,0.01,0.0,0.4312362125692984,0.08306936575829023,0.1082061137053058,0.0,0.0,0.0,1.0,0.0,0.0,0.0,0.0,0.0,0.0,0.0,0.0,0.0,0.0,0.0,0.0,0.0,0.0,1.0,0.0,0.0,0.0,0.0,1.0,0.0,0.0,0.0,0.0,False
0.25,0.3205128205128205,0.5303030303030303,0.09465428977804004,0.4993968636911943,0.25315234966971933,0.24770541366418608,0.2745460876720527,0.46464646464646464,0.53,0.0,0.35045021557081096,0.18114167235978065,0.10587733590506189,0.0,0.0,0.0,0.0,0.0,0.0,0.0,1.0,0.0,1.0,0.0,0.0,0.0,0.0,0.0,0.0,0.0,0.0,0.0,0.0,0.0,0.0,0.0,0.0,0.0,1.0,0.0,0.0,False
0.30000000000001137,0.3141025641025641,0.8333333333333335,0.015293787192319355,0.5874547647768396,0.05737675201032534,0.1452712266781379,0.0007480176540993418,1.0,0.01,0.0,0.08012784099894911,0.02517472648481613,0.10798196182103102,0.0,0.0,0.0,0.0,0.0,0.0,1.0,0.0,0.0,0.0,0.0,0.0,0.0,0.0,0.0,0.0,0.0,0.0,1.0,0.0,0.0,0.0,0.0,1.0,0.0,0.0,0.0,0.0,False
0.20000000000000284,0.1794871794871794,0.6060606060606062,0.10921494077913602,0.5585042219541617,0.07187864813324342,0.8545316302349042,0.5754170631358468,0.5858585858585859,0.41,0.0,0.12375669190414043,0.18864735014132644,0.10587733590506189,0.0,0.0,0.0,0.0,0.0,0.0,0.0,1.0,0.0,0.0,0.0,0.0,0.0,0.0,0.0,0.0,0.0,0.0,1.0,0.0,0.0,0.0,0.0,0.0,1.0,0.0,0.0,0.0,False
0.3500000000000085,0.14743589743589736,0.07575757575757575,0.0795333558340579,0.18214716525934863,0.14438812874783377,0.30718755824056787,0.35531710801915023,0.4545454545454546,0.54,0.0,0.26290518648548156,0.3618372797788248,0.2859195739287712,0.0,1.0,0.0,0.0,0.0,0.0,0.0,0.0,0.0,0.0,0.0,0.0,0.0,0.0,0.0,0.0,0.0,0.0,1.0,0.0,0.0,0.0,0.0,0.0,1.0,0.0,0.0,0.0,False
0.5500000000000114,0.4935897435897435,0.9545454545454546,0.3551188030806621,0.8878166465621231,0.18064286905512894,0.10503566037562997,0.07219853381208857,0.5858585858585859,0.41,0.07692307692307693,0.20166535423483925,0.39764982798424936,0.26379079688020746,1.0,0.0,0.0,0.0,0.0,0.0,0.0,0.0,0.0,0.0,0.0,0.0,0.0,0.0,0.0,0.0,0.0,0.0,1.0,0.0,0.0,0.0,0.0,0.0,1.0,0.0,0.0,0.0,False
0.15000000000000568,0.2435897435897436,0.5606060606060606,0.0072866584859396545,0.3920386007237636,0.11538433650199763,0.10920632639265555,0.0014594703770197488,0.98989898989899,0.01,0.0,0.17880186164590942,0.01730651777604422,0.10376668917399683,0.0,0.0,0.0,0.0,1.0,0.0,0.0,0.0,0.0,0.0,0.0,0.0,0.0,0.0,0.0,0.0,0.0,0.0,1.0,0.0,0.0,0.0,0.0,0.0,1.0,0.0,0.0,0.0,False
0.30000000000001137,0.3717948717948718,0.8636363636363638,0.07703741453263686,0.7141133896260556,0.067528079296368,0.09916656899677095,0.5437261370436864,0.1414141414141414,0.85,0.07692307692307693,0.08722589962319392,0.10588518304952294,0.10376668917399683,0.0,0.0,0.0,0.0,1.0,0.0,0.0,0.0,0.0,0.0,0.0,0.0,0.0,0.0,0.0,0.0,1.0,0.0,0.0,0.0,0.0,0.0,0.0,0.0,0.0,1.0,0.0,0.0,False
0.9000000000000057,0.3141025641025641,0.6212121212121213,0.029270313423172316,0.4993968636911943,0.0863805442561615,0.38916327485638647,0.30616988330341116,0.5454545454545456,0.45,0.0,0.1206403454109125,0.05598457154520274,0.10376668917399683,0.0,0.0,0.0,0.0,1.0,0.0,0.0,0.0,0.0,0.0,0.0,0.0,0.0,0.0,0.0,0.0,0.0,0.0,1.0,0.0,0.0,0.0,0.0,0.0,1.0,0.0,0.0,0.0,False
0.10000000000000853,0.28846153846153844,0.6515151515151516,0.08643705496807803,0.577804583835947,0.2749051938540964,0.9852374038813131,0.39945396469180133,0.696969696969697,0.3,0.0,0.3982260237891801,0.1446895759394028,0.10376668917399683,0.0,0.0,0.0,0.0,1.0,0.0,0.0,0.0,0.0,0.0,0.0,0.0,0.0,0.0,0.0,0.0,0.0,0.0,1.0,0.0,0.0,0.0,0.0,0.0,1.0,0.0,0.0,0.0,False
0.15000000000000568,0.19871794871794868,0.5454545454545454,0.030037722241221178,0.4535585042219542,0.1081333884405386,0.3304011489793009,0.0957510472770796,0.7676767676767678,0.23,0.0,0.18011614976039061,0.0627063757103255,0.2859195739287712,0.0,1.0,0.0,0.0,0.0,0.0,0.0,0.0,0.0,0.0,0.0,0.0,0.0,0.0,0.0,0.0,0.0,0.0,1.0,0.0,0.0,0.0,0.0,1.0,0.0,0.0,0.0,0.0,False
0.5,0.1858974358974359,0.2878787878787879,0.013022853136578652,0.26537997587454765,0.25315234966971933,0.13583132339512888,0.13956962148414123,0.48484848484848486,0.51,0.0,0.4306490748241975,0.043489403661229595,0.10376668917399683,0.0,0.0,0.0,0.0,1.0,0.0,0.0,0.0,0.0,0.0,0.0,0.0,0.0,0.0,0.0,0.0,0.0,1.0,0.0,0.0,0.0,0.0,0.0,1.0,0.0,0.0,0.0,0.0,False
0.8000000000000114,0.28846153846153844,0.8333333333333335,0.06685099379441937,0.6851628468033777,0.3111599341613916,0.028178905537784654,0.32591629263913824,0.07070707070707072,0.92,0.0,0.45074223321209556,0.09550698626817346,0.2859195739287712,0.0,1.0,0.0,0.0,0.0,0.0,0.0,0.0,0.0,0.0,0.0,0.0,0.0,0.0,0.0,0.0,0.0,1.0,0.0,0.0,0.0,0.0,0.0,0.0,1.0,0.0,0.0,0.0,False
0.5500000000000114,0.2628205128205128,0.6515151515151516,0.1090458128163233,0.5898673100120628,0.6156997527426711,0.6040895967741823,0.5601739452423699,0.5050505050505052,0.49,0.0,0.9262159139103382,0.1790951062900633,0.26379079688020746,1.0,0.0,0.0,0.0,0.0,0.0,0.0,0.0,0.0,0.0,0.0,0.0,0.0,0.0,0.0,0.0,0.0,0.0,1.0,0.0,0.0,0.0,0.0,0.0,1.0,0.0,0.0,0.0,False
0.9000000000000057,0.3012820512820512,0.7121212121212122,0.07522320048220096,0.6103739445114597,0.2749051938540964,0.16741001711647807,0.14925942549371635,0.5151515151515152,0.48,0.0,0.3909692384871045,0.11968353889868526,0.26379079688020746,1.0,0.0,0.0,0.0,0.0,0.0,0.0,0.0,0.0,0.0,0.0,0.0,0.0,0.0,0.0,0.0,0.0,0.0,1.0,0.0,0.0,0.0,0.0,0.0,0.0,1.0,0.0,0.0,False
0.10000000000000853,0.1794871794871794,0.42424242424242425,0.005067133370437177,0.30398069963811825,0.11248395727741402,0.10514120741754664,0.0009864302812687014,0.98989898989899,0.01,0.0,0.19356285335244655,0.015040311849396266,0.10376668917399683,0.0,0.0,0.0,0.0,1.0,0.0,0.0,0.0,0.0,0.0,0.0,0.0,0.0,0.0,0.0,0.0,0.0,0.0,1.0,0.0,0.0,0.0,0.0,0.0,1.0,0.0,0.0,0.0,False
0.0,0.3141025641025641,0.6060606060606062,0.007229289088862216,0.41616405307599524,0.013871063641571134,0.011410303328929521,0.003509470377019749,0.7676767676767678,0.23,0.0,0.01935908438100403,0.016275313849684975,0.10798196182103102,0.0,0.0,0.0,0.0,0.0,0.0,1.0,0.0,0.0,0.0,0.0,0.0,0.0,0.0,0.0,0.0,0.0,0.0,1.0,0.0,0.0,0.0,0.0,0.0,0.0,1.0,0.0,0.0,False
0.6500000000000057,0.3076923076923077,0.6666666666666667,0.08814100056698845,0.5886610373944512,0.21689760936242414,0.28532668716109444,0.3104428485936565,0.46464646464646464,0.53,0.0,0.30568394664393445,0.14502694714497685,0.10376668917399683,0.0,0.0,0.0,0.0,1.0,0.0,0.0,0.0,0.0,0.0,0.0,1.0,0.0,0.0,0.0,0.0,0.0,0.0,0.0,0.0,0.0,0.0,0.0,0.0,0.0,1.0,0.0,0.0,False
0.8500000000000085,0.20512820512820507,0.6060606060606062,0.028108769396630404,0.4873341375150785,0.1516390768092928,0.2392281679183527,0.028748219628964695,0.8888888888888891,0.11,0.0,0.2498539121143325,0.054973151660091125,0.26379079688020746,1.0,0.0,0.0,0.0,0.0,0.0,0.0,0.0,0.0,0.0,0.0,0.0,0.0,0.0,0.0,0.0,0.0,0.0,1.0,0.0,0.0,0.0,0.0,0.0,0.0,1.0,0.0,0.0,False
0.45000000000000284,0.3782051282051282,0.9090909090909092,0.07638325439453307,0.7442702050663451,0.013871063641571134,0.2847443958031743,0.05667627917414722,0.8282828282828283,0.17,0.0,0.01769873583953012,0.10098883255799146,0.1082061137053058,0.0,0.0,0.0,1.0,0.0,0.0,0.0,0.0,0.0,0.0,0.0,0.0,0.0,0.0,0.0,0.0,0.0,0.0,1.0,0.0,0.0,0.0,0.0,0.0,0.0,1.0,0.0,0.0,False
0.3500000000000085,0.28205128205128205,0.8030303030303032,0.18900981165701444,0.7310012062726177,0.2894070899770145,0.027674577000736875,0.2328740798922801,0.10101010101010102,0.89,0.0,0.42315895312267643,0.25422187415257697,0.08760754858480077,0.0,0.0,0.0,0.0,0.0,0.0,0.0,0.0,1.0,0.0,0.0,0.0,0.0,0.0,0.0,0.0,0.0,1.0,0.0,0.0,0.0,0.0,0.0,0.0,0.0,1.0,0.0,0.0,False
0.15000000000000568,0.19871794871794868,0.6212121212121213,0.036195619213234595,0.5102533172496985,0.3981713108989,0.26459617235179345,0.08840327648114901,0.7373737373737375,0.26,0.0,0.6628183299880395,0.06789396452834884,0.26379079688020746,1.0,0.0,0.0,0.0,0.0,0.0,0.0,0.0,0.0,0.0,0.0,0.0,0.0,0.0,0.0,0.0,0.0,0.0,1.0,0.0,0.0,0.0,0.0,0.0,0.0,1.0,0.0,0.0,False
0.9000000000000057,0.33974358974358976,0.7727272727272727,0.10447265230643603,0.6718938480096502,0.3619165705916048,0.8037270987217027,0.5311190903650509,0.5858585858585859,0.41,0.0,0.48804685094009764,0.1520327863966,0.10800812381772883,0.0,0.0,0.0,0.0,0.0,1.0,0.0,0.0,0.0,0.0,0.0,0.0,0.0,0.0,0.0,0.0,0.0,0.0,1.0,0.0,0.0,0.0,0.0,0.0,0.0,1.0,0.0,0.0,False
0.6500000000000057,0.39102564102564097,0.6363636363636362,0.06617448194316854,0.5524728588661039,0.3619165705916048,0.14995029802352042,0.30371035308198685,0.31313131313131315,0.68,0.0,0.4565020755358992,0.11543366032503646,0.10798196182103102,0.0,0.0,0.0,0.0,0.0,0.0,1.0,0.0,0.0,0.0,0.0,0.0,0.0,0.0,0.0,0.0,0.0,0.0,1.0,0.0,0.0,0.0,0.0,0.0,1.0,0.0,0.0,0.0,False
0.4000000000000057,0.2628205128205128,0.8484848484848486,0.09779098018967664,0.7201447527141135,0.14438812874783377,0.2584141213602488,0.13654633453022144,0.6464646464646466,0.35,0.38461538461538464,0.217247086700979,0.1333671587982789,0.10798196182103102,0.0,0.0,0.0,0.0,0.0,0.0,1.0,0.0,0.0,0.0,0.0,0.0,0.0,0.0,0.0,0.0,0.0,0.0,1.0,0.0,0.0,0.0,0.0,0.0,1.0,0.0,0.0,0.0,False
0.0,0.2564102564102564,0.5606060606060606,0.020192537657048724,0.44270205066345003,0.2894070899770145,0.2918612100886975,0.396205513165769,0.41414141414141414,0.58,0.0,0.43962715199443,0.04307236215418077,0.10798196182103102,0.0,0.0,0.0,0.0,0.0,0.0,1.0,0.0,0.0,0.0,0.0,0.0,0.0,0.0,0.0,0.0,0.0,0.0,1.0,0.0,0.0,0.0,0.0,0.0,1.0,0.0,0.0,0.0,False
0.9000000000000057,0.4294871794871794,0.7878787878787878,0.09596633533977211,0.6767189384800966,0.3619165705916048,0.8960476810350722,0.7368342309994016,0.5353535353535355,0.46,0.0,0.4353913412269357,0.13872051742809874,0.10798196182103102,0.0,0.0,0.0,0.0,0.0,0.0,1.0,0.0,0.0,0.0,0.0,0.0,0.0,0.0,0.0,0.0,0.0,0.0,1.0,0.0,0.0,0.0,0.0,0.0,1.0,0.0,0.0,0.0,False
0.3500000000000085,0.21153846153846156,0.9242424242424243,0.07153516781293702,0.750301568154403,0.052301088367304016,0.033642526693566155,0.13717999700777977,0.19191919191919193,0.81,0.07692307692307693,0.08536070615216104,0.09386135996121814,0.39926384018223143,0.0,0.0,1.0,0.0,0.0,0.0,0.0,0.0,0.0,0.0,0.0,1.0,0.0,0.0,0.0,0.0,0.0,0.0,0.0,0.0,0.0,0.0,0.0,0.0,1.0,0.0,0.0,0.0,False
0.75,0.3076923076923077,0.6666666666666667,0.03667245576037175,0.5404101326899879,0.14438812874783377,0.15559283296367585,0.10977584530221425,0.5757575757575758,0.42,0.0,0.2034902418209637,0.06526232522459544,0.10800812381772883,0.0,0.0,0.0,0.0,0.0,1.0,0.0,0.0,0.0,0.0,0.0,0.0,0.0,0.0,0.0,0.0,0.0,0.0,1.0,0.0,0.0,0.0,0.0,0.0,1.0,0.0,0.0,0.0,False
0.10000000000000853,0.28846153846153844,0.5454545454545454,0.056587832174397,0.4849215922798553,0.6156997527426711,0.30980639287070577,0.2865438061041293,0.5050505050505052,0.49,0.0,0.8918783923645859,0.11121637885703892,0.26379079688020746,1.0,0.0,0.0,0.0,0.0,0.0,0.0,0.0,0.0,0.0,0.0,0.0,0.0,0.0,0.0,0.0,0.0,0.0,1.0,0.0,0.0,0.0,0.0,0.0,0.0,1.0,0.0,0.0,False
0.45000000000000284,0.16025641025641024,0.5151515151515151,0.028675757853460677,0.4330518697225574,0.25315234966971933,0.3827763302240643,0.35354305804907243,0.5050505050505052,0.49,0.0,0.4502648131264327,0.06241383796618048,0.10376668917399683,0.0,0.0,0.0,0.0,1.0,0.0,0.0,0.0,0.0,0.0,0.0,0.0,0.0,0.0,0.0,0.0,0.0,0.0,1.0,0.0,0.0,0.0,0.0,1.0,0.0,0.0,0.0,0.0,False
0.25,0.21153846153846156,0.8333333333333335,0.18029711387229275,0.750301568154403,0.2313995054853422,0.24336380918266706,0.22352208258527828,0.5050505050505052,0.49,0.15384615384615385,0.37721954002001384,0.23663870413159935,0.10798196182103102,0.0,0.0,0.0,0.0,0.0,0.0,1.0,0.0,0.0,0.0,1.0,0.0,0.0,0.0,0.0,0.0,0.0,0.0,0.0,0.0,0.0,0.0,0.0,0.0,0.0,1.0,0.0,0.0,False
0.30000000000001137,0.17307692307692302,0.42424242424242425,0.022178859898716936,0.36550060313630883,0.1480136027785633,0.15624605739015385,0.0721368117893477,0.6767676767676769,0.32,0.0,0.25748258253576656,0.05615138599098224,0.10587733590506189,0.0,0.0,0.0,0.0,0.0,0.0,0.0,1.0,0.0,0.0,0.0,0.0,0.0,0.0,0.0,0.0,0.0,0.0,1.0,0.0,0.0,0.0,0.0,0.0,1.0,0.0,0.0,0.0,False
0.10000000000000853,0.33974358974358976,0.6818181818181819,0.05999646842932276,0.577804583835947,0.4344260512061952,0.33443108044006836,0.18014707510472772,0.6363636363636365,0.36,0.0,0.5858356546931127,0.10041607499072461,0.26379079688020746,1.0,0.0,0.0,0.0,0.0,0.0,0.0,0.0,0.0,0.0,0.0,0.0,0.0,0.0,0.0,0.0,0.0,0.0,1.0,0.0,0.0,0.0,0.0,0.0,1.0,0.0,0.0,0.0,False
0.25,0.35256410256410253,0.5606060606060606,0.05249523349717139,0.49095295536791317,0.5431902721280807,0.43358058271732836,0.2971030595451825,0.5858585858585859,0.42,0.0,0.7200880801845402,0.10201510037522081,0.10376668917399683,0.0,0.0,0.0,0.0,1.0,0.0,0.0,0.0,0.0,0.0,0.0,0.0,0.0,0.0,0.0,0.0,0.0,0.0,1.0,0.0,0.0,0.0,0.0,0.0,1.0,0.0,0.0,0.0,False
0.5500000000000114,0.19871794871794868,0.6666666666666667,0.06353027427787203,0.5705669481302775,0.0863805442561615,0.12560916446565148,0.0495770197486535,0.7070707070707071,0.29,0.0,0.14391348624331696,0.10757752682913989,0.10376668917399683,0.0,0.0,0.0,0.0,1.0,0.0,0.0,0.0,0.0,0.0,0.0,0.0,0.0,0.0,0.0,0.0,0.0,0.0,1.0,0.0,0.0,0.0,0.0,0.0,0.0,1.0,0.0,0.0,False
0.9000000000000057,0.3653846153846153,0.8181818181818181,0.06084136318628141,0.6682750301568156,0.18064286905512894,0.058476983002058905,0.1799921154997008,0.23232323232323232,0.76,0.0,0.23542577457814207,0.08896691868350413,0.1082061137053058,0.0,0.0,0.0,1.0,0.0,0.0,0.0,0.0,0.0,0.0,0.0,0.0,0.0,0.0,0.0,0.0,0.0,0.0,1.0,0.0,0.0,0.0,0.0,0.0,0.0,1.0,0.0,0.0,False
0.20000000000000284,0.23076923076923073,0.9090909090909092,0.4199559075205319,0.8648974668275031,0.03562390782594824,0.10415022935671381,0.12340303710353083,0.4444444444444445,0.55,0.0,0.05639324245456651,0.4820651948430836,0.10376668917399683,0.0,0.0,0.0,0.0,1.0,0.0,0.0,0.0,0.0,0.0,0.0,0.0,0.0,0.0,0.0,0.0,0.0,1.0,0.0,0.0,0.0,0.0,0.0,0.0,0.0,1.0,0.0,0.0,False
0.3500000000000085,0.2948717948717948,0.8787878787878789,0.211980667258242,0.7937273823884199,0.0017257256386272503,0.45082595249384844,0.16598533064033513,0.7171717171717172,0.28,0.0,0.002485068781892676,0.26387864871463346,0.10587733590506189,0.0,0.0,0.0,0.0,0.0,0.0,0.0,1.0,0.0,0.0,0.0,0.0,0.0,0.0,0.0,0.0,0.0,0.0,1.0,0.0,0.0,0.0,0.0,0.0,0.0,1.0,0.0,0.0,False
0.6000000000000085,0.14743589743589736,0.46969696969696967,0.04985475111739939,0.4294330518697226,0.006620115580112099,0.13962270055987985,0.1516336026331538,0.46464646464646464,0.53,0.0,0.012292949890545298,0.10936533353936856,0.10587733590506189,0.0,0.0,0.0,0.0,0.0,0.0,0.0,1.0,0.0,0.0,0.0,0.0,0.0,0.0,0.0,0.0,0.0,0.0,1.0,0.0,0.0,0.0,0.0,0.0,0.0,1.0,0.0,0.0,False
0.8000000000000114,0.6282051282051281,0.7878787878787878,0.08564356915135761,0.6706875753920386,0.3365382523764982,0.054215759514203966,0.12518426092160384,0.29292929292929293,0.7,0.07692307692307693,0.3267256939413349,0.12483285252915338,0.10798196182103102,0.0,0.0,0.0,0.0,0.0,0.0,1.0,0.0,0.0,0.0,0.0,0.0,0.0,0.0,0.0,0.0,0.0,0.0,1.0,0.0,0.0,0.0,0.0,0.0,0.0,1.0,0.0,0.0,False
0.8500000000000085,0.21153846153846156,0.6666666666666667,0.029761306055302608,0.5283474065138722,0.07187864813324342,0.2636431875057848,0.2064631956912029,0.5454545454545456,0.45,0.0,0.11726430337658221,0.05406371868082898,0.10798196182103102,0.0,0.0,0.0,0.0,0.0,0.0,1.0,0.0,0.0,0.0,0.0,0.0,0.0,0.0,0.0,0.0,0.0,0.0,1.0,0.0,0.0,0.0,0.0,0.0,1.0,0.0,0.0,0.0,False
0.9000000000000057,0.19871794871794868,0.6363636363636362,0.06082199170155396,0.5476477683956575,0.25315234966971933,0.2790483277877862,0.22591262716935967,0.5454545454545456,0.46,0.0,0.42146723987421497,0.1069527040669805,0.26379079688020746,1.0,0.0,0.0,0.0,0.0,0.0,0.0,0.0,0.0,0.0,0.0,0.0,0.0,0.0,0.0,0.0,0.0,0.0,1.0,0.0,0.0,0.0,0.0,0.0,0.0,1.0,0.0,0.0,False
0.8000000000000114,0.15384615384615385,0.7424242424242424,0.0474631178106646,0.6031363088057902,0.5069355318207855,0.5624901112621453,0.8303411131059246,0.393939393939394,0.6,0.0,0.9117983338698296,0.07633865654057496,0.39926384018223143,0.0,0.0,1.0,0.0,0.0,0.0,0.0,0.0,0.0,0.0,0.0,0.0,0.0,0.0,0.0,0.0,0.0,0.0,1.0,0.0,0.0,0.0,0.0,1.0,0.0,0.0,0.0,0.0,False
0.9000000000000057,0.2628205128205128,0.6363636363636362,0.021497132647731784,0.4921592279855248,0.07187864813324342,0.5306122229116943,0.26834150209455415,0.6565656565656567,0.34,0.0,0.10817495943800068,0.04165646052521605,0.10376668917399683,0.0,0.0,0.0,0.0,1.0,0.0,0.0,0.0,0.0,0.0,0.0,0.0,0.0,0.0,0.0,0.0,0.0,0.0,1.0,0.0,0.0,0.0,0.0,0.0,1.0,0.0,0.0,0.0,False
0.10000000000000853,0.13461538461538458,0.4848484848484848,0.04463637115466715,0.4342581423401689,0.3111599341613916,0.19076491595245185,0.32898418611609814,0.35353535353535354,0.64,0.0,0.5797820620798309,0.0969337135536074,0.10376668917399683,0.0,0.0,0.0,0.0,1.0,0.0,0.0,0.0,0.0,0.0,0.0,0.0,0.0,0.0,0.0,0.0,0.0,0.0,1.0,0.0,0.0,0.0,0.0,0.0,0.0,1.0,0.0,0.0,False
0.15000000000000568,0.47435897435897434,0.6363636363636362,0.00024810401593230113,0.25090470446320867,0.47068079151349035,0.20853705986988155,0.08492741621783363,0.696969696969697,0.3,0.0,0.5372981462609593,0.000831070122712178,0.2859195739287712,0.0,1.0,0.0,0.0,0.0,0.0,0.0,0.0,0.0,0.0,0.0,0.0,0.0,0.0,0.0,0.0,0.0,0.0,1.0,0.0,0.0,0.0,0.0,0.0,0.0,1.0,0.0,0.0,False
0.9000000000000057,0.41666666666666663,0.6363636363636362,0.09595217925477899,0.5729794933655007,0.7244639736645565,0.12281484954648178,0.5065951002393776,0.18181818181818182,0.81,0.0,0.8853138661867214,0.16187014544018682,0.26379079688020746,1.0,0.0,0.0,0.0,0.0,0.0,0.0,0.0,0.0,0.0,0.0,0.0,0.0,0.0,0.0,0.0,0.0,0.0,1.0,0.0,0.0,0.0,0.0,0.0,1.0,0.0,0.0,0.0,False
0.15000000000000568,0.2948717948717948,0.6212121212121213,0.03581414997552487,0.5102533172496985,0.2604032977311783,0.20640502202405125,0.13176861160981448,0.595959595959596,0.4,0.0,0.37375057939758277,0.06717795538618448,0.26379079688020746,1.0,0.0,0.0,0.0,0.0,0.0,0.0,0.0,0.0,0.0,0.0,0.0,0.0,0.0,0.0,0.0,0.0,0.0,1.0,0.0,0.0,0.0,0.0,0.0,0.0,1.0,0.0,0.0,False
0.8000000000000114,0.2948717948717948,0.7878787878787878,0.019636725056791978,0.577804583835947,0.09363149231762052,0.4774343323089323,0.09184530221424297,0.8282828282828283,0.17,0.0,0.13439229644983583,0.03283560986476946,0.1082061137053058,0.0,0.0,0.0,1.0,0.0,0.0,0.0,0.0,0.0,0.0,0.0,0.0,0.0,0.0,0.0,0.0,0.0,0.0,1.0,0.0,0.0,0.0,0.0,1.0,0.0,0.0,0.0,0.0,False
0.05000000000001137,0.4358974358974359,0.7575757575757578,0.06092480958203041,0.6284680337756334,0.4344260512061952,0.14058702446612675,0.07030705415918612,0.6565656565656567,0.34,0.0,0.5186525070765375,0.0943325464772481,0.26379079688020746,1.0,0.0,0.0,0.0,0.0,0.0,0.0,0.0,0.0,0.0,0.0,0.0,0.0,0.0,0.0,0.0,0.0,0.0,1.0,0.0,0.0,0.0,0.0,0.0,0.0,1.0,0.0,0.0,False
0.3500000000000085,0.21794871794871795,0.8333333333333335,0.18540820561191912,0.7515078407720145,0.3256618302843097,0.7236026096362729,0.6127019748653502,0.5252525252525254,0.47,0.0,0.5253477348458869,0.2429811763659344,0.2859195739287712,0.0,1.0,0.0,0.0,0.0,0.0,0.0,0.0,0.0,0.0,0.0,0.0,0.0,0.0,0.0,0.0,0.0,0.0,1.0,0.0,0.0,0.0,0.0,0.0,1.0,0.0,0.0,0.0,False
0.10000000000000853,0.23717948717948711,0.7121212121212122,0.20482886410828957,0.6694813027744271,0.25315234966971933,0.3101354193814596,0.47026595601436266,0.38383838383838387,0.61,0.0,0.39612537541226345,0.2991215700109323,0.26379079688020746,1.0,0.0,0.0,0.0,0.0,0.0,0.0,0.0,0.0,0.0,0.0,0.0,0.0,0.0,0.0,0.0,0.0,1.0,0.0,0.0,0.0,0.0,0.0,0.0,0.0,1.0,0.0,0.0,False
0.6500000000000057,0.23717948717948711,0.6515151515151516,0.13696831793672826,0.6031363088057902,0.1081333884405386,0.5543435196433679,0.559545182525434,0.48484848484848486,0.51,0.0,0.16925535070526854,0.22038249268984336,0.11537708435120664,0.0,0.0,0.0,0.0,0.0,0.0,0.0,0.0,1.0,0.0,1.0,0.0,0.0,0.0,0.0,0.0,0.0,0.0,0.0,0.0,0.0,0.0,0.0,0.0,1.0,0.0,0.0,0.0,False
0.25,0.22435897435897434,0.6666666666666667,0.1227861559449224,0.6079613992762365,0.3981713108989,0.6944667044656009,1.0,0.393939393939394,0.6,0.0,0.6357279015058755,0.19610563313658486,0.10798196182103102,0.0,0.0,0.0,0.0,0.0,0.0,1.0,0.0,0.0,0.0,0.0,0.0,0.0,0.0,0.0,0.0,0.0,0.0,1.0,0.0,0.0,0.0,0.0,0.0,1.0,0.0,0.0,0.0,False
0.25,0.17307692307692302,0.6363636363636362,0.03987769142565932,0.5247285886610374,0.1081333884405386,0.24508723783112285,0.11497016008378218,0.6666666666666669,0.33,0.0,0.18816118609751808,0.07291402283706487,0.10376668917399683,0.0,0.0,0.0,0.0,1.0,0.0,0.0,0.0,0.0,0.0,0.0,0.0,0.0,0.0,0.0,0.0,0.0,0.0,1.0,0.0,0.0,0.0,0.0,0.0,1.0,0.0,0.0,0.0,False
0.05000000000001137,0.2564102564102564,0.5151515151515151,0.06146125069755971,0.4680337756332932,0.20239571323950606,0.4673255407301756,0.25678989377618194,0.6363636363636365,0.36,0.0,0.30746985604860766,0.12475129149975682,0.10376668917399683,0.0,0.0,0.0,0.0,1.0,0.0,0.0,0.0,0.0,0.0,0.0,0.0,1.0,0.0,0.0,0.0,0.0,0.0,0.0,0.0,0.0,0.0,0.0,0.0,1.0,0.0,0.0,0.0,False
0.6000000000000085,0.16025641025641024,0.7121212121212122,0.15992352733875287,0.6550060313630881,0.0863805442561615,0.4233877208812894,0.3590664272890485,0.5252525252525254,0.47,0.0,0.1537869399297916,0.23834197105619492,0.10376668917399683,0.0,0.0,0.0,0.0,1.0,0.0,0.0,0.0,0.0,0.0,0.0,0.0,0.0,0.0,0.0,0.0,0.0,0.0,1.0,0.0,0.0,0.0,0.0,0.0,0.0,1.0,0.0,0.0,False
0.0,0.3141025641025641,0.5606060606060606,0.0030837913571885715,0.34981905910735833,0.06462770007178438,0.023656651147836095,9.412028725314183e-05,1.0,0.0,0.0,0.09025596710193995,0.008079445335494326,0.10376668917399683,0.0,0.0,0.0,0.0,1.0,0.0,0.0,0.0,0.0,0.0,0.0,0.0,0.0,0.0,0.0,0.0,0.0,0.0,1.0,0.0,0.0,0.0,0.0,0.0,1.0,0.0,0.0,0.0,False
0.3500000000000085,0.17307692307692302,0.5151515151515151,0.030045917869375098,0.4342581423401689,0.11538433650199763,0.273360002575664,0.146886789347696,0.6363636363636365,0.36,0.0,0.20076507635901783,0.06523448578526052,0.10798196182103102,0.0,0.0,0.0,0.0,0.0,0.0,1.0,0.0,0.0,0.0,0.0,0.0,0.0,0.0,0.0,0.0,0.0,0.0,1.0,0.0,0.0,0.0,0.0,0.0,1.0,0.0,0.0,0.0,False
0.25,0.423076923076923,0.6060606060606062,0.07722889420859662,0.5404101326899879,0.5794450124353758,0.35930736648752604,0.7176544135248355,0.32323232323232326,0.67,0.0,0.7025757770029136,0.13748608162074416,0.26379079688020746,1.0,0.0,0.0,0.0,0.0,0.0,0.0,0.0,0.0,0.0,0.0,0.0,0.0,0.0,0.0,0.0,0.0,0.0,1.0,0.0,0.0,0.0,0.0,1.0,0.0,0.0,0.0,0.0,False
0.10000000000000853,0.33333333333333326,0.6666666666666667,0.03303806720266075,0.5343787696019301,0.30390898609993255,0.32117382013590473,0.16635168312387794,0.6464646464646466,0.35,0.0,0.4133872251182305,0.05939925401350458,0.10800812381772883,0.0,0.0,0.0,0.0,0.0,1.0,0.0,0.0,0.0,0.0,0.0,0.0,0.0,0.0,0.0,0.0,0.0,0.0,1.0,0.0,0.0,0.0,0.0,0.0,1.0,0.0,0.0,0.0,False
0.20000000000000284,0.2435897435897436,0.8333333333333335,0.026381727027468018,0.6236429433051871,0.022572201315321977,0.04979365778071355,0.045369584081388394,0.5151515151515152,0.48,0.07692307692307693,0.03504263806919976,0.041115643344351555,0.10800812381772883,0.0,0.0,0.0,0.0,0.0,1.0,0.0,0.0,0.0,0.0,0.0,0.0,0.0,0.0,0.0,0.0,1.0,0.0,0.0,0.0,0.0,0.0,0.0,0.0,0.0,1.0,0.0,0.0,False
0.0,0.14102564102564097,0.3333333333333333,0.003322209630757149,0.24125452352231605,0.13713718068637473,0.12267895133580718,0.028534582585278277,0.8080808080808083,0.19,0.0,0.25266344802401663,0.011991806276234715,0.2859195739287712,0.0,1.0,0.0,0.0,0.0,0.0,0.0,0.0,0.0,0.0,0.0,0.0,0.0,0.0,0.0,0.0,0.0,1.0,0.0,0.0,1.0,0.0,0.0,0.0,0.0,0.0,0.0,0.0,False
0.9500000000000028,0.21794871794871795,0.7727272727272727,0.029607079234587934,0.5934861278648975,0.5431902721280807,0.46977110397912036,0.9568157315978456,0.31313131313131315,0.68,0.0,0.8761776699597966,0.048318907342214876,0.39926384018223143,0.0,0.0,1.0,0.0,0.0,0.0,0.0,0.0,0.0,0.0,0.0,0.0,0.0,0.0,0.0,0.0,0.0,0.0,1.0,0.0,0.0,0.0,0.0,1.0,0.0,0.0,0.0,0.0,False
0.15000000000000568,0.25,0.8787878787878789,0.3428872005894892,0.827503015681544,0.028372959764489204,0.3447474085984551,0.5543087971274686,0.37373737373737376,0.62,0.3076923076923077,0.04358715074502135,0.4103981291029605,0.10376668917399683,0.0,0.0,0.0,0.0,1.0,0.0,0.0,0.0,0.0,0.0,0.0,0.0,0.0,0.0,0.0,0.0,0.0,0.0,1.0,0.0,0.0,0.0,0.0,0.0,0.0,1.0,0.0,0.0,True
0.4000000000000057,0.22435897435897434,0.7575757575757578,0.22373096285964839,0.7080820265379976,0.47068079151349035,0.777874242892963,0.2067538076002394,0.7777777777777779,0.22,0.0,0.7514779141114852,0.31005168172097974,0.10376668917399683,0.0,0.0,0.0,0.0,1.0,0.0,0.0,0.0,0.0,0.0,0.0,0.0,0.0,0.0,0.0,0.0,0.0,0.0,1.0,0.0,0.0,0.0,0.0,0.0,0.0,1.0,0.0,0.0,False
0.3500000000000085,0.1923076923076923,0.6060606060606062,0.11413529789990753,0.5609167671893849,0.07187864813324342,0.48979624863584437,0.5689148563734291,0.4444444444444445,0.55,0.0,0.12107596373792284,0.19636733797477948,0.10800812381772883,0.0,0.0,0.0,0.0,0.0,1.0,0.0,0.0,0.0,0.0,1.0,0.0,0.0,0.0,0.0,0.0,0.0,0.0,0.0,0.0,0.0,0.0,0.0,0.0,0.0,1.0,0.0,0.0,False
0.6000000000000085,0.20512820512820507,0.6212121212121213,0.07399311120200808,0.5488540410132691,0.14438812874783377,0.11022658604581921,0.1392971947935368,0.43434343434343436,0.57,0.0,0.2379133844981749,0.12986024859803633,0.26379079688020746,1.0,0.0,0.0,0.0,0.0,0.0,0.0,0.0,0.0,0.0,0.0,1.0,0.0,0.0,0.0,0.0,0.0,0.0,0.0,0.0,0.0,0.0,0.0,0.0,1.0,0.0,0.0,0.0,False
0.8500000000000085,0.33333333333333326,0.9393939393939394,0.3834034059540493,0.8817852834740653,0.0863805442561615,0.4216971313293677,0.7895446065230401,0.33333333333333337,0.66,0.0,0.11746980158736753,0.4321102576821184,0.10376668917399683,0.0,0.0,0.0,0.0,1.0,0.0,0.0,0.0,0.0,0.0,0.0,0.0,0.0,0.0,0.0,0.0,0.0,1.0,0.0,0.0,0.0,0.0,0.0,0.0,0.0,1.0,0.0,0.0,False
0.15000000000000568,0.17307692307692302,0.6515151515151516,0.1271700719501646,0.5983112183353438,0.18789381711658798,0.36316087209169573,0.3289939781567924,0.5151515151515152,0.48,0.0,0.326803978974015,0.20614118368750461,0.10587733590506189,0.0,0.0,0.0,0.0,0.0,0.0,0.0,1.0,0.0,0.0,0.0,0.0,0.0,0.0,0.0,0.0,0.0,0.0,1.0,0.0,0.0,0.0,0.0,0.0,0.0,1.0,0.0,0.0,False
0.6500000000000057,0.28205128205128205,0.6666666666666667,0.10460005707137424,0.5983112183353438,0.21689760936242414,0.09258194648927737,0.27139780071813285,0.24242424242424243,0.75,0.0,0.31714492288576285,0.16954740809671537,0.26379079688020746,1.0,0.0,0.0,0.0,0.0,0.0,0.0,0.0,0.0,0.0,0.0,0.0,0.0,0.0,0.0,0.0,0.0,0.0,1.0,0.0,0.0,0.0,0.0,0.0,0.0,1.0,0.0,0.0,False
0.45000000000000284,0.28846153846153844,0.7272727272727273,0.1142813290924683,0.6453558504221955,0.2894070899770145,0.07925528772621213,0.0771803934769599,0.494949494949495,0.5,0.0,0.4192325075583463,0.17267624269899093,0.26379079688020746,1.0,0.0,0.0,0.0,0.0,0.0,0.0,0.0,0.0,0.0,0.0,0.0,1.0,0.0,0.0,0.0,0.0,0.0,0.0,0.0,0.0,0.0,0.0,0.0,0.0,1.0,0.0,0.0,False
0.5,0.3205128205128205,0.7878787878787878,0.1113972130393934,0.6863691194209892,0.11538433650199763,0.14697487591324582,0.2765159260921604,0.33333333333333337,0.66,0.0,0.15971877887024,0.1589173841548055,0.10798196182103102,0.0,0.0,0.0,0.0,0.0,0.0,1.0,0.0,0.0,0.0,0.0,0.0,0.0,0.0,0.0,0.0,0.0,0.0,1.0,0.0,0.0,0.0,0.0,0.0,1.0,0.0,0.0,0.0,False
0.0,0.3782051282051282,0.7727272727272727,0.02134737616964652,0.5729794933655007,0.042874855887407276,0.06582931336650127,0.014664699281867146,0.8080808080808083,0.19,0.15384615384615385,0.054890543168545684,0.03597769380038579,0.1082061137053058,0.0,0.0,0.0,1.0,0.0,0.0,0.0,0.0,0.0,0.0,0.0,0.0,0.0,0.0,0.0,0.0,0.0,0.0,1.0,0.0,0.0,0.0,0.0,0.0,0.0,1.0,0.0,0.0,True
0.10000000000000853,0.22435897435897434,0.18181818181818182,0.021310123314401432,0.21833534378769606,0.5069355318207855,0.14637465752434073,0.051331283662477564,0.7373737373737375,0.27,0.0,0.8093529204142901,0.08376107739589543,0.26379079688020746,1.0,0.0,0.0,0.0,0.0,0.0,0.0,0.0,0.0,0.0,0.0,0.0,0.0,0.0,0.0,0.0,0.0,0.0,1.0,0.0,0.0,0.0,0.0,0.0,1.0,0.0,0.0,0.0,False
0.20000000000000284,0.5128205128205128,0.8030303030303032,0.09309563031458547,0.6863691194209892,0.3981713108989,0.3965471654759827,0.7733398563734292,0.32323232323232326,0.67,0.23076923076923078,0.4353913412269357,0.13280108597276472,0.10798196182103102,0.0,0.0,0.0,0.0,0.0,0.0,1.0,0.0,0.0,0.0,0.0,0.0,0.0,0.0,0.0,0.0,0.0,1.0,0.0,0.0,0.0,0.0,0.0,0.0,1.0,0.0,0.0,0.0,False
0.9000000000000057,0.2564102564102564,0.5909090909090908,0.021126094209490683,0.46320868516284686,0.11320905208355993,0.3036444700674309,0.24685816876122083,0.5353535353535355,0.46,0.0,0.17200862770413983,0.043256787430770015,0.10376668917399683,0.0,0.0,0.0,0.0,1.0,0.0,0.0,0.0,0.0,0.0,0.0,0.0,0.0,0.0,0.0,0.0,0.0,0.0,1.0,0.0,0.0,0.0,0.0,0.0,1.0,0.0,0.0,0.0,False
0.8500000000000085,0.4294871794871794,0.8333333333333335,0.1008315582347809,0.7117008443908324,0.25315234966971933,0.16348328427981987,0.198671342010772,0.43434343434343436,0.56,0.46153846153846156,0.3045047885113617,0.13904384997897765,0.10798196182103102,0.0,0.0,0.0,0.0,0.0,0.0,1.0,0.0,0.0,0.0,0.0,0.0,0.0,0.0,0.0,0.0,0.0,0.0,1.0,0.0,0.0,0.0,0.0,0.0,0.0,1.0,0.0,0.0,True
0.5500000000000114,0.20512820512820507,0.5303030303030303,0.07100543221135185,0.4849215922798553,0.2894070899770145,0.19161022235424344,0.49970077797725915,0.26262626262626265,0.73,0.0,0.47672393682132747,0.13956361336923995,0.26379079688020746,1.0,0.0,0.0,0.0,0.0,0.0,0.0,0.0,0.0,0.0,0.0,0.0,0.0,0.0,0.0,0.0,0.0,0.0,1.0,0.0,0.0,0.0,0.0,0.0,1.0,0.0,0.0,0.0,False
0.15000000000000568,0.2628205128205128,0.5303030303030303,0.037987481550523436,0.45476477683956573,0.3764184667145229,0.18022837905893985,0.10738458258527828,0.6161616161616162,0.38,0.0,0.5662778939425097,0.07912341138085457,0.26379079688020746,1.0,0.0,0.0,0.0,0.0,0.0,0.0,0.0,0.0,0.0,0.0,0.0,0.0,0.0,0.0,0.0,0.0,0.0,1.0,0.0,0.0,0.0,0.0,0.0,1.0,0.0,0.0,0.0,False
0.30000000000001137,0.2564102564102564,0.6666666666666667,0.021996320908015992,0.51145958986731,0.14438812874783377,0.20775856324201575,0.03789730700179533,0.8383838383838385,0.16,0.0,0.21936499208472615,0.041153207744020204,0.10376668917399683,0.0,0.0,0.0,0.0,1.0,0.0,0.0,0.0,0.0,0.0,0.0,0.0,1.0,0.0,0.0,0.0,0.0,0.0,0.0,0.0,0.0,0.0,0.0,0.0,1.0,0.0,0.0,0.0,False
0.7000000000000028,0.21794871794871795,0.6818181818181819,0.09010720626682432,0.600723763570567,0.18064286905512894,0.34866082598365106,0.16374986535008978,0.6666666666666669,0.33,0.0,0.29146111143661374,0.1455063752703011,0.10798196182103102,0.0,0.0,0.0,0.0,0.0,0.0,1.0,0.0,0.0,0.0,0.0,0.0,0.0,0.0,0.0,0.0,0.0,0.0,1.0,0.0,0.0,0.0,0.0,0.0,1.0,0.0,0.0,0.0,False
0.75,0.6410256410256411,0.9393939393939394,0.06704321852748404,0.7563329312424608,0.09363149231762052,0.06256949243436666,0.5039585801915021,0.10101010101010102,0.89,0.0,0.08957247392934548,0.08730476078598487,0.26379079688020746,1.0,0.0,0.0,0.0,0.0,0.0,0.0,0.0,0.0,0.0,0.0,0.0,0.0,1.0,0.0,0.0,0.0,0.0,0.0,0.0,0.0,1.0,0.0,0.0,0.0,0.0,0.0,0.0,False
0.7000000000000028,0.28205128205128205,0.7272727272727273,0.0928616823836463,0.6332931242460798,0.07912959619470246,0.390393442758649,0.20795930580490726,0.6464646464646466,0.36,0.0,0.11571826543562722,0.14278725971798908,0.10798196182103102,0.0,0.0,0.0,0.0,0.0,0.0,1.0,0.0,0.0,0.0,0.0,0.0,0.0,0.0,0.0,0.0,0.0,0.0,1.0,0.0,0.0,0.0,0.0,0.0,1.0,0.0,0.0,0.0,False
0.5,0.3589743589743589,0.7727272727272727,4.842871181861733e-05,0.20024125452352234,0.3981713108989,0.3048723748079781,0.3746193746259725,0.43434343434343436,0.56,0.0,0.523382301035725,0.00016863113599958765,0.10798196182103102,0.0,0.0,0.0,0.0,0.0,0.0,1.0,0.0,0.0,0.0,0.0,0.0,0.0,0.0,0.0,0.0,0.0,0.0,1.0,0.0,0.0,0.0,0.0,0.0,1.0,0.0,0.0,0.0,False
0.5500000000000114,0.25,0.5454545454545454,0.07605170398285177,0.4993968636911943,0.3619165705916048,0.1665698648329766,0.048004847396768406,0.7676767676767678,0.23,0.0,0.55515681430001,0.14553286060529516,0.2859195739287712,0.0,1.0,0.0,0.0,0.0,0.0,0.0,0.0,0.0,0.0,0.0,0.0,0.0,0.0,0.0,0.0,0.0,0.0,1.0,0.0,0.0,0.0,0.0,0.0,0.0,1.0,0.0,0.0,False
0.30000000000001137,0.26923076923076916,0.5454545454545454,0.10496886033830063,0.5150784077201448,0.23865045354680123,0.26286560544326976,0.20946439257929383,0.5454545454545456,0.45,0.0,0.35561287100030003,0.19529215504886532,0.26379079688020746,1.0,0.0,0.0,0.0,0.0,0.0,0.0,0.0,0.0,0.0,0.0,0.0,0.0,0.0,0.0,0.0,0.0,0.0,1.0,0.0,0.0,0.0,0.0,0.0,0.0,1.0,0.0,0.0,False
0.7000000000000028,0.4871794871794871,0.7575757575757578,0.018744891702224514,0.5560916767189386,0.21689760936242414,0.2371514845279027,0.020540626870137642,0.9191919191919193,0.08,0.0,0.24392659984444132,0.032470191303553275,0.1082061137053058,0.0,0.0,0.0,1.0,0.0,0.0,0.0,0.0,0.0,0.0,0.0,0.0,0.0,0.0,0.0,0.0,0.0,1.0,0.0,0.0,0.0,0.0,0.0,0.0,1.0,0.0,0.0,0.0,False
0.0,0.3589743589743589,0.5757575757575757,0.009507673715651935,0.4137515078407721,0.25315234966971933,0.11796367715353286,0.0010984590065828846,0.98989898989899,0.01,0.0,0.3327352214500149,0.021530303492710123,0.26379079688020746,1.0,0.0,0.0,0.0,0.0,0.0,0.0,0.0,0.0,0.0,1.0,0.0,0.0,0.0,0.0,0.0,0.0,0.0,0.0,0.0,0.0,0.0,0.0,0.0,0.0,1.0,0.0,0.0,False
0.8000000000000114,0.2435897435897436,0.8787878787878789,0.09782450775939722,0.7406513872135103,0.3981713108989,0.3713909836784342,0.21114863853979654,0.6262626262626264,0.37,0.15384615384615385,0.6168182459811967,0.12994364965242247,0.39926384018223143,0.0,0.0,1.0,0.0,0.0,0.0,0.0,0.0,0.0,0.0,0.0,0.0,0.0,0.0,0.0,0.0,0.0,0.0,1.0,0.0,0.0,0.0,0.0,1.0,0.0,0.0,0.0,0.0,False
0.4000000000000057,0.2628205128205128,0.696969696969697,0.07959892085928927,0.6043425814234018,0.3981713108989,0.40279763835664756,0.5737934769599042,0.393939393939394,0.6,0.0,0.5989995321214032,0.1278191269097427,0.26379079688020746,1.0,0.0,0.0,0.0,0.0,0.0,0.0,0.0,0.0,0.0,0.0,0.0,0.0,0.0,0.0,0.0,0.0,0.0,1.0,0.0,0.0,0.0,0.0,0.0,1.0,0.0,0.0,0.0,False
0.3500000000000085,0.2564102564102564,0.6515151515151516,0.06930744706928063,0.5657418576598312,0.18064286905512894,0.1734675787125707,0.13461208108916817,0.5555555555555557,0.45,0.0,0.2744305320621521,0.11828698294066628,0.26379079688020746,1.0,0.0,0.0,0.0,0.0,0.0,0.0,0.0,0.0,0.0,1.0,0.0,0.0,0.0,0.0,0.0,0.0,0.0,0.0,0.0,0.0,0.0,0.0,0.0,0.0,1.0,0.0,0.0,False
0.6500000000000057,0.19871794871794868,0.7272727272727273,0.09273353256160319,0.6332931242460798,0.09218130270532872,0.40122511299106134,0.12492708707360863,0.7575757575757577,0.24,0.0,0.15356752984786992,0.14259014921509086,0.10800812381772883,0.0,0.0,0.0,0.0,0.0,1.0,0.0,0.0,0.0,0.0,0.0,0.0,0.0,0.0,0.0,0.0,0.0,0.0,1.0,0.0,0.0,0.0,0.0,0.0,0.0,1.0,0.0,0.0,False
0.10000000000000853,0.35256410256410253,0.8030303030303032,0.22280932722088484,0.7418576598311218,0.3329127783457687,0.5212279841062183,0.3467932151406344,0.5858585858585859,0.41,0.0,0.44130711762085995,0.2955725795527098,0.10798196182103102,0.0,0.0,0.0,0.0,0.0,0.0,1.0,0.0,0.0,0.0,0.0,0.0,0.0,0.0,0.0,0.0,0.0,0.0,1.0,0.0,0.0,0.0,0.0,0.0,0.0,1.0,0.0,0.0,False
0.25,0.23717948717948711,0.7272727272727273,0.033716069168121386,0.5729794933655007,0.14438812874783377,0.05758844401106103,0.049779540694195094,0.5252525252525254,0.47,0.0,0.22597285688201726,0.05684934040712221,0.10798196182103102,0.0,0.0,0.0,0.0,0.0,0.0,1.0,0.0,0.0,0.0,0.0,0.0,0.0,0.0,0.0,0.0,0.0,0.0,1.0,0.0,0.0,0.0,0.0,0.0,1.0,0.0,0.0,0.0,False
0.20000000000000284,0.20512820512820507,0.5606060606060606,0.021200599919980866,0.4451145958986732,0.17339192099366993,0.13150261583516581,0.03322465589467385,0.7878787878787881,0.21,0.0,0.2856754949628054,0.04500341212142095,0.10376668917399683,0.0,0.0,0.0,0.0,1.0,0.0,0.0,0.0,0.0,0.0,0.0,0.0,0.0,0.0,0.0,0.0,0.0,0.0,1.0,0.0,0.0,0.0,0.0,0.0,1.0,0.0,0.0,0.0,False
0.25,0.3653846153846153,0.8333333333333335,0.023483454889399995,0.6164053075995175,0.18064286905512894,0.11805874544668528,0.0007015559545182526,0.98989898989899,0.01,0.0,0.23542577457814207,0.03699274838908081,0.1082061137053058,0.0,0.0,0.0,1.0,0.0,0.0,0.0,0.0,0.0,0.0,0.0,0.0,0.0,0.0,0.0,0.0,0.0,0.0,1.0,0.0,0.0,0.0,0.0,1.0,0.0,0.0,0.0,0.0,False
0.7000000000000028,0.26923076923076916,0.6515151515151516,0.09974824520425368,0.5850422195416165,0.4344260512061952,0.39118840931338167,0.6352957510472771,0.36363636363636365,0.63,0.0,0.6473029027664365,0.16506961935418948,0.26379079688020746,1.0,0.0,0.0,0.0,0.0,0.0,0.0,0.0,0.0,0.0,0.0,0.0,0.0,0.0,0.0,0.0,0.0,0.0,1.0,0.0,0.0,0.0,0.0,0.0,1.0,0.0,0.0,0.0,False
0.75,0.3012820512820512,0.6060606060606062,0.04303077309360376,0.5102533172496985,0.2894070899770145,0.04394549289716771,0.2128382854578097,0.16161616161616163,0.83,0.0,0.4115937861877404,0.08072339396236389,0.10798196182103102,0.0,0.0,0.0,0.0,0.0,0.0,1.0,0.0,0.0,0.0,0.0,0.0,0.0,0.0,0.0,0.0,0.0,1.0,0.0,0.0,0.0,0.0,0.0,0.0,1.0,0.0,0.0,0.0,False
0.05000000000001137,0.19871794871794868,0.5303030303030303,0.01200286995996808,0.40048250904704474,0.21689760936242414,0.24929454071605414,0.04633675194494315,0.8383838383838385,0.16,0.0,0.3611294673457589,0.027997570994365503,0.10376668917399683,0.0,0.0,0.0,0.0,1.0,0.0,0.0,0.0,0.0,0.0,0.0,0.0,0.0,0.0,0.0,0.0,0.0,0.0,1.0,0.0,0.0,0.0,0.0,0.0,1.0,0.0,0.0,0.0,False
0.6500000000000057,0.3846153846153846,0.9393939393939394,0.3607313182518874,0.8769601930036189,0.2749051938540964,0.2080444656713168,0.5107493342309994,0.27272727272727276,0.72,0.0,0.349552463836234,0.40867566066931216,0.26379079688020746,1.0,0.0,0.0,0.0,0.0,0.0,0.0,0.0,0.0,0.0,0.0,0.0,0.0,0.0,0.0,0.0,0.0,1.0,0.0,0.0,0.0,0.0,0.0,0.0,0.0,1.0,0.0,0.0,False
0.8000000000000114,0.25,0.6060606060606062,0.09396809218442548,0.5512665862484922,0.08275507022543198,0.2750517934634278,0.4374619614003591,0.37373737373737376,0.62,0.0,0.12699524806376947,0.16426517435411048,0.10376668917399683,0.0,0.0,0.0,0.0,1.0,0.0,0.0,0.0,0.0,0.0,0.0,0.0,0.0,0.0,0.0,0.0,0.0,0.0,1.0,0.0,0.0,0.0,0.0,0.0,0.0,1.0,0.0,0.0,False
0.4000000000000057,0.15384615384615385,0.6060606060606062,0.01765710832906788,0.46320868516284686,0.15889002487075185,0.15054293637078986,0.08501857420706165,0.6262626262626264,0.37,0.0,0.28594998985053316,0.03614667241114969,0.39926384018223143,0.0,0.0,1.0,0.0,0.0,0.0,0.0,0.0,0.0,0.0,0.0,0.0,0.0,0.0,0.0,0.0,0.0,0.0,1.0,0.0,0.0,0.0,0.0,1.0,0.0,0.0,0.0,0.0,False
0.6000000000000085,0.1282051282051282,0.34848484848484845,0.027151371016831582,0.32689987937273823,0.006620115580112099,0.41199501906008446,0.3627808647516457,0.5151515151515152,0.48,0.0,0.012769701133275045,0.07582917427797317,0.10587733590506189,0.0,0.0,0.0,0.0,0.0,0.0,0.0,1.0,0.0,0.0,0.0,0.0,0.0,0.0,0.0,0.0,0.0,0.0,1.0,0.0,0.0,0.0,0.0,0.0,0.0,1.0,0.0,0.0,False
0.0,0.19871794871794868,0.5303030303030303,0.012736006151191456,0.4028950542822679,0.11538433650199763,0.16814483162301605,0.030303433572710953,0.8383838383838385,0.16,0.0,0.19218370426608183,0.02955111906447814,0.10376668917399683,0.0,0.0,0.0,0.0,1.0,0.0,0.0,0.0,0.0,0.0,0.0,0.0,0.0,0.0,0.0,0.0,0.0,0.0,1.0,0.0,0.0,0.0,0.0,0.0,1.0,0.0,0.0,0.0,False
0.8500000000000085,0.28205128205128205,0.8787878787878789,0.1914178362200571,0.7876960193003619,0.07912959619470246,0.261160832377858,0.07615172052663076,0.7676767676767678,0.23,0.0,0.11571826543562722,0.23999654431479553,0.10800812381772883,0.0,0.0,0.0,0.0,0.0,1.0,0.0,0.0,0.0,0.0,0.0,0.0,0.0,0.0,0.0,0.0,0.0,1.0,0.0,0.0,0.0,0.0,0.0,0.0,0.0,1.0,0.0,0.0,False
0.20000000000000284,0.20512820512820507,0.5909090909090908,0.0364876815983561,0.4921592279855248,0.21689760936242414,0.45002995511545774,0.11115995661280671,0.7979797979797981,0.2,0.0,0.35731866065975115,0.07073546461472122,0.2859195739287712,0.0,1.0,0.0,0.0,0.0,0.0,0.0,0.0,0.0,0.0,0.0,0.0,0.0,0.0,0.0,0.0,0.0,0.0,1.0,0.0,0.0,0.0,0.0,0.0,1.0,0.0,0.0,0.0,False
0.25,0.2948717948717948,0.7272727272727273,0.1497385967147452,0.6622436670687576,0.3256618302843097,0.3951257216560038,0.3994090365050868,0.48484848484848486,0.51,0.0,0.4674125162032229,0.22088614858735675,0.2859195739287712,0.0,1.0,0.0,0.0,0.0,0.0,0.0,0.0,0.0,0.0,0.0,0.0,0.0,0.0,0.0,0.0,0.0,1.0,0.0,0.0,0.0,0.0,0.0,1.0,0.0,0.0,0.0,0.0,False
0.75,0.34615384615384615,0.8484848484848486,0.10744841038341384,0.7261761158021713,0.07912959619470246,0.29620793768629133,0.1776884949132256,0.6161616161616162,0.38,0.23076923076923078,0.10575113438771226,0.14540082192156897,0.10798196182103102,0.0,0.0,0.0,0.0,0.0,0.0,1.0,0.0,0.0,0.0,0.0,0.0,0.0,0.0,0.0,0.0,0.0,1.0,0.0,0.0,0.0,0.0,0.0,0.0,1.0,0.0,0.0,0.0,False
0.15000000000000568,0.46153846153846145,0.5454545454545454,0.07642870287793209,0.4993968636911943,0.6156997527426711,0.24090117146365753,0.31651492369838424,0.41414141414141414,0.58,0.0,0.7133232803266731,0.14625450666215875,0.26379079688020746,1.0,0.0,0.0,0.0,0.0,0.0,0.0,0.0,0.0,0.0,0.0,0.0,0.0,0.0,0.0,0.0,0.0,1.0,0.0,0.0,0.0,0.0,0.0,0.0,1.0,0.0,0.0,0.0,False
0.45000000000000284,0.34615384615384615,0.7272727272727273,0.04035974337253079,0.5838359469240049,0.4344260512061952,0.2450342472946576,0.049467654099341715,0.8282828282828283,0.17,0.0,0.5808208442442402,0.06689040549397897,0.1082061137053058,0.0,0.0,0.0,1.0,0.0,0.0,0.0,0.0,0.0,0.0,0.0,0.0,0.0,0.0,0.0,0.0,0.0,1.0,0.0,0.0,0.0,0.0,0.0,0.0,1.0,0.0,0.0,0.0,False
0.05000000000001137,0.19871794871794868,0.5151515151515151,0.00702886872764363,0.36670687575392047,0.11538433650199763,0.2577243685736186,0.07256190903650508,0.7777777777777779,0.23,0.0,0.19218370426608183,0.01771490546530573,0.26379079688020746,1.0,0.0,0.0,0.0,0.0,0.0,0.0,0.0,0.0,0.0,0.0,0.0,0.0,0.0,0.0,0.0,0.0,0.0,1.0,0.0,0.0,0.0,0.0,1.0,0.0,0.0,0.0,0.0,False
0.5500000000000114,0.3205128205128205,0.7424242424242424,0.19638885722396193,0.6887816646562124,0.2894070899770145,0.49279030307750155,0.538776421304608,0.46464646464646464,0.53,0.0,0.4006426989130665,0.27928282783002784,0.26379079688020746,1.0,0.0,0.0,0.0,0.0,0.0,0.0,0.0,0.0,0.0,0.0,0.0,0.0,0.0,0.0,0.0,0.0,1.0,0.0,0.0,0.0,0.0,0.0,0.0,1.0,0.0,0.0,0.0,False
0.15000000000000568,0.2435897435897436,0.5606060606060606,0.013160688700985485,0.4221954161640531,0.14438812874783377,0.1196711551622277,0.014113794135248355,0.8888888888888891,0.11,0.0,0.22372661901363117,0.029282983974633626,0.10376668917399683,0.0,0.0,0.0,0.0,1.0,0.0,0.0,0.0,0.0,0.0,0.0,0.0,0.0,0.0,0.0,0.0,0.0,0.0,1.0,0.0,0.0,0.0,0.0,0.0,1.0,0.0,0.0,0.0,False
0.15000000000000568,0.23717948717948711,0.7575757575757578,0.05908079324739844,0.6272617611580217,0.0863805442561615,0.08964194440995879,0.15977815679233992,0.3434343434343434,0.65,0.23076923076923078,0.1352248469992193,0.09163943614191826,0.1082061137053058,0.0,0.0,0.0,1.0,0.0,0.0,0.0,0.0,0.0,0.0,0.0,0.0,0.0,0.0,0.0,0.0,0.0,1.0,0.0,0.0,0.0,0.0,0.0,0.0,1.0,0.0,0.0,0.0,False
0.0,0.3076923076923077,0.7272727272727273,0.05268894834444586,0.5995174909529555,0.07187864813324342,0.0922590816688102,0.24355897666068224,0.26262626262626265,0.73,0.0,0.10129653699799303,0.08522251064193141,0.10798196182103102,0.0,0.0,0.0,0.0,0.0,0.0,1.0,0.0,0.0,0.0,0.0,0.0,0.0,0.0,0.0,0.0,0.0,0.0,1.0,0.0,0.0,0.0,0.0,0.0,0.0,1.0,0.0,0.0,False
0.05000000000001137,0.3012820512820512,0.8636363636363638,0.22108004968040776,0.7852834740651388,0.20239571323950606,0.40503553326654734,0.14270825852782765,0.7272727272727273,0.27,0.07692307692307693,0.287846499983925,0.2779962253282049,0.10376668917399683,0.0,0.0,0.0,0.0,1.0,0.0,0.0,0.0,0.0,0.0,0.0,0.0,0.0,0.0,0.0,0.0,0.0,0.0,1.0,0.0,0.0,0.0,0.0,0.0,0.0,1.0,0.0,0.0,False
0.6000000000000085,0.2435897435897436,0.4848484848484848,0.025725331718049527,0.40892641737032576,0.25315234966971933,0.19983498605884634,0.06530861011370437,0.7474747474747475,0.25,0.0,0.3921944591425878,0.05894487361903645,0.26379079688020746,1.0,0.0,0.0,0.0,0.0,0.0,0.0,0.0,0.0,0.0,0.0,0.0,0.0,0.0,0.0,0.0,0.0,0.0,1.0,0.0,0.0,0.0,0.0,0.0,1.0,0.0,0.0,0.0,False
0.05000000000001137,0.4358974358974359,0.6060606060606062,0.025983866533450455,0.4837153196622437,0.4126732070218181,0.1971647885085453,0.2735562537402753,0.40404040404040403,0.59,0.0,0.49267502333146174,0.051160105645134124,0.10798196182103102,0.0,0.0,0.0,0.0,0.0,0.0,1.0,0.0,0.0,0.0,0.0,0.0,0.0,0.0,0.0,0.0,0.0,1.0,0.0,0.0,0.0,0.0,0.0,0.0,0.0,1.0,0.0,0.0,False
0.3500000000000085,0.3205128205128205,0.7121212121212122,0.1340909073975975,0.6441495778045839,0.21689760936242414,0.30586711963796726,0.2688821813285458,0.5151515151515152,0.48,0.0,0.3002577322285554,0.20296903219778364,0.26379079688020746,1.0,0.0,0.0,0.0,0.0,0.0,0.0,0.0,0.0,0.0,0.0,0.0,0.0,0.0,0.0,0.0,0.0,0.0,1.0,0.0,0.0,0.0,0.0,0.0,0.0,1.0,0.0,0.0,False
0.10000000000000853,0.22435897435897434,0.696969696969697,0.05409263593008086,0.5814234016887817,0.3256618302843097,0.5170662079744239,0.2103322561340515,0.696969696969697,0.3,0.0,0.5199778889002659,0.09000980515736755,0.10798196182103102,0.0,0.0,0.0,0.0,0.0,0.0,1.0,0.0,0.0,0.0,0.0,0.0,0.0,0.0,0.0,0.0,0.0,0.0,1.0,0.0,0.0,0.0,0.0,0.0,0.0,1.0,0.0,0.0,False
0.8500000000000085,0.21794871794871795,0.5909090909090908,0.024721739797746795,0.47165259348612787,0.1081333884405386,0.20860762091185608,0.07667891232794734,0.7272727272727273,0.28,0.0,0.17451779973197717,0.049803434221598594,0.10376668917399683,0.0,0.0,0.0,0.0,1.0,0.0,0.0,0.0,0.0,0.0,0.0,0.0,0.0,0.0,0.0,0.0,0.0,0.0,1.0,0.0,0.0,0.0,0.0,0.0,1.0,0.0,0.0,0.0,False
0.3500000000000085,0.2435897435897436,0.5303030303030303,0.02698149799691397,0.43908323281061523,0.4851826876364084,0.0451733201321767,0.14489485338120886,0.22222222222222224,0.77,0.0,0.751592518084362,0.057996250362025714,0.26379079688020746,1.0,0.0,0.0,0.0,0.0,0.0,0.0,0.0,0.0,0.0,0.0,0.0,0.0,0.0,0.0,0.0,0.0,1.0,0.0,0.0,0.0,0.0,0.0,0.0,1.0,0.0,0.0,0.0,False
0.4000000000000057,0.3782051282051282,0.6818181818181819,0.01728606989082678,0.5066344993968637,0.0029946415493825812,0.2584904410637114,0.0001270197486535009,1.0,0.0,0.0,0.003751808091149284,0.03261281423604167,0.10798196182103102,0.0,0.0,0.0,0.0,0.0,0.0,1.0,0.0,0.0,0.0,0.0,0.0,0.0,0.0,0.0,0.0,0.0,0.0,1.0,0.0,0.0,0.0,0.0,1.0,0.0,0.0,0.0,0.0,False
0.25,0.20512820512820507,0.42424242424242425,0.02454218103546546,0.37032569360675516,0.14438812874783377,0.6399578267564898,0.11403549521244764,0.8383838383838385,0.16,0.0,0.2379133844981749,0.061422308041033595,0.2859195739287712,0.0,1.0,0.0,0.0,0.0,0.0,0.0,0.0,0.0,0.0,0.0,0.0,0.0,0.0,0.0,0.0,0.0,0.0,1.0,0.0,0.0,0.0,0.0,1.0,0.0,0.0,0.0,0.0,False
0.5500000000000114,0.532051282051282,0.8030303030303032,0.11898338448150358,0.7020506634499397,0.5069355318207855,0.6183375096159184,0.7308497905445841,0.4444444444444445,0.55,0.46153846153846156,0.5429693297602842,0.16619407783428955,0.26379079688020746,1.0,0.0,0.0,0.0,0.0,0.0,0.0,0.0,0.0,0.0,0.0,0.0,0.0,0.0,0.0,0.0,0.0,0.0,1.0,0.0,0.0,0.0,0.0,0.0,1.0,0.0,0.0,0.0,False
0.6000000000000085,0.3012820512820512,0.7424242424242424,0.19220312640862358,0.6875753920386007,0.021122011703030172,0.3718855852704383,0.25754196588868944,0.5757575757575758,0.42,0.0,0.030039653725976192,0.2737775197817937,0.10587733590506189,0.0,0.0,0.0,0.0,0.0,0.0,0.0,1.0,0.0,0.0,0.0,0.0,0.0,0.0,0.0,0.0,0.0,0.0,1.0,0.0,0.0,0.0,0.0,0.0,0.0,1.0,0.0,0.0,False
0.30000000000001137,0.2948717948717948,0.9090909090909092,0.3762881106022371,0.856453558504222,0.5504412201895397,0.2747361134063515,0.26109655146618793,0.5050505050505052,0.5,0.23076923076923078,0.7900258540893167,0.43596612063069745,0.2859195739287712,0.0,1.0,0.0,0.0,0.0,0.0,0.0,0.0,0.0,0.0,0.0,0.0,0.0,0.0,0.0,0.0,0.0,0.0,1.0,0.0,0.0,0.0,0.0,0.0,0.0,1.0,0.0,0.0,False
0.8000000000000114,0.27564102564102566,0.6666666666666667,0.10214062356809338,0.5971049457177322,0.15889002487075185,0.2355625047365572,0.24797704219030522,0.47474747474747475,0.52,0.07692307692307693,0.2345339898898284,0.1658693715252749,0.10376668917399683,0.0,0.0,0.0,0.0,1.0,0.0,0.0,0.0,0.0,0.0,0.0,0.0,0.0,0.0,0.0,0.0,0.0,0.0,1.0,0.0,0.0,0.0,0.0,0.0,1.0,0.0,0.0,0.0,False
0.4000000000000057,0.3076923076923077,0.6363636363636362,0.12445508385990245,0.5874547647768396,0.21689760936242414,0.5944950621919165,0.6421805580490725,0.46464646464646464,0.53,0.0,0.30568394664393445,0.20518538535727415,0.10376668917399683,0.0,0.0,0.0,0.0,1.0,0.0,0.0,0.0,0.0,0.0,0.0,0.0,0.0,0.0,0.0,0.0,0.0,0.0,1.0,0.0,0.0,0.0,0.0,0.0,1.0,0.0,0.0,0.0,False
0.8000000000000114,0.4871794871794871,0.8030303030303032,0.08231241883534164,0.6779252110977081,0.17339192099366993,0.44625990747481853,0.05035799670855775,0.8989898989898991,0.11,0.3076923076923077,0.19496184631055755,0.11877934702713121,0.10798196182103102,0.0,0.0,0.0,0.0,0.0,0.0,1.0,0.0,0.0,0.0,0.0,0.0,0.0,0.0,0.0,0.0,0.0,0.0,1.0,0.0,0.0,0.0,0.0,0.0,1.0,0.0,0.0,0.0,True
0.6000000000000085,0.16025641025641024,0.6666666666666667,0.11649861903665606,0.6043425814234018,0.5069355318207855,0.4822080224153457,0.731535248354279,0.38383838383838387,0.61,0.0,0.9014267940778431,0.18709332961387828,0.26379079688020746,1.0,0.0,0.0,0.0,0.0,0.0,0.0,0.0,0.0,0.0,0.0,0.0,0.0,0.0,0.0,0.0,0.0,0.0,1.0,0.0,0.0,0.0,0.0,0.0,0.0,1.0,0.0,0.0,False
0.9500000000000028,0.14743589743589736,0.7575757575757578,0.12573062162349433,0.6731001206272619,0.21689760936242414,0.7745888761354387,0.7704967085577499,0.48484848484848486,0.51,0.0,0.39480636364071114,0.18267151925627484,0.39926384018223143,0.0,0.0,1.0,0.0,0.0,0.0,0.0,0.0,0.0,0.0,1.0,0.0,0.0,0.0,0.0,0.0,0.0,0.0,0.0,0.0,0.0,0.0,0.0,1.0,0.0,0.0,0.0,0.0,False
0.20000000000000284,0.28205128205128205,0.7121212121212122,0.04852035384252026,0.5850422195416165,0.15889002487075185,0.09827963437041376,0.05450882704967086,0.6363636363636365,0.36,0.0,0.23233369869623208,0.08027128451028423,0.10376668917399683,0.0,0.0,0.0,0.0,1.0,0.0,0.0,0.0,0.0,0.0,0.0,0.0,0.0,0.0,0.0,0.0,0.0,1.0,0.0,0.0,0.0,0.0,0.0,0.0,0.0,1.0,0.0,0.0,False
0.10000000000000853,0.23076923076923073,0.6515151515151516,0.06257734624070262,0.5597104945717732,0.34016372640722775,0.11523745860022301,0.11242800718132855,0.494949494949495,0.5,0.0,0.5376326888027376,0.1078563463991503,0.10798196182103102,0.0,0.0,0.0,0.0,0.0,0.0,1.0,0.0,0.0,0.0,0.0,0.0,0.0,0.0,0.0,0.0,0.0,0.0,1.0,0.0,0.0,0.0,0.0,0.0,1.0,0.0,0.0,0.0,False
0.6000000000000085,0.16025641025641024,0.409090909090909,0.05034499869242478,0.38962605548854046,0.03562390782594824,0.4168240481207705,0.6651530296229803,0.37373737373737376,0.62,0.0,0.06355454373950954,0.1204859578041812,0.10587733590506189,0.0,0.0,0.0,0.0,0.0,0.0,0.0,1.0,0.0,0.0,0.0,0.0,0.0,0.0,0.0,0.0,0.0,0.0,1.0,0.0,0.0,0.0,0.0,0.0,0.0,1.0,0.0,0.0,False
0.5,0.26923076923076916,0.5757575757575757,0.03929729194094081,0.48612786489746684,0.14438812874783377,0.19839060059956115,0.0475188210652304,0.7979797979797981,0.2,0.0,0.21516952237216036,0.07704607074541457,0.10376668917399683,0.0,0.0,0.0,0.0,1.0,0.0,0.0,0.0,0.0,0.0,0.0,0.0,0.0,0.0,0.0,0.0,0.0,0.0,1.0,0.0,0.0,0.0,0.0,1.0,0.0,0.0,0.0,0.0,False
0.4000000000000057,0.1794871794871794,0.46969696969696967,0.15606189636404683,0.480096501809409,0.4344260512061952,0.4991494542238263,0.7398034485338121,0.393939393939394,0.61,0.0,0.7470259905497311,0.309600063740293,0.10798196182103102,0.0,0.0,0.0,0.0,0.0,0.0,1.0,0.0,0.0,0.0,0.0,0.0,0.0,0.0,0.0,0.0,0.0,0.0,1.0,0.0,0.0,0.0,0.0,0.0,0.0,1.0,0.0,0.0,False
0.10000000000000853,0.28846153846153844,0.3636363636363636,0.006290517136685941,0.28106151990349826,0.3256618302843097,0.027674313481907006,0.2815594404548175,0.08080808080808081,0.91,0.0,0.4717487169812618,0.0199850361258382,0.10376668917399683,0.0,0.0,0.0,0.0,1.0,0.0,0.0,0.0,0.0,0.0,0.0,0.0,0.0,0.0,1.0,0.0,0.0,0.0,0.0,0.0,1.0,0.0,0.0,0.0,0.0,0.0,0.0,0.0,False
0.20000000000000284,0.32692307692307687,0.7575757575757578,0.04246601980808819,0.6067551266586249,0.21689760936242414,0.09995239764855018,0.06409007330939558,0.595959595959596,0.4,0.0,0.297616022578963,0.06791903988382957,0.10798196182103102,0.0,0.0,0.0,0.0,0.0,0.0,1.0,0.0,0.0,0.0,0.0,0.0,0.0,0.0,0.0,0.0,0.0,0.0,1.0,0.0,0.0,0.0,0.0,0.0,1.0,0.0,0.0,0.0,False
0.3500000000000085,0.21153846153846156,0.6060606060606062,0.05929164440808565,0.5271411338962605,0.14438812874783377,0.3700696382610367,0.2715008078994614,0.5656565656565656,0.43,0.0,0.23542577457814207,0.10797813764477489,0.10798196182103102,0.0,0.0,0.0,0.0,0.0,0.0,1.0,0.0,0.0,0.0,0.0,0.0,0.0,0.0,0.0,0.0,0.0,0.0,1.0,0.0,0.0,0.0,0.0,0.0,1.0,0.0,0.0,0.0,False
0.6500000000000057,0.22435897435897434,0.8181818181818181,0.15309507897232782,0.7285886610373946,0.1298862326249157,0.25809643390973325,0.4914671080191502,0.33333333333333337,0.66,0.23076923076923078,0.2074528548651197,0.2065466692687384,0.10376668917399683,0.0,0.0,0.0,0.0,1.0,0.0,0.0,0.0,0.0,0.0,0.0,0.0,0.0,0.0,0.0,0.0,0.0,0.0,1.0,0.0,0.0,0.0,0.0,0.0,1.0,0.0,0.0,0.0,True
0.30000000000001137,0.1858974358974359,0.8333333333333335,0.05983479103755907,0.6779252110977081,0.19877023920877654,0.13489856749458962,0.2416537552363854,0.3434343434343434,0.65,0.3076923076923077,0.3381748799708028,0.08633087598116355,0.10800812381772883,0.0,0.0,0.0,0.0,0.0,1.0,0.0,0.0,0.0,0.0,0.0,0.0,0.0,0.0,0.0,0.0,0.0,1.0,0.0,0.0,0.0,0.0,0.0,0.0,0.0,1.0,0.0,0.0,False
0.30000000000001137,0.4871794871794871,0.893939393939394,0.2357569295898684,0.8130277442702051,0.2894070899770145,0.39343004774077633,0.522050433871933,0.41414141414141414,0.58,0.23076923076923078,0.32553452240091435,0.28690340629372485,0.26379079688020746,1.0,0.0,0.0,0.0,0.0,0.0,0.0,0.0,0.0,0.0,0.0,0.0,0.0,0.0,0.0,0.0,0.0,0.0,1.0,0.0,0.0,0.0,0.0,0.0,0.0,1.0,0.0,0.0,False
0.6000000000000085,0.2435897435897436,0.6818181818181819,0.08203227736389856,0.5946924004825092,0.18064286905512894,0.4677617574002559,0.2909934171154997,0.6060606060606061,0.39,0.0,0.27988256572328335,0.13370589660743154,0.10798196182103102,0.0,0.0,0.0,0.0,0.0,0.0,1.0,0.0,0.0,0.0,0.0,0.0,0.0,0.0,0.0,0.0,0.0,0.0,1.0,0.0,0.0,0.0,0.0,0.0,1.0,0.0,0.0,0.0,False
0.05000000000001137,0.1794871794871794,0.7727272727272727,0.013832730209606915,0.5464414957780458,0.039249381856677756,0.04254683570541875,0.07898964691801318,0.3434343434343434,0.65,0.23076923076923078,0.0676624550260373,0.024338962212947998,0.1082061137053058,0.0,0.0,0.0,1.0,0.0,0.0,0.0,0.0,0.0,0.0,0.0,0.0,0.0,0.0,0.0,0.0,0.0,1.0,0.0,0.0,0.0,0.0,0.0,0.0,0.0,1.0,0.0,0.0,True
0.9000000000000057,0.33974358974358976,0.5151515151515151,0.0561735804240716,0.4644149577804584,0.7172130256030975,0.238093393832503,0.416400381508079,0.35353535353535354,0.64,0.0,0.9672119893298715,0.11482001669152662,0.26379079688020746,1.0,0.0,0.0,0.0,0.0,0.0,0.0,0.0,0.0,0.0,0.0,0.0,0.0,0.0,0.0,0.0,0.0,0.0,1.0,0.0,0.0,0.0,0.0,0.0,1.0,0.0,0.0,0.0,False
0.5500000000000114,0.27564102564102566,0.4848484848484848,0.06061784605481087,0.44752714113389636,0.25315234966971933,0.21687646201603158,0.40394973070017953,0.33333333333333337,0.66,0.0,0.37365240126675925,0.12813009381601928,0.26379079688020746,1.0,0.0,0.0,0.0,0.0,0.0,0.0,0.0,0.0,0.0,0.0,0.0,0.0,0.0,0.0,0.0,0.0,0.0,1.0,0.0,0.0,0.0,0.0,0.0,1.0,0.0,0.0,0.0,False
0.4000000000000057,0.2948717948717948,0.7424242424242424,0.0860906034142987,0.6393244873341376,0.14438812874783377,0.20394475597451056,0.29965362058647516,0.393939393939394,0.6,0.0,0.20724046952088923,0.13121087989184033,0.26379079688020746,1.0,0.0,0.0,0.0,0.0,0.0,0.0,0.0,0.0,0.0,0.0,0.0,0.0,0.0,0.0,0.0,0.0,0.0,1.0,0.0,0.0,0.0,0.0,0.0,0.0,1.0,0.0,0.0,False
0.25,0.35256410256410253,0.7424242424242424,0.01664159549508672,0.5404101326899879,0.0863805442561615,0.14460129205762462,0.07088191950927589,0.6565656565656567,0.34,0.0,0.11446047185654519,0.029590949049586108,0.10376668917399683,0.0,0.0,0.0,0.0,1.0,0.0,0.0,0.0,0.0,0.0,0.0,0.0,0.0,0.0,0.0,0.0,0.0,0.0,1.0,0.0,0.0,0.0,0.0,0.0,0.0,1.0,0.0,0.0,False
0.7000000000000028,0.39743589743589736,0.6060606060606062,0.1066064958548748,0.5572979493365501,0.40687244857265087,0.9912747287813825,0.6350987432675045,0.595959595959596,0.4,0.23076923076923078,0.509106647716347,0.1845076162616134,0.2859195739287712,0.0,1.0,0.0,0.0,0.0,0.0,0.0,0.0,0.0,0.0,0.0,0.0,0.0,0.0,0.0,0.0,0.0,0.0,1.0,0.0,0.0,0.0,0.0,1.0,0.0,0.0,0.0,0.0,False
0.75,0.4294871794871794,0.893939393939394,0.3260422045047643,0.8347406513872137,0.20239571323950606,0.5437383593463363,0.4726286654697786,0.5252525252525254,0.47,0.38461538461538464,0.2434243972440938,0.3870351648009944,0.1082061137053058,0.0,0.0,0.0,1.0,0.0,0.0,0.0,0.0,0.0,0.0,0.0,0.0,0.0,0.0,0.0,0.0,0.0,0.0,1.0,0.0,0.0,0.0,0.0,0.0,0.0,1.0,0.0,0.0,True
0.0,0.28205128205128205,0.8787878787878789,0.2356652875659655,0.8009650180940894,0.18789381711658798,0.35193321831408125,0.19715543836026334,0.6262626262626264,0.37,0.15384615384615385,0.2747393107909975,0.29086633692983316,0.2859195739287712,0.0,1.0,0.0,0.0,0.0,0.0,0.0,0.0,0.0,0.0,0.0,0.0,0.0,0.0,0.0,0.0,0.0,1.0,0.0,0.0,0.0,0.0,0.0,0.0,1.0,0.0,0.0,0.0,False
0.5500000000000114,0.3076923076923077,0.5151515151515151,0.040991551797487515,0.4487334137515079,0.5069355318207855,0.3748957996168095,0.1589368342309994,0.696969696969697,0.31,0.0,0.7144587659358173,0.08642081712960396,0.10376668917399683,0.0,0.0,0.0,0.0,1.0,0.0,0.0,0.0,0.0,0.0,0.0,0.0,0.0,0.0,0.0,0.0,0.0,0.0,1.0,0.0,0.0,0.0,0.0,0.0,1.0,0.0,0.0,0.0,False
0.5,0.28205128205128205,0.6212121212121213,0.06632945382098811,0.5428226779252112,0.14438812874783377,0.4870857947090038,0.19589065679233994,0.7070707070707071,0.29,0.0,0.21113089264884938,0.11759397737983307,0.10798196182103102,0.0,0.0,0.0,0.0,0.0,0.0,1.0,0.0,0.0,0.0,0.0,0.0,0.0,0.0,0.0,0.0,0.0,0.0,1.0,0.0,0.0,0.0,0.0,1.0,0.0,0.0,0.0,0.0,False
0.9000000000000057,0.23717948717948711,0.8787878787878789,0.02134290582701711,0.6369119420989143,0.06100222604105486,0.23722138677280255,0.6361334979054458,0.26262626262626265,0.74,0.0,0.09552259267549519,0.03260899159676946,0.39926384018223143,0.0,0.0,1.0,0.0,0.0,0.0,0.0,0.0,0.0,0.0,0.0,0.0,0.0,0.0,0.0,1.0,0.0,0.0,0.0,0.0,0.0,0.0,0.0,1.0,0.0,0.0,0.0,0.0,False
0.8500000000000085,0.2628205128205128,0.7121212121212122,0.17530523126945063,0.6598311218335344,0.41992415508327713,0.23351587024326617,0.525940933572711,0.29292929292929293,0.7,0.0,0.6317211703002968,0.2594897710550417,0.10587733590506189,0.0,0.0,0.0,0.0,0.0,0.0,0.0,1.0,0.0,0.0,0.0,0.0,0.0,0.0,0.0,0.0,0.0,1.0,0.0,0.0,0.0,0.0,0.0,0.0,0.0,1.0,0.0,0.0,False
0.45000000000000284,0.20512820512820507,0.6060606060606062,0.015000234692988043,0.45476477683956573,0.12263528456345667,0.06634560100809284,0.08819775583482944,0.41414141414141414,0.58,0.0,0.20209180164970203,0.03121730900166893,0.10376668917399683,0.0,0.0,0.0,0.0,1.0,0.0,0.0,0.0,0.0,0.0,0.0,0.0,0.0,0.0,0.0,0.0,0.0,0.0,1.0,0.0,0.0,0.0,0.0,0.0,1.0,0.0,0.0,0.0,False
0.7000000000000028,0.2948717948717948,0.6212121212121213,0.10674209624796693,0.5681544028950544,0.2894070899770145,0.6495436729679237,0.8438001421304608,0.42424242424242425,0.57,0.0,0.41537810686675614,0.18148768373835583,0.10376668917399683,0.0,0.0,0.0,0.0,1.0,0.0,0.0,0.0,0.0,0.0,0.0,0.0,0.0,0.0,0.0,0.0,0.0,0.0,1.0,0.0,0.0,0.0,0.0,0.0,1.0,0.0,0.0,0.0,False
0.6500000000000057,0.3205128205128205,0.7272727272727273,0.16203278400272988,0.6670687575392039,0.4344260512061952,0.3557179300025473,0.44284859365649315,0.43434343434343436,0.56,0.0,0.6014126322820885,0.23741296744161772,0.26379079688020746,1.0,0.0,0.0,0.0,0.0,0.0,0.0,0.0,0.0,0.0,0.0,0.0,0.0,0.0,0.0,0.0,0.0,0.0,1.0,0.0,0.0,0.0,0.0,0.0,0.0,1.0,0.0,0.0,False
0.3500000000000085,0.8205128205128204,0.8484848484848486,0.13870877133377887,0.7430639324487335,0.38366941477598193,0.1932430237768855,0.002873960203470976,0.98989898989899,0.02,0.0,0.3138701439412719,0.18370906953958402,0.26379079688020746,1.0,0.0,0.0,0.0,0.0,0.0,0.0,0.0,0.0,0.0,0.0,0.0,0.0,0.0,0.0,0.0,0.0,0.0,1.0,0.0,0.0,0.0,0.0,0.0,0.0,1.0,0.0,0.0,False
0.25,0.46794871794871795,0.893939393939394,0.18928697290003793,0.7973462002412546,0.2096466613009651,0.9255270132454949,0.5032808497905447,0.6363636363636365,0.36,0.38461538461538464,0.24098631439939192,0.23461539069841733,0.1082061137053058,0.0,0.0,0.0,1.0,0.0,0.0,0.0,0.0,0.0,0.0,0.0,0.0,0.0,0.0,0.0,0.0,0.0,0.0,1.0,0.0,0.0,0.0,0.0,0.0,1.0,0.0,0.0,0.0,True
0.25,0.08333333333333331,0.5454545454545454,0.017415709827079694,0.4270205066344994,0.25315234966971933,0.15015156440511035,0.3161937612208259,0.31313131313131315,0.69,0.0,0.5215009153819187,0.038370413609887175,0.39926384018223143,0.0,0.0,1.0,0.0,0.0,0.0,0.0,0.0,0.0,0.0,0.0,0.0,0.0,0.0,0.0,0.0,0.0,1.0,0.0,0.0,1.0,0.0,0.0,0.0,0.0,0.0,0.0,0.0,False
0.9000000000000057,0.2564102564102564,0.5757575757575757,0.04640364660749423,0.49457177322074797,0.07187864813324342,0.5242492817445517,0.7491042639138241,0.393939393939394,0.6,0.0,0.10923391212987425,0.08957057944095935,0.10587733590506189,0.0,0.0,0.0,0.0,0.0,0.0,0.0,1.0,0.0,0.0,0.0,0.0,0.0,0.0,0.0,0.0,0.0,0.0,1.0,0.0,0.0,0.0,0.0,0.0,1.0,0.0,0.0,0.0,False
0.05000000000001137,0.39743589743589736,0.6060606060606062,0.035302295744457333,0.4993968636911943,0.4489279473291133,0.121256360433863,0.022218850987432676,0.8383838383838385,0.16,0.0,0.5617404934483698,0.06753090845501987,0.26379079688020746,1.0,0.0,0.0,0.0,0.0,0.0,0.0,0.0,0.0,0.0,0.0,0.0,0.0,0.0,0.0,0.0,0.0,0.0,1.0,0.0,0.0,0.0,0.0,0.0,0.0,1.0,0.0,0.0,False
0.8000000000000114,0.1858974358974359,0.5757575757575757,0.0931507645403482,0.5295536791314838,0.25315234966971933,0.4289983467913691,0.393112986235787,0.5050505050505052,0.49,0.0,0.4306490748241975,0.1689570345361119,0.10376668917399683,0.0,0.0,0.0,0.0,1.0,0.0,0.0,0.0,0.0,0.0,0.0,0.0,0.0,0.0,0.0,0.0,0.0,0.0,1.0,0.0,0.0,0.0,0.0,0.0,0.0,1.0,0.0,0.0,False
0.7000000000000028,0.35256410256410253,0.6363636363636362,0.09948896533174785,0.5753920386007239,0.5069355318207855,0.6039737259945778,0.5805657540394973,0.494949494949495,0.5,0.0,0.6720223969839058,0.1671888470665715,0.10376668917399683,0.0,0.0,0.0,0.0,1.0,0.0,0.0,0.0,0.0,0.0,0.0,0.0,0.0,0.0,0.0,0.0,0.0,0.0,1.0,0.0,0.0,0.0,0.0,0.0,1.0,0.0,0.0,0.0,False
0.05000000000001137,0.3076923076923077,0.7272727272727273,0.024789539994292863,0.5548854041013269,0.25315234966971933,0.08780696204037608,0.09916386146020348,0.4545454545454546,0.54,0.0,0.35678079905541976,0.043041324857215485,0.10798196182103102,0.0,0.0,0.0,0.0,0.0,0.0,1.0,0.0,0.0,0.0,1.0,0.0,0.0,0.0,0.0,0.0,0.0,0.0,0.0,0.0,0.0,0.0,0.0,0.0,0.0,1.0,0.0,0.0,False
0.8000000000000114,0.28205128205128205,0.6666666666666667,0.0215038381616759,0.5102533172496985,0.14438812874783377,0.28502613618507416,0.07145830341113106,0.7878787878787881,0.21,0.0,0.21113089264884938,0.040317823367531,0.26379079688020746,1.0,0.0,0.0,0.0,0.0,0.0,0.0,0.0,0.0,0.0,0.0,0.0,0.0,0.0,0.0,0.0,0.0,0.0,1.0,0.0,0.0,0.0,0.0,0.0,1.0,0.0,0.0,0.0,False
0.10000000000000853,0.3012820512820512,0.7121212121212122,0.0387958685093419,0.571773220747889,0.028372959764489204,0.04981687068940355,0.03954686564931179,0.5454545454545456,0.45,0.0,0.04035192757629414,0.06554866556712646,0.10376668917399683,0.0,0.0,0.0,0.0,1.0,0.0,0.0,0.0,0.0,0.0,0.0,0.0,0.0,0.0,0.0,0.0,0.0,0.0,1.0,0.0,0.0,0.0,0.0,0.0,0.0,1.0,0.0,0.0,False
0.30000000000001137,0.1282051282051282,0.13636363636363635,0.04477346166196908,0.209891435464415,0.14438812874783377,0.37546264412096697,0.27828102932375826,0.5656565656565656,0.43,0.0,0.27244021134007645,0.18178549574684366,0.10376668917399683,0.0,0.0,0.0,0.0,1.0,0.0,0.0,0.0,0.0,0.0,0.0,0.0,0.0,0.0,0.0,0.0,0.0,0.0,1.0,0.0,0.0,0.0,0.0,0.0,1.0,0.0,0.0,0.0,False
0.30000000000001137,0.21794871794871795,0.5606060606060606,0.0611662080840186,0.49819059107358266,0.3619165705916048,0.6867773257672014,0.3105099192100539,0.6767676767676769,0.32,0.0,0.5838193906982052,0.11729772844237536,0.10376668917399683,0.0,0.0,0.0,0.0,1.0,0.0,0.0,0.0,0.0,0.0,0.0,0.0,0.0,0.0,0.0,0.0,0.0,0.0,1.0,0.0,0.0,0.0,0.0,0.0,1.0,0.0,0.0,0.0,False
0.9000000000000057,0.23717948717948711,0.7575757575757578,0.17806715795732164,0.6948130277442703,0.26765424579263736,0.5353615297757909,0.36280670257330944,0.5858585858585859,0.41,0.0,0.41881237788296294,0.2511676057550435,0.26379079688020746,1.0,0.0,0.0,0.0,0.0,0.0,0.0,0.0,0.0,0.0,0.0,0.0,0.0,0.0,0.0,0.0,0.0,0.0,1.0,0.0,0.0,0.0,0.0,0.0,0.0,1.0,0.0,0.0,False
0.10000000000000853,0.1858974358974359,0.5454545454545454,0.10469244415238206,0.5138721351025333,0.4344260512061952,0.7048507259610489,0.6564350014961101,0.5050505050505052,0.49,0.0,0.7388963910021799,0.19519585944387716,0.26379079688020746,1.0,0.0,0.0,0.0,0.0,0.0,0.0,0.0,0.0,0.0,0.0,0.0,0.0,0.0,0.0,0.0,0.0,0.0,1.0,0.0,0.0,0.0,0.0,0.0,1.0,0.0,0.0,0.0,False
0.45000000000000284,0.35256410256410253,0.696969696969697,0.07208501995635457,0.5983112183353438,0.3619165705916048,0.19644113479950767,0.2603479652902454,0.41414141414141414,0.58,0.0,0.47975966418136756,0.11682932271205111,0.26379079688020746,1.0,0.0,0.0,0.0,0.0,0.0,0.0,0.0,0.0,0.0,0.0,0.0,0.0,0.0,0.0,0.0,0.0,0.0,1.0,0.0,0.0,0.0,0.0,0.0,0.0,1.0,0.0,0.0,False
0.5500000000000114,0.19871794871794868,0.8787878787878789,0.3195788341197411,0.8226779252110977,0.21689760936242414,0.43954902069504825,0.7095696663674447,0.37373737373737376,0.63,0.3076923076923077,0.3611294673457589,0.38461677825080526,0.10376668917399683,0.0,0.0,0.0,0.0,1.0,0.0,0.0,0.0,0.0,0.0,0.0,0.0,0.0,0.0,0.0,0.0,1.0,0.0,0.0,0.0,0.0,0.0,0.0,0.0,1.0,0.0,0.0,0.0,True
0.8500000000000085,0.3846153846153846,0.8181818181818181,0.3166865224385123,0.7756332931242461,0.14076265471710425,0.49413144340935455,0.9828248728306404,0.32323232323232326,0.67,1.0,0.17893882736959146,0.4029015493157046,0.2859195739287712,0.0,1.0,0.0,0.0,0.0,0.0,0.0,0.0,0.0,0.0,0.0,0.0,0.0,0.0,0.0,0.0,0.0,0.0,1.0,0.0,0.0,0.0,0.0,0.0,0.0,1.0,0.0,0.0,True
0.8500000000000085,0.2628205128205128,0.7272727272727273,0.03866622857308898,0.5814234016887817,0.5431902721280807,0.23351587024326617,0.525940933572711,0.29292929292929293,0.7,0.0,0.8171437866473599,0.0643274743675966,0.10587733590506189,0.0,0.0,0.0,0.0,0.0,0.0,0.0,1.0,0.0,0.0,0.0,0.0,0.0,0.0,0.0,0.0,0.0,1.0,0.0,0.0,0.0,0.0,0.0,0.0,0.0,1.0,0.0,0.0,False
0.3500000000000085,0.41666666666666663,0.8636363636363638,0.060260963701562906,0.698431845597105,0.14438812874783377,0.12164481044075245,0.44293051316576904,0.20202020202020202,0.79,0.07692307692307693,0.17634503897736212,0.08455682980877569,0.10798196182103102,0.0,0.0,0.0,0.0,0.0,0.0,1.0,0.0,0.0,0.0,0.0,0.0,0.0,0.0,0.0,0.0,0.0,0.0,1.0,0.0,0.0,0.0,0.0,0.0,1.0,0.0,0.0,0.0,False
0.9500000000000028,0.2948717948717948,0.8030303030303032,0.06124816436555779,0.6586248492159229,0.3256618302843097,0.47742605471745286,0.04654157690005985,0.9090909090909093,0.09,0.07692307692307693,0.4674125162032229,0.09078547177328043,0.1082061137053058,0.0,0.0,0.0,1.0,0.0,0.0,0.0,0.0,0.0,0.0,0.0,0.0,0.0,0.0,0.0,0.0,1.0,0.0,0.0,0.0,0.0,0.0,0.0,1.0,0.0,0.0,0.0,0.0,False
0.10000000000000853,0.16025641025641024,0.34848484848484845,0.0042989794952834155,0.25814234016887816,0.14438812874783377,0.13087375914989693,0.00763967684021544,0.9393939393939394,0.06,0.0,0.25690967843297113,0.014669944290856097,0.10376668917399683,0.0,0.0,0.0,0.0,1.0,0.0,0.0,0.0,0.0,0.0,0.0,0.0,0.0,0.0,0.0,0.0,0.0,0.0,1.0,0.0,1.0,0.0,0.0,0.0,0.0,0.0,0.0,0.0,False
0.75,0.41025641025641024,0.7575757575757578,0.02871301070870577,0.5826296743063933,0.18064286905512894,0.09395707299962973,0.11777603979652904,0.43434343434343436,0.56,0.0,0.2224001005874189,0.04766565654297967,0.1082061137053058,0.0,0.0,0.0,1.0,0.0,0.0,0.0,0.0,0.0,0.0,0.0,0.0,0.0,0.0,0.0,0.0,1.0,0.0,0.0,0.0,0.0,0.0,0.0,0.0,1.0,0.0,0.0,0.0,False
0.15000000000000568,0.15384615384615385,0.6515151515151516,0.12214615189181174,0.5971049457177322,0.3256618302843097,0.21683934461378906,0.9903024685816877,0.1717171717171717,0.83,0.0,0.5858356546931127,0.19836585791132352,0.26379079688020746,1.0,0.0,0.0,0.0,0.0,0.0,0.0,0.0,0.0,0.0,0.0,0.0,0.0,0.0,0.0,0.0,0.0,1.0,0.0,0.0,0.0,0.0,0.0,1.0,0.0,0.0,0.0,0.0,False
0.05000000000001137,0.15384615384615385,0.5303030303030303,0.01800803022547663,0.41978287092882993,0.21689760936242414,0.49666639379550187,0.0523638539796529,0.8989898989898991,0.1,0.0,0.3902580471870826,0.04029123947733469,0.10376668917399683,0.0,0.0,0.0,0.0,1.0,0.0,0.0,0.0,0.0,0.0,0.0,0.0,1.0,0.0,0.0,0.0,0.0,0.0,0.0,0.0,0.0,0.0,0.0,0.0,1.0,0.0,0.0,0.0,False
0.20000000000000284,0.27564102564102566,0.6363636363636362,0.0637642222088112,0.5512665862484922,0.5069355318207855,0.2918671160107081,0.150990118192699,0.6464646464646466,0.35,0.0,0.7482019703584962,0.11145150958395421,0.26379079688020746,1.0,0.0,0.0,0.0,0.0,0.0,0.0,0.0,0.0,0.0,0.0,0.0,0.0,0.0,0.0,0.0,0.0,0.0,1.0,0.0,0.0,0.0,0.0,1.0,0.0,0.0,0.0,0.0,False
0.6500000000000057,0.423076923076923,0.6818181818181819,0.16411968895355986,0.6344993968636913,0.18789381711658798,0.38574658271494117,0.2799989377618193,0.5656565656565656,0.43,0.0,0.227731539244087,0.251945002730513,0.26379079688020746,1.0,0.0,0.0,0.0,0.0,0.0,0.0,0.0,0.0,0.0,0.0,0.0,0.0,0.0,0.0,0.0,0.0,0.0,1.0,0.0,0.0,0.0,0.0,0.0,0.0,1.0,0.0,0.0,False
0.6500000000000057,0.23717948717948711,0.6212121212121213,2.011654183234874e-05,0.12062726176115801,0.15889002487075185,0.15542807944113052,0.21162865050867746,0.41414141414141414,0.58,0.0,0.24865985935271676,9.660840699261423e-05,0.26379079688020746,1.0,0.0,0.0,0.0,0.0,0.0,0.0,0.0,0.0,0.0,0.0,0.0,0.0,0.0,0.0,0.0,0.0,0.0,1.0,0.0,0.0,0.0,0.0,0.0,0.0,1.0,0.0,0.0,False
0.5,0.1858974358974359,0.8181818181818181,0.08731771246607196,0.6924004825090471,0.14438812874783377,0.33043906468858686,0.04721378665469779,0.8686868686868687,0.13,0.0,0.2457006851174081,0.12354129964279696,0.10376668917399683,0.0,0.0,0.0,0.0,1.0,0.0,0.0,0.0,0.0,0.0,0.0,0.0,0.0,0.0,0.0,0.0,0.0,0.0,1.0,0.0,0.0,0.0,0.0,0.0,0.0,1.0,0.0,0.0,False
0.5,0.4487179487179487,0.6515151515151516,0.00588148078609485,0.4294330518697226,0.1516390768092928,0.29161151049628825,0.0018872381807301017,0.98989898989899,0.01,0.0,0.17821074641738674,0.012863968170245831,0.10798196182103102,0.0,0.0,0.0,0.0,0.0,0.0,1.0,0.0,0.0,0.0,0.0,0.0,0.0,0.0,0.0,0.0,0.0,0.0,1.0,0.0,0.0,0.0,0.0,0.0,0.0,1.0,0.0,0.0,False
0.9500000000000028,0.1923076923076923,0.5303030303030303,0.04571446878546006,0.4644149577804584,0.1516390768092928,0.2736871146996244,0.4637398339317774,0.35353535353535354,0.64,0.0,0.2552464084571134,0.09343321602217496,0.10376668917399683,0.0,0.0,0.0,0.0,1.0,0.0,0.0,0.0,0.0,0.0,0.0,0.0,0.0,0.0,0.0,0.0,0.0,0.0,1.0,0.0,0.0,0.0,0.0,0.0,1.0,0.0,0.0,0.0,False
0.10000000000000853,0.22435897435897434,0.5757575757575757,0.01256389795995914,0.42822677925211106,0.07187864813324342,0.23408471439030912,0.05805608168761221,0.7979797979797981,0.2,0.0,0.114852844780632,0.027598663363823998,0.10376668917399683,0.0,0.0,0.0,0.0,1.0,0.0,0.0,0.0,0.0,0.0,0.0,0.0,0.0,0.0,0.0,0.0,0.0,0.0,1.0,0.0,0.0,0.0,0.0,0.0,0.0,1.0,0.0,0.0,False
0.8500000000000085,0.4423076923076923,0.7424242424242424,0.0645912355952522,0.6224366706875754,0.3619165705916048,0.19383059326195684,0.23849937911430283,0.43434343434343436,0.56,0.07692307692307693,0.42878090927160367,0.10091202996420197,0.1082061137053058,0.0,0.0,0.0,1.0,0.0,0.0,0.0,0.0,0.0,0.0,0.0,0.0,0.0,0.0,0.0,0.0,0.0,0.0,1.0,0.0,0.0,0.0,0.0,0.0,0.0,1.0,0.0,0.0,False
0.10000000000000853,0.16025641025641024,0.5454545454545454,0.028307699643639186,0.45114595898673104,0.1081333884405386,0.37400647781987584,0.03448135098743268,0.9090909090909093,0.09,0.0,0.1924579668684839,0.05937800815650042,0.2859195739287712,0.0,1.0,0.0,0.0,0.0,0.0,0.0,0.0,0.0,0.0,0.0,0.0,0.0,0.0,0.0,0.0,0.0,0.0,1.0,0.0,0.0,0.0,0.0,1.0,0.0,0.0,0.0,0.0,False
0.05000000000001137,0.4423076923076923,0.696969696969697,0.02197471425197384,0.5295536791314838,0.34016372640722775,0.2329850658143703,0.04172480550568522,0.8383838383838385,0.16,0.0,0.4030002246458088,0.03982367810295793,0.1082061137053058,0.0,0.0,0.0,1.0,0.0,0.0,0.0,0.0,0.0,0.0,0.0,0.0,0.0,0.0,0.0,0.0,0.0,0.0,1.0,0.0,0.0,0.0,0.0,0.0,1.0,0.0,0.0,0.0,False
0.75,0.3141025641025641,0.8030303030303032,0.1382237391584878,0.7104945717732208,0.21689760936242414,0.3295898287560087,0.17230326152004788,0.6464646464646466,0.35,0.0,0.3029466152647477,0.19092689399852297,0.10798196182103102,0.0,0.0,0.0,0.0,0.0,0.0,1.0,0.0,0.0,0.0,0.0,0.0,0.0,0.0,0.0,0.0,0.0,0.0,1.0,0.0,0.0,0.0,0.0,0.0,1.0,0.0,0.0,0.0,False
0.7000000000000028,0.35256410256410253,0.7121212121212122,0.05494796148650813,0.5922798552472859,0.18789381711658798,0.20663842995233148,0.08859556403351287,0.6868686868686869,0.31,0.0,0.24904438481832183,0.08988318290439394,0.10798196182103102,0.0,0.0,0.0,0.0,0.0,0.0,1.0,0.0,0.0,0.0,0.0,0.0,0.0,0.0,0.0,0.0,0.0,0.0,1.0,0.0,0.0,0.0,0.0,0.0,1.0,0.0,0.0,0.0,False
0.20000000000000284,0.27564102564102566,0.8787878787878789,0.15488545119540686,0.773220747889023,0.18064286905512894,0.39973882803782684,0.48601137043686415,0.43434343434343436,0.56,0.5384615384615385,0.2666382386691201,0.19760656684602504,0.1082061137053058,0.0,0.0,0.0,1.0,0.0,0.0,0.0,0.0,0.0,0.0,0.0,0.0,0.0,0.0,0.0,0.0,0.0,0.0,1.0,0.0,0.0,0.0,0.0,1.0,0.0,0.0,0.0,0.0,True
0.8500000000000085,0.46153846153846145,0.5909090909090908,0.08449990649533334,0.5343787696019301,0.49243363569786747,0.18868458980170658,0.22856175942549373,0.4444444444444445,0.56,0.0,0.570479190696343,0.15199227404252214,0.10798196182103102,0.0,0.0,0.0,0.0,0.0,0.0,1.0,0.0,0.0,0.0,0.0,0.0,0.0,0.0,0.0,0.0,0.0,0.0,1.0,0.0,0.0,0.0,0.0,0.0,0.0,1.0,0.0,0.0,False
0.30000000000001137,0.13461538461538458,0.46969696969696967,0.02065000271945843,0.38962605548854046,0.05737675201032534,0.11569798100708185,0.026418813584679835,0.8080808080808083,0.19,0.0,0.10713617727359136,0.04939466298520993,0.26379079688020746,1.0,0.0,0.0,0.0,0.0,0.0,0.0,0.0,0.0,0.0,0.0,0.0,0.0,0.0,0.0,0.0,0.0,0.0,1.0,0.0,0.0,0.0,0.0,0.0,0.0,1.0,0.0,0.0,False
0.9500000000000028,0.1923076923076923,0.6515151515151516,0.036171032328772834,0.5295536791314838,0.11538433650199763,0.17256884774329992,0.07495880460801915,0.6868686868686869,0.31,0.0,0.19425984267566312,0.06557978840722896,0.26379079688020746,1.0,0.0,0.0,0.0,0.0,0.0,0.0,0.0,0.0,0.0,0.0,0.0,0.0,0.0,0.0,0.0,0.0,0.0,1.0,0.0,0.0,0.0,0.0,0.0,0.0,1.0,0.0,0.0,False
0.20000000000000284,0.28205128205128205,0.5151515151515151,0.013761204727536341,0.3980699638118216,0.21689760936242414,0.15961159587638915,0.01000030670257331,0.9393939393939394,0.06,0.0,0.31714492288576285,0.03227908757211477,0.10376668917399683,0.0,0.0,0.0,0.0,1.0,0.0,0.0,0.0,0.0,0.0,0.0,0.0,0.0,0.0,0.0,0.0,0.0,0.0,1.0,0.0,0.0,0.0,0.0,0.0,1.0,0.0,0.0,0.0,False
0.6500000000000057,0.3076923076923077,0.7727272727272727,1.3411027888232494e-05,0.13027744270205066,0.21689760936242414,0.28532668716109444,0.3104428485936565,0.46464646464646464,0.53,0.0,0.30568394664393445,4.923479185470385e-05,0.10376668917399683,0.0,0.0,0.0,0.0,1.0,0.0,0.0,0.0,0.0,0.0,0.0,1.0,0.0,0.0,0.0,0.0,0.0,0.0,0.0,0.0,0.0,0.0,0.0,0.0,0.0,1.0,0.0,0.0,False
0.15000000000000568,0.2628205128205128,0.7121212121212122,0.08128871037320656,0.615199034981906,0.6156997527426711,0.36909103783465397,0.24634634201077202,0.5858585858585859,0.41,0.0,0.9262159139103382,0.12839669701751652,0.26379079688020746,1.0,0.0,0.0,0.0,0.0,0.0,0.0,0.0,0.0,0.0,0.0,0.0,0.0,0.0,0.0,0.0,0.0,0.0,1.0,0.0,0.0,0.0,0.0,0.0,1.0,0.0,0.0,0.0,False
0.6500000000000057,0.33333333333333326,0.7272727272727273,0.18353066170756657,0.6743063932448734,0.5069355318207855,0.1940031050888757,0.8392604428485937,0.1717171717171717,0.82,0.0,0.6895768204137027,0.2662239068208524,0.26379079688020746,1.0,0.0,0.0,0.0,0.0,0.0,0.0,0.0,0.0,0.0,0.0,0.0,0.0,0.0,0.0,0.0,0.0,0.0,1.0,0.0,0.0,0.0,0.0,0.0,0.0,1.0,0.0,0.0,False
0.3500000000000085,0.6089743589743589,0.9545454545454546,0.44134575194515785,0.9034981905910736,0.18064286905512894,0.3109322150668937,0.2689933497905446,0.5252525252525254,0.47,0.6153846153846154,0.17858861121536643,0.48607146542270985,0.10798196182103102,0.0,0.0,0.0,0.0,0.0,0.0,1.0,0.0,0.0,0.0,0.0,0.0,0.0,0.0,0.0,0.0,0.0,0.0,1.0,0.0,0.0,0.0,0.0,0.0,0.0,1.0,0.0,0.0,True
0.25,0.39102564102564097,0.9242424242424243,0.5762502617013081,0.8986731001206273,0.2894070899770145,0.5735311007015662,0.6330789946140036,0.46464646464646464,0.53,0.0,0.3650222268637238,0.6378957724031725,0.10800812381772883,0.0,0.0,0.0,0.0,0.0,1.0,0.0,0.0,0.0,0.0,0.0,0.0,0.0,0.0,0.0,0.0,0.0,0.0,1.0,0.0,0.0,0.0,0.0,0.0,0.0,1.0,0.0,0.0,False
0.5500000000000114,0.2628205128205128,0.5303030303030303,0.0749110215552471,0.4873341375150785,0.3619165705916048,0.08227939881558208,0.22582941352483543,0.25252525252525254,0.74,0.0,0.544463468489914,0.1465791219078163,0.26379079688020746,1.0,0.0,0.0,0.0,0.0,0.0,0.0,0.0,0.0,0.0,0.0,0.0,0.0,0.0,0.0,0.0,0.0,0.0,1.0,0.0,0.0,0.0,0.0,0.0,0.0,1.0,0.0,0.0,False
0.0,0.3205128205128205,0.8333333333333335,0.13598111727273338,0.7310012062726177,0.14438812874783377,0.21067587945030408,0.1484078246558947,0.5757575757575758,0.42,0.0,0.1998727655440444,0.1828842372063328,0.10376668917399683,0.0,0.0,0.0,0.0,1.0,0.0,0.0,0.0,0.0,0.0,0.0,0.0,0.0,0.0,0.0,0.0,0.0,1.0,0.0,0.0,0.0,0.0,0.0,0.0,0.0,1.0,0.0,0.0,False
0.6000000000000085,0.2628205128205128,0.7424242424242424,0.1465572028768145,0.6718938480096502,0.21689760936242414,0.9681134232787171,0.53187118491921,0.6363636363636365,0.36,0.0,0.3263192139639573,0.2132944251527938,0.10798196182103102,0.0,0.0,0.0,0.0,0.0,0.0,1.0,0.0,0.0,0.0,0.0,0.0,0.0,0.0,0.0,0.0,0.0,0.0,1.0,0.0,0.0,0.0,0.0,0.0,1.0,0.0,0.0,0.0,False
0.6000000000000085,0.4807692307692307,0.7878787878787878,0.1321075653843489,0.6972255729794934,0.2712797198233669,0.12611839910326714,0.08887482046678637,0.5757575757575758,0.42,0.23076923076923078,0.30735014835300456,0.185725521586623,0.10798196182103102,0.0,0.0,0.0,0.0,0.0,0.0,1.0,0.0,0.0,0.0,0.0,0.0,0.0,0.0,0.0,0.0,0.0,0.0,1.0,0.0,0.0,0.0,0.0,0.0,0.0,1.0,0.0,0.0,False
0.75,0.21794871794871795,0.5151515151515151,0.04216352662349806,0.45114595898673104,0.07187864813324342,0.21419322028365198,0.1914137866546978,0.5151515151515152,0.48,0.0,0.1160461438796589,0.08846320694967996,0.10587733590506189,0.0,0.0,0.0,0.0,0.0,0.0,0.0,1.0,0.0,0.0,0.0,0.0,0.0,0.0,0.0,0.0,0.0,0.0,1.0,0.0,0.0,0.0,0.0,0.0,0.0,1.0,0.0,0.0,False
0.75,0.423076923076923,0.893939393939394,9.685742363723467e-06,0.1363088057901086,0.14438812874783377,0.34839267232259713,0.4012154248952723,0.4545454545454546,0.54,0.46153846153846156,0.17497106838199514,2.478696445187404e-05,0.1082061137053058,0.0,0.0,0.0,1.0,0.0,0.0,0.0,0.0,0.0,0.0,0.0,0.0,0.0,0.0,0.0,0.0,0.0,0.0,1.0,0.0,0.0,0.0,0.0,0.0,0.0,1.0,0.0,0.0,True
0.9000000000000057,0.423076923076923,0.7424242424242424,0.07413988745167374,0.6308805790108565,0.2894070899770145,0.3278293369591871,0.2512123578695392,0.5555555555555557,0.44,0.0,0.35083930458896795,0.11439591290395883,0.10800812381772883,0.0,0.0,0.0,0.0,0.0,1.0,0.0,0.0,0.0,0.0,0.0,0.0,0.0,0.0,0.0,0.0,0.0,1.0,0.0,0.0,0.0,0.0,0.0,0.0,0.0,1.0,0.0,0.0,False
0.9000000000000057,0.26923076923076916,0.5606060606060606,0.02817284430765196,0.45958986731001206,0.21689760936242414,0.4104291514202293,0.09425493716337523,0.8080808080808083,0.19,0.0,0.3232028674707294,0.058111501007791666,0.10376668917399683,0.0,0.0,0.0,0.0,1.0,0.0,0.0,0.0,0.0,0.0,0.0,0.0,0.0,0.0,0.0,0.0,0.0,0.0,1.0,0.0,0.0,0.0,0.0,0.0,1.0,0.0,0.0,0.0,False
0.75,0.2628205128205128,0.6666666666666667,0.020560595866870215,0.5078407720144753,0.05737675201032534,0.2278599733483256,0.05952268850987433,0.7878787878787881,0.21,0.0,0.08636053398540501,0.03871483521051546,0.2859195739287712,0.0,1.0,0.0,0.0,0.0,0.0,0.0,0.0,0.0,0.0,0.0,0.0,0.0,0.0,0.0,0.0,0.0,0.0,1.0,0.0,0.0,0.0,0.0,0.0,0.0,1.0,0.0,0.0,False
0.15000000000000568,0.19871794871794868,0.5151515151515151,0.03444324490250555,0.4414957780458384,0.1298862326249157,0.23409247269468264,0.23877900957510473,0.48484848484848486,0.51,0.0,0.2163188132774643,0.0736821213322516,0.10798196182103102,0.0,0.0,0.0,0.0,0.0,0.0,1.0,0.0,0.0,0.0,0.0,0.0,0.0,0.0,0.0,0.0,0.0,0.0,1.0,0.0,0.0,0.0,0.0,0.0,1.0,0.0,0.0,0.0,False
0.15000000000000568,0.26923076923076916,0.696969696969697,0.04628071218518543,0.5729794933655007,0.3619165705916048,0.31764676010806686,0.10777018252543388,0.7373737373737375,0.26,0.0,0.5392695576678675,0.07805164438736452,0.10800812381772883,0.0,0.0,0.0,0.0,0.0,1.0,0.0,0.0,0.0,0.0,0.0,0.0,0.0,0.0,0.0,0.0,0.0,0.0,1.0,0.0,0.0,0.0,0.0,0.0,1.0,0.0,0.0,0.0,False
0.5500000000000114,0.27564102564102566,0.6060606060606062,5.960456839214441e-06,0.06996381182147166,0.25315234966971933,0.21687646201603158,0.40394973070017953,0.33333333333333337,0.66,0.0,0.37365240126675925,3.4502765788065775e-05,0.26379079688020746,1.0,0.0,0.0,0.0,0.0,0.0,0.0,0.0,0.0,0.0,0.0,0.0,0.0,0.0,0.0,0.0,0.0,0.0,1.0,0.0,0.0,0.0,0.0,0.0,1.0,0.0,0.0,0.0,False
0.5,0.1217948717948718,0.22727272727272724,0.03696749837391287,0.26176115802171296,0.14438812874783377,0.2833324154094093,0.32829415020945546,0.4545454545454546,0.55,0.0,0.27577359401282103,0.12496587563834118,0.10376668917399683,0.0,0.0,0.0,0.0,1.0,0.0,0.0,0.0,0.0,0.0,0.0,0.0,0.0,0.0,0.0,0.0,0.0,0.0,1.0,0.0,0.0,0.0,0.0,0.0,1.0,0.0,0.0,0.0,False
0.25,0.28205128205128205,0.7121212121212122,0.052059375090803835,0.5886610373944512,0.18064286905512894,0.1685018763858281,0.1573982645122681,0.5050505050505052,0.49,0.0,0.2641379077673061,0.08563981897932597,0.10376668917399683,0.0,0.0,0.0,0.0,1.0,0.0,0.0,0.0,0.0,0.0,0.0,0.0,0.0,0.0,0.0,0.0,0.0,0.0,1.0,0.0,0.0,0.0,0.0,0.0,1.0,0.0,0.0,0.0,False
0.05000000000001137,0.16025641025641024,0.5757575757575757,0.014562886172410684,0.43546441495778054,0.2894070899770145,0.03624503090680596,0.08524231747456613,0.29292929292929293,0.7,0.0,0.51471652469092,0.031517120539022565,0.2859195739287712,0.0,1.0,0.0,0.0,0.0,0.0,0.0,0.0,0.0,0.0,0.0,1.0,0.0,0.0,0.0,0.0,0.0,0.0,0.0,0.0,0.0,0.0,0.0,0.0,1.0,0.0,0.0,0.0,False
0.30000000000001137,0.15384615384615385,0.4848484848484848,0.0348761230804535,0.4221954161640531,0.1081333884405386,0.37012861997560464,0.1436408512866547,0.7070707070707071,0.29,0.0,0.19468043968105248,0.07767166402086244,0.10587733590506189,0.0,0.0,0.0,0.0,0.0,0.0,0.0,1.0,0.0,0.0,0.0,0.0,0.0,0.0,0.0,0.0,0.0,0.0,1.0,0.0,0.0,0.0,0.0,0.0,1.0,0.0,0.0,0.0,False
0.5,0.23717948717948711,0.5303030303030303,0.0692947810984973,0.4837153196622437,0.5431902721280807,0.36392623153083714,0.3822561340514662,0.47474747474747475,0.52,0.0,0.8498654248262534,0.13650916818848577,0.26379079688020746,1.0,0.0,0.0,0.0,0.0,0.0,0.0,0.0,0.0,0.0,0.0,0.0,0.0,0.0,0.0,0.0,0.0,0.0,1.0,0.0,0.0,0.0,0.0,0.0,1.0,0.0,0.0,0.0,False
0.20000000000000284,0.5,0.6515151515151516,0.017060317588041534,0.48854041013269,0.1661409729322109,0.12425208124459139,0.024885614901256733,0.8282828282828283,0.17,0.0,0.18413866792895436,0.033272980611445395,0.10798196182103102,0.0,0.0,0.0,0.0,0.0,0.0,1.0,0.0,0.0,0.0,0.0,0.0,0.0,0.0,0.0,0.0,0.0,0.0,1.0,0.0,0.0,0.0,0.0,0.0,1.0,0.0,0.0,0.0,False
0.75,0.21153846153846156,0.5,0.031936872801615876,0.42822677925211106,0.15889002487075185,0.12342427559332467,0.42339916217833634,0.21212121212121213,0.78,0.0,0.259058068818454,0.07022118053540706,0.26379079688020746,1.0,0.0,0.0,0.0,0.0,0.0,0.0,0.0,0.0,0.0,0.0,1.0,0.0,0.0,0.0,0.0,0.0,0.0,0.0,0.0,0.0,0.0,0.0,0.0,1.0,0.0,0.0,0.0,False
0.0,0.3141025641025641,0.893939393939394,0.028814338474972414,0.6670687575392039,0.1298862326249157,0.011410303328929521,0.003509470377019749,0.7676767676767678,0.23,0.0,0.18140910202885754,0.04218145845876249,0.10798196182103102,0.0,0.0,0.0,0.0,0.0,0.0,1.0,0.0,0.0,0.0,0.0,0.0,0.0,0.0,0.0,0.0,0.0,0.0,1.0,0.0,0.0,0.0,0.0,0.0,0.0,1.0,0.0,0.0,False
0.8000000000000114,0.2435897435897436,0.42424242424242425,0.05351745184509667,0.40168878166465627,0.3619165705916048,0.22277880327077712,0.20851286654697787,0.5050505050505052,0.49,0.0,0.5606622992715444,0.12464579358932298,0.26379079688020746,1.0,0.0,0.0,0.0,0.0,0.0,0.0,0.0,0.0,0.0,0.0,0.0,0.0,0.0,0.0,0.0,0.0,0.0,1.0,0.0,0.0,0.0,0.0,0.0,1.0,0.0,0.0,0.0,False
0.15000000000000568,0.21794871794871795,0.5757575757575757,0.09056541638633893,0.5283474065138722,0.18064286905512894,0.6395567898501971,0.25441332286056256,0.7070707070707071,0.29,0.0,0.29146111143661374,0.1646102469982589,0.26379079688020746,1.0,0.0,0.0,0.0,0.0,0.0,0.0,0.0,0.0,0.0,1.0,0.0,0.0,0.0,0.0,0.0,0.0,0.0,0.0,0.0,0.0,0.0,0.0,0.0,0.0,1.0,0.0,0.0,False
0.75,0.1282051282051282,0.5,0.033146100482871504,0.4294330518697226,0.03562390782594824,0.19916191246403608,0.09392072112507481,0.6666666666666669,0.33,0.0,0.06743717696628587,0.07269743079846808,0.10587733590506189,0.0,0.0,0.0,0.0,0.0,0.0,0.0,1.0,0.0,0.0,0.0,0.0,0.0,0.0,0.0,0.0,0.0,0.0,1.0,0.0,0.0,0.0,0.0,0.0,1.0,0.0,0.0,0.0,False
0.9000000000000057,0.2628205128205128,0.8030303030303032,0.05923203983969351,0.6574185765983113,0.5431902721280807,0.7681569782909623,0.7370536729503292,0.494949494949495,0.5,0.07692307692307693,0.8171437866473599,0.08794571444925878,0.2859195739287712,0.0,1.0,0.0,0.0,0.0,0.0,0.0,0.0,0.0,0.0,0.0,0.0,0.0,0.0,0.0,0.0,0.0,1.0,0.0,0.0,0.0,0.0,0.0,1.0,0.0,0.0,0.0,0.0,False
0.4000000000000057,0.17307692307692302,0.7121212121212122,0.11285677990789604,0.6344993968636913,0.2894070899770145,0.5592893495501168,0.5967502692998204,0.47474747474747475,0.53,0.0,0.5032584426350111,0.17323552616755675,0.26379079688020746,1.0,0.0,0.0,0.0,0.0,0.0,0.0,0.0,0.0,0.0,0.0,0.0,0.0,0.0,0.0,0.0,0.0,0.0,1.0,0.0,0.0,0.0,0.0,0.0,1.0,0.0,0.0,0.0,False
0.75,0.673076923076923,0.893939393939394,0.45459808267004626,0.8576598311218336,0.4489279473291133,0.4186254008373295,0.7603433647516458,0.3434343434343434,0.65,0.23076923076923078,0.41773204443197726,0.526004176494404,0.10800812381772883,0.0,0.0,0.0,0.0,0.0,1.0,0.0,0.0,0.0,0.0,0.0,0.0,0.0,0.0,0.0,0.0,0.0,0.0,1.0,0.0,0.0,0.0,0.0,0.0,0.0,1.0,0.0,0.0,True
0.5500000000000114,0.14743589743589736,0.5,0.04192138306440497,0.44028950542822687,0.03562390782594824,0.13627499609798369,0.06394706762417714,0.6666666666666669,0.33,0.0,0.06505342075263715,0.08991060664716002,0.10587733590506189,0.0,0.0,0.0,0.0,0.0,0.0,0.0,1.0,0.0,0.0,0.0,0.0,0.0,0.0,0.0,0.0,0.0,0.0,1.0,0.0,0.0,0.0,0.0,0.0,1.0,0.0,0.0,0.0,False
0.8500000000000085,0.33333333333333326,0.6212121212121213,0.012397750225566037,0.4535585042219542,0.07187864813324342,0.24836114151954786,0.22739099341711552,0.5050505050505052,0.49,0.0,0.09774197335197665,0.025855781748936386,0.10376668917399683,0.0,0.0,0.0,0.0,1.0,0.0,0.0,0.0,0.0,0.0,0.0,0.0,0.0,0.0,0.0,0.0,1.0,0.0,0.0,0.0,0.0,0.0,0.0,0.0,1.0,0.0,0.0,0.0,False
0.45000000000000284,0.23717948717948711,0.8181818181818181,0.10085987040476718,0.7008443908323282,0.05375127797959583,0.09664800328139848,0.10115154099341712,0.47474747474747475,0.52,0.23076923076923078,0.08417909144014545,0.14109934040970856,0.10798196182103102,0.0,0.0,0.0,0.0,0.0,0.0,1.0,0.0,0.0,0.0,0.0,0.0,0.0,0.0,0.0,0.0,0.0,1.0,0.0,0.0,0.0,0.0,0.0,0.0,1.0,0.0,0.0,0.0,False
0.0,0.40384615384615385,0.7272727272727273,0.04307547651989786,0.5874547647768396,0.4344260512061952,0.2388261311906173,0.0638858393177738,0.7777777777777779,0.22,0.0,0.5392695576678675,0.07098766892059848,0.10798196182103102,0.0,0.0,0.0,0.0,0.0,0.0,1.0,0.0,0.0,0.0,0.0,0.0,0.0,0.0,0.0,0.0,0.0,0.0,1.0,0.0,0.0,0.0,0.0,0.0,1.0,0.0,0.0,0.0,False
0.3500000000000085,0.19871794871794868,0.6515151515151516,0.14764126096444663,0.6067551266586249,0.3256618302843097,0.3917407680324501,0.7261307151406344,0.33333333333333337,0.66,0.0,0.5421427849311273,0.2362460704337717,0.26379079688020746,1.0,0.0,0.0,0.0,0.0,0.0,0.0,0.0,0.0,0.0,0.0,1.0,0.0,0.0,0.0,0.0,0.0,0.0,0.0,0.0,0.0,0.0,0.0,0.0,0.0,1.0,0.0,0.0,False
0.9000000000000057,0.33333333333333326,0.7424242424242424,0.24731723562952482,0.7032569360675514,0.3981713108989,0.2528789160893886,0.07733852483542789,0.7575757575757577,0.24,0.0,0.5416181086482712,0.3449438950595144,0.2859195739287712,0.0,1.0,0.0,0.0,0.0,0.0,0.0,0.0,0.0,0.0,0.0,0.0,0.0,0.0,0.0,0.0,0.0,1.0,0.0,0.0,0.0,0.0,0.0,0.0,0.0,1.0,0.0,0.0,False
0.3500000000000085,0.2564102564102564,0.6515151515151516,0.04887127573892901,0.5464414957780458,0.25315234966971933,0.4188709538834452,0.3115553111909037,0.5656565656565656,0.44,0.0,0.384561612017004,0.0861035069889858,0.39926384018223143,0.0,0.0,1.0,0.0,0.0,0.0,0.0,0.0,0.0,0.0,0.0,0.0,0.0,0.0,0.0,0.0,1.0,0.0,0.0,0.0,0.0,0.0,0.0,1.0,0.0,0.0,0.0,0.0,False
0.8000000000000114,0.4487179487179487,0.8181818181818181,0.0782533477278366,0.6851628468033777,0.2894070899770145,0.24632241259115292,0.15185061340514663,0.6060606060606061,0.39,0.0,0.3402607640652403,0.1118048693903371,0.26379079688020746,1.0,0.0,0.0,0.0,0.0,0.0,0.0,0.0,0.0,0.0,0.0,0.0,0.0,0.0,0.0,0.0,1.0,0.0,0.0,0.0,0.0,0.0,0.0,0.0,0.0,1.0,0.0,0.0,False
0.4000000000000057,0.41666666666666663,0.7727272727272727,0.1722743389667101,0.7032569360675514,0.488808161667138,0.30451593458836396,0.5723087298025135,0.33333333333333337,0.66,0.0,0.5972952801329192,0.24026435138442798,0.26379079688020746,1.0,0.0,0.0,0.0,0.0,0.0,0.0,0.0,0.0,0.0,0.0,0.0,0.0,0.0,0.0,0.0,0.0,0.0,1.0,0.0,0.0,0.0,0.0,0.0,0.0,1.0,0.0,0.0,False
0.4000000000000057,0.3141025641025641,0.7878787878787878,0.12506528562881702,0.6936067551266587,0.05012580394886631,0.24907609135664593,0.1776529772591263,0.5757575757575758,0.42,0.0,0.06999971489595826,0.17668048084377852,0.10376668917399683,0.0,0.0,0.0,0.0,1.0,0.0,0.0,0.0,0.0,0.0,0.0,0.0,0.0,0.0,0.0,0.0,0.0,1.0,0.0,0.0,0.0,0.0,0.0,0.0,1.0,0.0,0.0,0.0,False
0.25,0.28846153846153844,0.7727272727272727,0.023676424679569565,0.5802171290711702,0.21689760936242414,0.06573474885934713,0.07504407540394974,0.4545454545454546,0.54,0.0,0.31420008871251526,0.039447682269081304,0.10798196182103102,0.0,0.0,0.0,0.0,0.0,0.0,1.0,0.0,0.0,0.0,0.0,0.0,1.0,0.0,0.0,0.0,0.0,0.0,0.0,0.0,0.0,0.0,0.0,0.0,1.0,0.0,0.0,0.0,False
0.75,0.15384615384615385,0.4848484848484848,0.03877947725303406,0.4270205066344994,0.25315234966971933,0.2672011644928094,0.12791741472172352,0.6666666666666669,0.33,0.0,0.4554505830224259,0.08549217245569082,0.26379079688020746,1.0,0.0,0.0,0.0,0.0,0.0,0.0,0.0,0.0,0.0,0.0,0.0,0.0,0.0,0.0,0.0,0.0,0.0,1.0,0.0,0.0,0.0,0.0,0.0,1.0,0.0,0.0,0.0,False
0.9500000000000028,0.3717948717948718,0.6818181818181819,0.07473369796428048,0.5898673100120628,0.2894070899770145,0.5342095649615691,0.5807266681627768,0.46464646464646464,0.53,0.0,0.3740946085502206,0.12272719154765249,0.26379079688020746,1.0,0.0,0.0,0.0,0.0,0.0,0.0,0.0,0.0,0.0,0.0,0.0,0.0,0.0,0.0,0.0,0.0,0.0,1.0,0.0,0.0,0.0,0.0,0.0,0.0,1.0,0.0,0.0,False
0.7000000000000028,0.34615384615384615,0.893939393939394,0.41429645375169777,0.8516284680337757,0.06100222604105486,0.2501578206521536,0.11254202573309396,0.6767676767676769,0.32,0.07692307692307693,0.0815128838848282,0.48258124913153844,0.10800812381772883,0.0,0.0,0.0,0.0,0.0,1.0,0.0,0.0,0.0,0.0,0.0,0.0,0.0,0.0,0.0,0.0,0.0,0.0,1.0,0.0,0.0,0.0,0.0,0.0,0.0,1.0,0.0,0.0,False
0.45000000000000284,0.26923076923076916,0.8636363636363638,0.0002726909003940607,0.33534378769601936,0.09363149231762052,0.22041848061274144,0.11168776929982047,0.6565656565656567,0.34,0.0,0.13954618080316206,0.0007040108360328598,0.26379079688020746,1.0,0.0,0.0,0.0,0.0,0.0,0.0,0.0,0.0,0.0,0.0,0.0,0.0,0.0,0.0,0.0,0.0,0.0,1.0,0.0,0.0,0.0,0.0,0.0,0.0,1.0,0.0,0.0,False
0.10000000000000853,0.14102564102564097,0.5909090909090908,0.021301927686247512,0.4644149577804584,0.07187864813324342,0.25691934180002796,0.002043880909634949,0.98989898989899,0.01,0.0,0.13255578788501934,0.043514430530511135,0.10376668917399683,0.0,0.0,0.0,0.0,1.0,0.0,0.0,0.0,0.0,0.0,0.0,0.0,0.0,0.0,0.0,0.0,0.0,0.0,1.0,0.0,0.0,0.0,0.0,0.0,0.0,1.0,0.0,0.0,False
0.3500000000000085,0.41025641025641024,0.8636363636363638,0.20507845823843168,0.7804583835946924,0.5069355318207855,0.2986276218360321,0.7396783512866547,0.27272727272727276,0.72,0.0,0.6243351837297328,0.259373441268377,0.2859195739287712,0.0,1.0,0.0,0.0,0.0,0.0,0.0,0.0,0.0,0.0,0.0,0.0,0.0,0.0,0.0,0.0,0.0,1.0,0.0,0.0,0.0,0.0,0.0,0.0,1.0,0.0,0.0,0.0,False
0.7000000000000028,0.3589743589743589,0.8787878787878789,0.4735366892195452,0.8492159227985526,0.1298862326249157,0.3273485391035359,0.45537474566128067,0.40404040404040403,0.59,0.6923076923076923,0.17068520380216137,0.5530751634708156,0.10376668917399683,0.0,0.0,0.0,0.0,1.0,0.0,0.0,0.0,0.0,0.0,0.0,0.0,0.0,0.0,0.0,0.0,0.0,0.0,1.0,0.0,0.0,0.0,0.0,0.0,0.0,1.0,0.0,0.0,True
0.3500000000000085,0.3846153846153846,0.893939393939394,0.21051588499000506,0.8045838359469242,0.21689760936242414,0.39389842920920837,0.5860188061041293,0.38383838383838387,0.61,0.5384615384615385,0.27577359401282103,0.25871836145968213,0.10798196182103102,0.0,0.0,0.0,0.0,0.0,0.0,1.0,0.0,0.0,0.0,0.0,0.0,0.0,0.0,0.0,0.0,0.0,1.0,0.0,0.0,0.0,0.0,0.0,0.0,0.0,1.0,0.0,0.0,True
0.45000000000000284,0.2435897435897436,0.5454545454545454,0.026801194177527736,0.44752714113389636,0.14438812874783377,0.2244363987150884,0.015978231597845602,0.9292929292929295,0.07,0.0,0.22372661901363117,0.05662636286425429,0.10800812381772883,0.0,0.0,0.0,0.0,0.0,1.0,0.0,0.0,0.0,0.0,0.0,0.0,0.0,0.0,0.0,0.0,0.0,0.0,1.0,0.0,0.0,0.0,0.0,0.0,1.0,0.0,0.0,0.0,False
0.0,0.17307692307692302,0.27272727272727276,0.01796332679918252,0.2677925211097708,0.41992415508327713,0.27253411906174463,0.1810293237582286,0.5858585858585859,0.41,0.0,0.7301284673420061,0.059544302676893014,0.10376668917399683,0.0,0.0,0.0,0.0,1.0,0.0,0.0,0.0,0.0,0.0,0.0,0.0,0.0,0.0,0.0,0.0,0.0,0.0,1.0,0.0,0.0,0.0,0.0,1.0,0.0,0.0,0.0,0.0,False
0.45000000000000284,0.23717948717948711,0.6666666666666667,0.10660277056935029,0.5995174909529555,0.1335117066556452,0.1421928694625839,0.10439299820466787,0.5656565656565656,0.43,0.0,0.20895760502899263,0.17247262459701837,0.10376668917399683,0.0,0.0,0.0,0.0,1.0,0.0,0.0,0.0,0.0,0.0,0.0,0.0,0.0,0.0,0.0,0.0,0.0,0.0,1.0,0.0,0.0,0.0,0.0,0.0,1.0,0.0,0.0,0.0,False
0.15000000000000568,0.34615384615384615,0.7727272727272727,0.06838208614499258,0.6453558504221955,0.14438812874783377,0.5216237273842521,0.029922202274087373,0.9393939393939394,0.06,0.0,0.19300883619809492,0.10330525188784657,0.2859195739287712,0.0,1.0,0.0,0.0,0.0,0.0,0.0,0.0,0.0,0.0,0.0,0.0,0.0,0.0,0.0,0.0,0.0,0.0,1.0,0.0,0.0,0.0,0.0,1.0,0.0,0.0,0.0,0.0,False
0.0,0.3782051282051282,0.9090909090909092,0.20851987700597313,0.8154402895054284,0.4344260512061952,0.2513485614871353,0.11107749102333932,0.6868686868686869,0.31,0.3076923076923077,0.5569799421102559,0.2530430295188889,0.2859195739287712,0.0,1.0,0.0,0.0,0.0,0.0,0.0,0.0,0.0,0.0,0.0,0.0,0.0,0.0,0.0,0.0,0.0,0.0,1.0,0.0,0.0,0.0,0.0,0.0,0.0,1.0,0.0,0.0,True
0.75,0.39743589743589736,0.6515151515151516,0.10314794077392062,0.5874547647768396,0.25315234966971933,0.8533949185105997,0.22877837372830642,0.7777777777777779,0.22,0.0,0.31672086676481526,0.17004918798067836,0.10376668917399683,0.0,0.0,0.0,0.0,1.0,0.0,0.0,0.0,0.0,0.0,0.0,0.0,0.0,0.0,0.0,0.0,0.0,0.0,1.0,0.0,0.0,0.0,0.0,0.0,0.0,1.0,0.0,0.0,False
0.75,0.4487179487179487,0.8636363636363638,0.20740676169124983,0.7816646562123041,0.26765424579263736,0.8499449997449293,0.4817474566128067,0.6262626262626264,0.37,0.07692307692307693,0.3146739191734739,0.26193734689413173,0.10798196182103102,0.0,0.0,0.0,0.0,0.0,0.0,1.0,0.0,0.0,0.0,0.0,0.0,0.0,0.0,0.0,0.0,0.0,0.0,1.0,0.0,0.0,0.0,0.0,0.0,1.0,0.0,0.0,0.0,False
0.30000000000001137,0.21153846153846156,0.7121212121212122,0.06361223055941123,0.600723763570567,0.028372959764489204,0.08076559164573385,0.2146561116098145,0.26262626262626265,0.73,0.0,0.04636742065564628,0.10270857794181566,0.10376668917399683,0.0,0.0,0.0,0.0,1.0,0.0,0.0,0.0,0.0,0.0,0.0,0.0,0.0,0.0,0.0,0.0,0.0,1.0,0.0,0.0,0.0,0.0,0.0,0.0,1.0,0.0,0.0,0.0,False
0.25,0.33974358974358976,0.5757575757575757,0.011222050114030989,0.4221954161640531,0.039249381856677756,0.39162001440393923,0.0001429084380610413,1.0,0.0,0.0,0.05288667423918062,0.024963099754490643,0.10376668917399683,0.0,0.0,0.0,0.0,1.0,0.0,0.0,0.0,0.0,0.0,0.0,0.0,0.0,0.0,0.0,0.0,0.0,0.0,1.0,0.0,0.0,0.0,0.0,0.0,1.0,0.0,0.0,0.0,False
0.6500000000000057,0.1794871794871794,0.696969696969697,0.13126267062739025,0.632086851628468,0.12263528456345667,0.4195743786470134,0.32393099940155595,0.5555555555555557,0.44,0.0,0.2110143937145231,0.20221078260897846,0.10587733590506189,0.0,0.0,0.0,0.0,0.0,0.0,0.0,1.0,0.0,0.0,0.0,0.0,0.0,0.0,0.0,0.0,0.0,0.0,1.0,0.0,0.0,0.0,0.0,0.0,0.0,1.0,0.0,0.0,False
0.7000000000000028,0.28205128205128205,0.6818181818181819,0.026318397173551365,0.5307599517490953,0.3981713108989,0.39588292751252685,0.21843207660083783,0.6363636363636365,0.36,0.0,0.5821799984780467,0.047604848652255526,0.2859195739287712,0.0,1.0,0.0,0.0,0.0,0.0,0.0,0.0,0.0,0.0,0.0,0.0,0.0,0.0,0.0,0.0,0.0,0.0,1.0,0.0,0.0,0.0,0.0,1.0,0.0,0.0,0.0,0.0,False
0.6500000000000057,0.3589743589743589,0.6818181818181819,0.12608005340569328,0.6200241254523523,0.2749051938540964,0.3249035261439124,0.42124596050269303,0.42424242424242425,0.57,0.0,0.36133228338787143,0.19773192335910064,0.26379079688020746,1.0,0.0,0.0,0.0,0.0,0.0,0.0,0.0,0.0,0.0,1.0,0.0,0.0,0.0,0.0,0.0,0.0,0.0,0.0,0.0,0.0,0.0,0.0,0.0,0.0,1.0,0.0,0.0,False
0.30000000000001137,0.28205128205128205,0.5,0.008652348159224662,0.367913148371532,0.07187864813324342,0.4899350223019861,0.0003810517654099342,1.0,0.0,0.0,0.10511686241193587,0.02175288274178883,0.10376668917399683,0.0,0.0,0.0,0.0,1.0,0.0,0.0,0.0,0.0,0.0,0.0,0.0,0.0,0.0,0.0,0.0,0.0,0.0,1.0,0.0,0.0,0.0,0.0,0.0,1.0,0.0,0.0,0.0,False
0.05000000000001137,0.2948717948717948,0.6363636363636362,0.023169040791131433,0.4957780458383595,0.06390260526563848,0.18140749406319204,0.03740133901855177,0.8282828282828283,0.18,0.0,0.09172408079393311,0.044600656995533394,0.26379079688020746,1.0,0.0,0.0,0.0,0.0,0.0,0.0,0.0,0.0,0.0,1.0,0.0,0.0,0.0,0.0,0.0,0.0,0.0,0.0,0.0,0.0,0.0,0.0,0.0,0.0,1.0,0.0,0.0,False
0.0,0.23717948717948711,0.4393939393939394,0.028429889008843082,0.38480096501809413,0.6156997527426711,0.5181394891662681,0.8726417190305207,0.36363636363636365,0.64,0.07692307692307693,0.9633004371797509,0.06877855159892216,0.2859195739287712,0.0,1.0,0.0,0.0,0.0,0.0,0.0,0.0,0.0,0.0,0.0,0.0,0.0,0.0,0.0,0.0,0.0,0.0,1.0,0.0,1.0,0.0,0.0,0.0,0.0,0.0,0.0,0.0,False
0.9500000000000028,0.34615384615384615,0.5151515151515151,0.021270635287841635,0.4185765983112184,0.14438812874783377,0.42245794894397076,0.13169053710353082,0.7575757575757577,0.24,0.0,0.19300883619809492,0.04772193040601937,0.10376668917399683,0.0,0.0,0.0,0.0,1.0,0.0,0.0,0.0,0.0,0.0,0.0,0.0,0.0,0.0,0.0,0.0,0.0,0.0,1.0,0.0,0.0,0.0,0.0,0.0,0.0,1.0,0.0,0.0,False
0.15000000000000568,0.26923076923076916,0.5909090909090908,0.04765981288635867,0.5054282267792521,0.18064286905512894,0.27902255719633573,0.10941581388390186,0.7070707070707071,0.29,0.0,0.2691861949214449,0.09019163272681387,0.10376668917399683,0.0,0.0,0.0,0.0,1.0,0.0,0.0,0.0,0.0,0.0,0.0,0.0,0.0,0.0,0.0,0.0,0.0,0.0,1.0,0.0,0.0,0.0,0.0,1.0,0.0,0.0,0.0,0.0,False
0.9000000000000057,0.23076923076923073,0.6212121212121213,0.020164970544167358,0.47889022919179736,0.09725696634835004,0.23648723106333927,0.007547800718132855,0.9696969696969697,0.03,0.0,0.1537869399297916,0.040057107093643504,0.10376668917399683,0.0,0.0,0.0,0.0,1.0,0.0,0.0,0.0,0.0,0.0,0.0,0.0,0.0,0.0,0.0,0.0,0.0,0.0,1.0,0.0,0.0,0.0,0.0,0.0,0.0,1.0,0.0,0.0,False
0.9500000000000028,0.46153846153846145,0.8181818181818181,0.04487925977086513,0.6489746682750303,0.1081333884405386,0.8370297326280598,0.828414355176541,0.48484848484848486,0.51,0.46153846153846156,0.1251417347900195,0.06743157176280319,0.10798196182103102,0.0,0.0,0.0,0.0,0.0,0.0,1.0,0.0,0.0,0.0,0.0,0.0,0.0,0.0,0.0,0.0,0.0,0.0,1.0,0.0,0.0,0.0,0.0,1.0,0.0,0.0,0.0,0.0,True
0.05000000000001137,0.22435897435897434,0.5454545454545454,0.0176235807593473,0.4270205066344994,0.15889002487075185,0.10979372536554287,0.004450927588270497,0.9595959595959597,0.04,0.0,0.25375285990736357,0.038828911577313385,0.10376668917399683,0.0,0.0,0.0,0.0,1.0,0.0,0.0,0.0,0.0,0.0,1.0,0.0,0.0,0.0,0.0,0.0,0.0,0.0,0.0,0.0,0.0,0.0,0.0,0.0,1.0,0.0,0.0,0.0,False
0.0,0.27564102564102566,0.5909090909090908,0.01575423248314867,0.4487334137515079,0.25315234966971933,0.2844468210398208,0.12432678037103531,0.6868686868686869,0.31,0.0,0.37365240126675925,0.033187206028309255,0.10798196182103102,0.0,0.0,0.0,0.0,0.0,0.0,1.0,0.0,0.0,0.0,0.0,0.0,0.0,0.0,0.0,0.0,0.0,0.0,1.0,0.0,0.0,0.0,0.0,0.0,1.0,0.0,0.0,0.0,False
0.0,0.17307692307692302,0.8333333333333335,0.04730814593284502,0.6622436670687576,0.042874855887407276,0.14424010849907287,0.015515888689407542,0.8989898989898991,0.1,0.0,0.07472617374402066,0.06975498471664704,0.10376668917399683,0.0,0.0,0.0,0.0,1.0,0.0,0.0,0.0,0.0,0.0,0.0,0.0,0.0,0.0,0.0,0.0,0.0,0.0,1.0,0.0,0.0,0.0,0.0,0.0,1.0,0.0,0.0,0.0,False
0.05000000000001137,0.2435897435897436,0.696969696969697,0.008756656153910915,0.4764776839565742,0.021122011703030172,0.06756943670788469,0.009039646918013166,0.8787878787878789,0.12,0.0,0.03279640020081367,0.01745005070292093,0.10800812381772883,0.0,0.0,0.0,0.0,0.0,1.0,0.0,0.0,0.0,0.0,0.0,0.0,0.0,0.0,0.0,0.0,0.0,0.0,1.0,0.0,0.0,0.0,0.0,0.0,0.0,1.0,0.0,0.0,False
0.45000000000000284,0.16025641025641024,0.42424242424242425,0.038850257677999725,0.38841978287092893,0.11538433650199763,0.3299047647599183,0.2531690604428486,0.5555555555555557,0.44,0.0,0.20534830918138136,0.09322393315988063,0.10798196182103102,0.0,0.0,0.0,0.0,0.0,0.0,1.0,0.0,0.0,0.0,0.0,0.0,0.0,0.0,0.0,0.0,0.0,0.0,1.0,0.0,0.0,0.0,0.0,0.0,1.0,0.0,0.0,0.0,False
0.05000000000001137,0.17307692307692302,0.7424242424242424,0.08611146501323594,0.6393244873341376,0.20239571323950606,0.38899426627979417,0.20363545032914424,0.6464646464646466,0.35,0.0,0.35201175949701446,0.13124268617707352,0.10376668917399683,0.0,0.0,0.0,0.0,1.0,0.0,0.0,0.0,0.0,0.0,0.0,0.0,0.0,0.0,0.0,0.0,0.0,0.0,1.0,0.0,0.0,0.0,0.0,0.0,1.0,0.0,0.0,0.0,False
0.4000000000000057,0.15384615384615385,0.13636363636363635,0.0811836573214154,0.2243667068757539,0.21689760936242414,0.29551761910923224,0.35655234141232794,0.4444444444444445,0.56,0.0,0.3902580471870826,0.3121387326245703,0.10376668917399683,0.0,0.0,0.0,0.0,1.0,0.0,0.0,0.0,0.0,0.0,0.0,0.0,0.0,0.0,0.0,0.0,0.0,0.0,1.0,0.0,0.0,0.0,0.0,0.0,1.0,0.0,0.0,0.0,False
0.20000000000000284,0.3589743589743589,0.8030303030303032,0.14922748754078258,0.7165259348612787,0.3619165705916048,0.18535688176866524,0.08070017953321365,0.6868686868686869,0.31,0.0,0.4757205311392974,0.20450389576531233,0.26379079688020746,1.0,0.0,0.0,0.0,0.0,0.0,0.0,0.0,0.0,0.0,0.0,0.0,0.0,0.0,0.0,0.0,0.0,0.0,1.0,0.0,0.0,0.0,0.0,0.0,0.0,1.0,0.0,0.0,False
0.0,0.16666666666666663,0.4848484848484848,0.009763973359738156,0.36550060313630883,0.09363149231762052,0.4643745251138793,0.018287133453022145,0.9595959595959597,0.04,0.0,0.1647944232531647,0.02469648346806426,0.2859195739287712,0.0,1.0,0.0,0.0,0.0,0.0,0.0,0.0,0.0,0.0,0.0,0.0,0.0,0.0,0.0,0.0,0.0,0.0,1.0,0.0,0.0,0.0,0.0,1.0,0.0,0.0,0.0,0.0,False
0.8500000000000085,0.3782051282051282,0.6515151515151516,0.02863105442716657,0.5162846803377563,0.20239571323950606,0.891829023588795,0.18986216337522444,0.8181818181818182,0.18,0.0,0.2594454834781313,0.0531212302086476,0.2859195739287712,0.0,1.0,0.0,0.0,0.0,0.0,0.0,0.0,0.0,0.0,0.0,0.0,0.0,0.0,0.0,0.0,0.0,0.0,1.0,0.0,0.0,0.0,0.0,0.0,0.0,1.0,0.0,0.0,False
0.8500000000000085,0.1858974358974359,0.5757575757575757,0.0608361477865471,0.5078407720144753,0.07187864813324342,0.2941159779542627,0.4854881508078995,0.36363636363636365,0.63,0.0,0.12240175864621523,0.11463910226644557,0.10800812381772883,0.0,0.0,0.0,0.0,0.0,1.0,0.0,0.0,0.0,0.0,1.0,0.0,0.0,0.0,0.0,0.0,0.0,0.0,0.0,0.0,0.0,0.0,0.0,0.0,0.0,1.0,0.0,0.0,False
0.45000000000000284,0.23076923076923073,0.8484848484848486,0.084859024019896,0.7104945717732208,0.05012580394886631,0.0703045373958719,0.11810959006582886,0.36363636363636365,0.63,0.07692307692307693,0.07930940656638419,0.11719696178248107,0.10798196182103102,0.0,0.0,0.0,0.0,0.0,0.0,1.0,0.0,0.0,0.0,0.0,0.0,0.0,0.0,0.0,0.0,0.0,0.0,1.0,0.0,0.0,0.0,0.0,0.0,0.0,1.0,0.0,0.0,False
0.6000000000000085,0.4807692307692307,0.8181818181818181,0.2671215985349197,0.7647768395657419,0.22414855742388318,0.7259732947847655,0.5086774386594853,0.5757575757575758,0.42,0.15384615384615385,0.253920613548821,0.3443742698313417,0.10798196182103102,0.0,0.0,0.0,0.0,0.0,0.0,1.0,0.0,0.0,0.0,0.0,0.0,0.0,0.0,0.0,0.0,0.0,0.0,1.0,0.0,0.0,0.0,0.0,0.0,0.0,1.0,0.0,0.0,False
0.8500000000000085,0.3205128205128205,0.7727272727272727,0.08701894456700635,0.661037394451146,0.25315234966971933,0.2657541825979946,0.8301959305804908,0.23232323232323232,0.76,0.0,0.35045021557081096,0.12856470587050656,0.26379079688020746,1.0,0.0,0.0,0.0,0.0,0.0,0.0,0.0,0.0,0.0,0.0,0.0,0.0,0.0,0.0,0.0,0.0,1.0,0.0,0.0,0.0,0.0,0.0,0.0,0.0,1.0,0.0,0.0,False
0.10000000000000853,0.2628205128205128,0.6363636363636362,0.029044561120387072,0.5078407720144753,0.4344260512061952,0.23420859924256318,0.16457211250748055,0.5757575757575758,0.42,0.0,0.6535355957528923,0.05470813171172485,0.10798196182103102,0.0,0.0,0.0,0.0,0.0,0.0,1.0,0.0,0.0,0.0,0.0,0.0,0.0,0.0,0.0,0.0,0.0,0.0,1.0,0.0,0.0,0.0,0.0,0.0,1.0,0.0,0.0,0.0,False
0.75,0.19871794871794868,0.6515151515151516,0.10254593463315996,0.5874547647768396,0.03562390782594824,0.5045688817217279,0.24868310143626574,0.6565656565656567,0.34,0.0,0.05944060470347844,0.1690564595563029,0.10587733590506189,0.0,0.0,0.0,0.0,0.0,0.0,0.0,1.0,0.0,0.0,0.0,0.0,0.0,0.0,0.0,0.0,0.0,0.0,1.0,0.0,0.0,0.0,0.0,0.0,1.0,0.0,0.0,0.0,False
0.6000000000000085,0.13461538461538458,0.7727272727272727,0.18945759097706044,0.7092882991556093,0.0863805442561615,0.4996788248002655,0.4642498653500898,0.5050505050505052,0.49,0.0,0.16115284982287587,0.26212959711937334,0.2859195739287712,0.0,1.0,0.0,0.0,0.0,0.0,0.0,0.0,0.0,0.0,0.0,0.0,0.0,0.0,0.0,0.0,0.0,0.0,1.0,0.0,0.0,0.0,0.0,0.0,1.0,0.0,0.0,0.0,False
0.8000000000000114,0.22435897435897434,0.696969696969697,0.07561435546227441,0.600723763570567,0.19514476517804702,0.31705175009132863,0.3910123354278875,0.43434343434343436,0.56,0.0,0.3116278662101684,0.12209582006561905,0.10800812381772883,0.0,0.0,0.0,0.0,0.0,1.0,0.0,0.0,0.0,0.0,0.0,0.0,0.0,0.0,0.0,0.0,0.0,0.0,1.0,0.0,0.0,0.0,0.0,0.0,0.0,1.0,0.0,0.0,False
0.6000000000000085,0.20512820512820507,0.6818181818181819,0.13866332285037986,0.6248492159227986,0.1081333884405386,0.4202985438926031,0.5582181926989827,0.41414141414141414,0.58,0.0,0.17821074641738674,0.21591157118203433,0.10798196182103102,0.0,0.0,0.0,0.0,0.0,0.0,1.0,0.0,0.0,0.0,0.0,0.0,0.0,0.0,0.0,0.0,0.0,1.0,0.0,0.0,0.0,0.0,0.0,0.0,1.0,0.0,0.0,0.0,False
0.8500000000000085,0.3205128205128205,0.5454545454545454,0.015053878804540973,0.41978287092882993,0.18064286905512894,0.13482978907999363,0.06134051466187912,0.6767676767676769,0.32,0.0,0.2500652488862999,0.03367454803902008,0.10376668917399683,0.0,0.0,0.0,0.0,1.0,0.0,0.0,0.0,0.0,0.0,0.0,0.0,0.0,0.0,0.0,0.0,0.0,0.0,1.0,0.0,0.0,0.0,0.0,0.0,0.0,1.0,0.0,0.0,False
0.15000000000000568,0.28846153846153844,0.6666666666666667,0.023540079229372533,0.5150784077201448,0.1298862326249157,0.024082637086874362,0.07759399311789349,0.23232323232323232,0.76,0.0,0.18816118609751808,0.043761291408520246,0.10376668917399683,0.0,0.0,0.0,0.0,1.0,0.0,0.0,0.0,0.0,0.0,0.0,0.0,0.0,0.0,0.0,0.0,0.0,0.0,1.0,0.0,0.0,0.0,0.0,0.0,0.0,1.0,0.0,0.0,False
0.10000000000000853,0.23076923076923073,0.5454545454545454,0.04337424441896349,0.47165259348612787,0.21689760936242414,0.1334452456467503,0.21353027378815082,0.37373737373737376,0.62,0.0,0.3428452938522874,0.08741313285950573,0.26379079688020746,1.0,0.0,0.0,0.0,0.0,0.0,0.0,0.0,0.0,0.0,0.0,0.0,0.0,0.0,0.0,0.0,0.0,0.0,1.0,0.0,0.0,0.0,0.0,0.0,1.0,0.0,0.0,0.0,False
0.9500000000000028,0.3076923076923077,0.6212121212121213,0.05818374449309667,0.5355850422195416,0.3837632275420011,0.16473895150414922,0.0,1.0,0.0,0.0,0.540861685952067,0.10442645346118358,0.26379079688020746,1.0,0.0,0.0,0.0,0.0,0.0,0.0,0.0,0.0,0.0,0.0,0.0,0.0,0.0,0.0,0.0,0.0,0.0,1.0,0.0,0.0,0.0,0.0,0.0,0.0,1.0,0.0,0.0,False
0.6500000000000057,0.16666666666666663,0.5606060606060606,0.03759632657044999,0.47406513872135103,0.2350249795160717,0.16829748653104884,0.18479046229802515,0.46464646464646464,0.53,0.0,0.41333180987037826,0.07541273392260356,0.10376668917399683,0.0,0.0,0.0,0.0,1.0,0.0,0.0,0.0,0.0,0.0,0.0,0.0,0.0,0.0,0.0,0.0,0.0,0.0,1.0,0.0,0.0,0.0,0.0,0.0,0.0,1.0,0.0,0.0,False
0.45000000000000284,0.46153846153846145,0.7121212121212122,0.1281073537881311,0.6417370325693607,0.6882092333572614,0.341095184876983,0.3703404248952723,0.46464646464646464,0.53,0.07692307692307693,0.7973492154033379,0.19458806597676281,0.10798196182103102,0.0,0.0,0.0,0.0,0.0,0.0,1.0,0.0,0.0,0.0,0.0,0.0,0.0,0.0,0.0,0.0,0.0,0.0,1.0,0.0,0.0,0.0,0.0,0.0,1.0,0.0,0.0,0.0,False
0.0,0.3141025641025641,0.5909090909090908,0.09922148983108811,0.5428226779252112,0.6519544930499662,0.5665983853209223,0.8752551989826451,0.38383838383838387,0.62,0.07692307692307693,0.9106341814441984,0.1759297246859152,0.26379079688020746,1.0,0.0,0.0,0.0,0.0,0.0,0.0,0.0,0.0,0.0,0.0,0.0,0.0,0.0,0.0,0.0,0.0,0.0,1.0,0.0,0.0,0.0,0.0,0.0,0.0,1.0,0.0,0.0,False
0.6000000000000085,0.3141025641025641,0.6666666666666667,0.06614095437344795,0.5729794933655007,0.15526455084002233,0.12851016575814933,0.4230925643327349,0.22222222222222224,0.77,0.0,0.2168575433893255,0.1115649635819411,0.10376668917399683,0.0,0.0,0.0,0.0,1.0,0.0,0.0,0.0,0.0,0.0,0.0,0.0,0.0,0.0,0.0,0.0,0.0,0.0,1.0,0.0,0.0,0.0,0.0,0.0,0.0,1.0,0.0,0.0,False
0.6500000000000057,0.14743589743589736,0.24242424242424238,0.054520298708294494,0.2834740651387214,0.14438812874783377,0.24732553576982122,0.34682044434470377,0.40404040404040403,0.59,0.0,0.26290518648548156,0.1722523121071504,0.10376668917399683,0.0,0.0,0.0,0.0,1.0,0.0,0.0,0.0,0.0,0.0,0.0,0.0,0.0,0.0,0.0,0.0,0.0,0.0,1.0,0.0,0.0,0.0,0.0,0.0,1.0,0.0,0.0,0.0,False
0.8000000000000114,0.21153846153846156,0.8333333333333335,0.2063636817443873,0.7587454764776841,0.4344260512061952,0.9685474775442817,0.888689407540395,0.5050505050505052,0.49,0.07692307692307693,0.7080716593843815,0.2680229958421917,0.1082061137053058,0.0,0.0,0.0,1.0,0.0,0.0,0.0,0.0,0.0,0.0,0.0,0.0,0.0,0.0,0.0,0.0,0.0,0.0,1.0,0.0,0.0,0.0,0.0,0.0,1.0,0.0,0.0,0.0,False
0.0,0.1858974358974359,0.3636363636363636,0.015334020275984052,0.3148371531966224,0.5504412201895397,0.2007449630817095,0.0682899461400359,0.7373737373737375,0.26,0.0,0.9361746733560884,0.04423136082021733,0.39926384018223143,0.0,0.0,1.0,0.0,0.0,0.0,0.0,0.0,0.0,0.0,0.0,0.0,0.0,0.0,0.0,0.0,0.0,0.0,1.0,0.0,0.0,0.0,0.0,1.0,0.0,0.0,0.0,0.0,False
0.8000000000000114,0.3076923076923077,0.8333333333333335,0.23272752740133767,0.7671893848009651,0.010245589610841618,0.21507660515635976,0.2791567848593657,0.42424242424242425,0.57,0.6153846153846154,0.014431887898467942,0.2991394875363609,0.10798196182103102,0.0,0.0,0.0,0.0,0.0,0.0,1.0,0.0,0.0,0.0,0.0,0.0,0.0,0.0,0.0,0.0,0.0,0.0,1.0,0.0,0.0,0.0,0.0,0.0,0.0,1.0,0.0,0.0,True
0.9500000000000028,0.3076923076923077,0.6818181818181819,0.04089096908832577,0.5560916767189386,0.21689760936242414,0.16473895150414922,0.0,1.0,0.0,0.0,0.30568394664393445,0.07088504605753737,0.26379079688020746,1.0,0.0,0.0,0.0,0.0,0.0,0.0,0.0,0.0,0.0,0.0,0.0,0.0,0.0,0.0,0.0,0.0,0.0,1.0,0.0,0.0,0.0,0.0,0.0,0.0,1.0,0.0,0.0,False
0.3500000000000085,0.17307692307692302,0.8181818181818181,0.08731771246607196,0.6924004825090471,0.14438812874783377,0.06568852455636645,0.2858242444643926,0.1717171717171717,0.82,0.0,0.25118063740501667,0.12354129964279696,0.10376668917399683,0.0,0.0,0.0,0.0,1.0,0.0,0.0,0.0,0.0,0.0,0.0,0.0,0.0,0.0,0.0,0.0,0.0,0.0,1.0,0.0,0.0,0.0,0.0,0.0,0.0,1.0,0.0,0.0,False
0.15000000000000568,0.25,0.6666666666666667,0.12235774810960386,0.6067551266586249,0.2096466613009651,0.4360049637026838,0.3122100987432675,0.5757575757575758,0.43,0.0,0.32161414180751513,0.19578123675300121,0.26379079688020746,1.0,0.0,0.0,0.0,0.0,0.0,0.0,0.0,0.0,0.0,0.0,0.0,0.0,0.0,0.0,0.0,0.0,0.0,1.0,0.0,0.0,0.0,0.0,0.0,0.0,1.0,0.0,0.0,False
0.8000000000000114,0.21153846153846156,0.696969696969697,0.09898903201435874,0.6164053075995175,0.14438812874783377,0.29822992541843574,0.3491008303411131,0.4444444444444445,0.55,0.0,0.23542577457814207,0.15608064357770307,0.26379079688020746,1.0,0.0,0.0,0.0,0.0,0.0,0.0,0.0,0.0,0.0,0.0,0.0,0.0,0.0,0.0,0.0,0.0,0.0,1.0,0.0,0.0,0.0,0.0,0.0,1.0,0.0,0.0,0.0,False
0.30000000000001137,0.423076923076923,0.6212121212121213,0.06321586017960347,0.5404101326899879,0.47068079151349035,0.5438857981316484,0.6954541068222622,0.42424242424242425,0.57,0.0,0.5706745998476841,0.11253137665144618,0.10798196182103102,0.0,0.0,0.0,0.0,0.0,0.0,1.0,0.0,0.0,0.0,0.0,0.0,0.0,0.0,0.0,0.0,0.0,0.0,1.0,0.0,0.0,0.0,0.0,0.0,1.0,0.0,0.0,0.0,False
0.05000000000001137,0.15384615384615385,0.4848484848484848,0.04505881853314647,0.4342581423401689,0.4344260512061952,0.7229749155340769,0.8026778650508678,0.46464646464646464,0.54,0.0,0.781413262199143,0.09785152298753748,0.26379079688020746,1.0,0.0,0.0,0.0,0.0,0.0,0.0,0.0,0.0,0.0,0.0,0.0,0.0,0.0,0.0,0.0,0.0,0.0,1.0,0.0,0.0,0.0,0.0,1.0,0.0,0.0,0.0,0.0,False
0.9500000000000028,0.33974358974358976,0.8030303030303032,0.05231120439226064,0.6489746682750303,0.05012580394886631,0.353612244039704,0.3502766906044285,0.48484848484848486,0.51,0.0,0.06755499480213288,0.07860573084930199,0.10798196182103102,0.0,0.0,0.0,0.0,0.0,0.0,1.0,0.0,0.0,0.0,0.0,0.0,0.0,0.0,0.0,0.0,0.0,0.0,1.0,0.0,0.0,0.0,0.0,0.0,1.0,0.0,0.0,0.0,False
0.30000000000001137,0.28846153846153844,0.6515151515151516,0.14672111543989289,0.6067551266586249,0.07187864813324342,0.6210800043322495,0.6331205191502095,0.48484848484848486,0.51,0.0,0.10413525102085333,0.23477342951449215,0.10800812381772883,0.0,0.0,0.0,0.0,0.0,1.0,0.0,0.0,0.0,0.0,1.0,0.0,0.0,0.0,0.0,0.0,0.0,0.0,0.0,0.0,0.0,0.0,0.0,0.0,0.0,1.0,0.0,0.0,False
0.6000000000000085,0.23717948717948711,0.6666666666666667,0.03209109962233055,0.5319662243667068,0.21689760936242414,0.49162472829077236,0.3796008378216637,0.5555555555555557,0.44,0.0,0.33940786923551475,0.057935527923077955,0.10376668917399683,0.0,0.0,0.0,0.0,1.0,0.0,0.0,0.0,0.0,0.0,0.0,0.0,0.0,0.0,0.0,0.0,0.0,0.0,1.0,0.0,0.0,0.0,0.0,0.0,1.0,0.0,0.0,0.0,False
0.0,0.19871794871794868,0.7121212121212122,0.0462240878452129,0.5826296743063933,0.5431902721280807,0.17553710834184513,0.10473674446439259,0.6161616161616162,0.38,0.0,0.904169420101864,0.07676286442796584,0.39926384018223143,0.0,0.0,1.0,0.0,0.0,0.0,0.0,0.0,0.0,0.0,0.0,0.0,0.0,0.0,0.0,0.0,0.0,0.0,1.0,0.0,0.0,0.0,0.0,1.0,0.0,0.0,0.0,0.0,False
0.6500000000000057,0.4358974358974359,0.8484848484848486,0.10238500229850117,0.7237635705669483,0.13713718068637473,0.16573308404038667,0.41216214093357273,0.27272727272727276,0.72,0.07692307692307693,0.16362689589383544,0.13897987572283982,0.10798196182103102,0.0,0.0,0.0,0.0,0.0,0.0,1.0,0.0,0.0,0.0,0.0,0.0,0.0,0.0,0.0,0.0,0.0,0.0,1.0,0.0,0.0,0.0,0.0,0.0,1.0,0.0,0.0,0.0,False
0.7000000000000028,0.25,0.8030303030303032,0.07821534981548661,0.6743063932448734,0.09363149231762052,0.3412771678806695,0.08003831538001198,0.8080808080808083,0.2,0.0,0.1436768675275191,0.11343038339343225,0.10376668917399683,0.0,0.0,0.0,0.0,1.0,0.0,0.0,0.0,0.0,0.0,0.0,0.0,0.0,0.0,0.0,0.0,0.0,0.0,1.0,0.0,0.0,0.0,0.0,0.0,1.0,0.0,0.0,0.0,False
0.9000000000000057,0.34615384615384615,0.7424242424242424,0.11319205560510186,0.6562123039806996,0.14438812874783377,0.41421665330807045,0.3298625897666068,0.5454545454545456,0.45,0.0,0.19300883619809492,0.16839341863466342,0.10376668917399683,0.0,0.0,0.0,0.0,1.0,0.0,0.0,0.0,0.0,0.0,1.0,0.0,0.0,0.0,0.0,0.0,0.0,0.0,0.0,0.0,0.0,0.0,0.0,0.0,0.0,1.0,0.0,0.0,False
0.9500000000000028,0.15384615384615385,0.4848484848484848,0.005283944987963602,0.3377563329312425,0.3256618302843097,0.15536098289671338,0.09201077199281868,0.6161616161616162,0.38,0.0,0.5858356546931127,0.014308598241481268,0.39926384018223143,0.0,0.0,1.0,0.0,0.0,0.0,0.0,0.0,0.0,0.0,0.0,0.0,0.0,0.0,0.0,0.0,1.0,0.0,0.0,0.0,0.0,0.0,0.0,1.0,0.0,0.0,0.0,0.0,False
0.6500000000000057,0.33333333333333326,0.7121212121212122,0.08359540716998255,0.6164053075995175,0.20239571323950606,0.5521806500944428,0.19632719928186715,0.7272727272727273,0.27,0.0,0.2752924274704944,0.13180171675079888,0.10798196182103102,0.0,0.0,0.0,0.0,0.0,0.0,1.0,0.0,0.0,0.0,0.0,0.0,0.0,0.0,0.0,0.0,0.0,0.0,1.0,0.0,0.0,0.0,0.0,0.0,1.0,0.0,0.0,0.0,False
0.05000000000001137,0.2628205128205128,0.8636363636363638,0.27684012341125885,0.8009650180940894,0.12263528456345667,0.747289735961728,0.8484765858767206,0.4545454545454546,0.54,0.0,0.1845254485220855,0.3416939336441437,0.10587733590506189,0.0,0.0,0.0,0.0,0.0,0.0,0.0,1.0,0.0,0.0,0.0,0.0,0.0,0.0,0.0,0.0,1.0,0.0,0.0,0.0,0.0,0.0,0.0,0.0,1.0,0.0,0.0,0.0,False
0.45000000000000284,0.1794871794871794,0.6212121212121213,0.041895306065733405,0.5186972255729796,0.4344260512061952,0.3262127884479049,0.47466368940754045,0.393939393939394,0.6,0.0,0.7470259905497311,0.07742086379496343,0.39926384018223143,0.0,0.0,1.0,0.0,0.0,0.0,0.0,0.0,0.0,0.0,0.0,0.0,0.0,0.0,0.0,0.0,1.0,0.0,0.0,0.0,0.0,0.0,0.0,1.0,0.0,0.0,0.0,0.0,False
0.30000000000001137,0.3012820512820512,0.6515151515151516,0.051686101481248026,0.5488540410132691,0.1262607585941862,0.14788125667913665,0.008994711250748055,0.9393939393939394,0.06,0.0,0.17956762455558647,0.09069722130740666,0.10376668917399683,0.0,0.0,0.0,0.0,1.0,0.0,0.0,0.0,0.0,0.0,0.0,0.0,0.0,0.0,0.0,0.0,0.0,0.0,1.0,0.0,0.0,0.0,0.0,0.0,0.0,1.0,0.0,0.0,False
0.5,0.41666666666666663,0.8030303030303032,0.12359901324637027,0.704463208685163,0.3256618302843097,0.11964106751229964,0.3350530969479354,0.25252525252525254,0.74,0.0,0.39789779748028686,0.17208939892058206,0.10800812381772883,0.0,0.0,0.0,0.0,0.0,1.0,0.0,0.0,0.0,0.0,0.0,1.0,0.0,0.0,0.0,0.0,0.0,0.0,0.0,0.0,0.0,0.0,0.0,0.0,1.0,0.0,0.0,0.0,False
0.15000000000000568,0.14102564102564097,0.22727272727272724,0.030178538034047617,0.255729794933655,0.21689760936242414,0.2028426117202418,0.0971802064631957,0.6666666666666669,0.33,0.0,0.3994616993050134,0.10403418014467682,0.10376668917399683,0.0,0.0,0.0,0.0,1.0,0.0,0.0,0.0,0.0,0.0,0.0,0.0,0.0,0.0,0.0,0.0,0.0,0.0,1.0,0.0,0.0,0.0,0.0,0.0,1.0,0.0,0.0,0.0,False
0.6000000000000085,0.26923076923076916,0.6818181818181819,0.06901389456994932,0.5850422195416165,0.30390898609993255,0.35021050271657683,0.20803301915020947,0.6161616161616162,0.38,0.0,0.4528428815890122,0.11419456502305322,0.26379079688020746,1.0,0.0,0.0,0.0,0.0,0.0,0.0,0.0,0.0,0.0,0.0,0.0,0.0,0.0,0.0,0.0,0.0,0.0,1.0,0.0,0.0,0.0,0.0,1.0,0.0,0.0,0.0,0.0,False
0.6500000000000057,0.3589743589743589,0.696969696969697,0.20856979583200155,0.6598311218335344,0.5069355318207855,0.7659139525144338,0.5336965963494914,0.5757575757575758,0.42,0.0,0.6663676107250075,0.3087372470045214,0.26379079688020746,1.0,0.0,0.0,0.0,0.0,0.0,0.0,0.0,0.0,0.0,0.0,0.0,0.0,0.0,0.0,0.0,0.0,0.0,1.0,0.0,0.0,0.0,0.0,0.0,0.0,1.0,0.0,0.0,False
0.10000000000000853,0.3589743589743589,0.6818181818181819,0.06087712592731669,0.577804583835947,0.30390898609993255,0.27623962009017333,0.1452062312986236,0.6464646464646466,0.35,0.0,0.3994616993050134,0.10189069396393634,0.10798196182103102,0.0,0.0,0.0,0.0,0.0,0.0,1.0,0.0,0.0,0.0,0.0,0.0,0.0,0.0,0.0,0.0,0.0,0.0,1.0,0.0,0.0,0.0,0.0,0.0,1.0,0.0,0.0,0.0,False
0.8000000000000114,0.33974358974358976,0.8484848484848486,0.21172287749994598,0.7720144752714114,0.16251549890148137,0.08183237787347715,0.14698159784560144,0.3434343434343434,0.65,0.07692307692307693,0.2191276406193062,0.2705355660057786,0.10798196182103102,0.0,0.0,0.0,0.0,0.0,0.0,1.0,0.0,0.0,0.0,0.0,0.0,0.0,0.0,0.0,0.0,0.0,0.0,1.0,0.0,0.0,0.0,0.0,0.0,0.0,1.0,0.0,0.0,False
0.25,0.35256410256410253,0.6060606060606062,0.09155187199322892,0.5500603136308806,0.5794450124353758,0.2930575235718756,0.5041891083183723,0.35353535353535354,0.64,0.0,0.7681537633851747,0.1603630022289231,0.26379079688020746,1.0,0.0,0.0,0.0,0.0,0.0,0.0,0.0,0.0,0.0,0.0,0.0,0.0,0.0,0.0,0.0,0.0,0.0,1.0,0.0,0.0,0.0,0.0,0.0,1.0,0.0,0.0,0.0,False
0.6500000000000057,0.3589743589743589,0.6666666666666667,0.1542752494264923,0.6200241254523523,0.41992415508327713,0.3454241172030068,0.3652010771992819,0.47474747474747475,0.52,0.0,0.5519793629735815,0.24196076289773497,0.10376668917399683,0.0,0.0,0.0,0.0,1.0,0.0,0.0,0.0,0.0,0.0,0.0,0.0,0.0,0.0,0.0,0.0,0.0,0.0,1.0,0.0,0.0,0.0,0.0,0.0,1.0,0.0,0.0,0.0,False
0.05000000000001137,0.4294871794871794,0.6818181818181819,0.011404589104731931,0.4837153196622437,0.11538433650199763,0.2218941473072429,0.00484064183123878,0.9797979797979799,0.02,0.0,0.1387151550716346,0.022429988223305747,0.10800812381772883,0.0,0.0,0.0,0.0,0.0,1.0,0.0,0.0,0.0,0.0,0.0,0.0,0.0,0.0,0.0,0.0,0.0,0.0,1.0,0.0,0.0,0.0,0.0,0.0,0.0,1.0,0.0,0.0,False
0.7000000000000028,0.19871794871794868,0.6363636363636362,0.07790615111695236,0.5621230398069964,0.05737675201032534,0.20123429429711615,0.14640326152004787,0.5656565656565656,0.43,0.0,0.0956432682205521,0.13375662365378907,0.10376668917399683,0.0,0.0,0.0,0.0,1.0,0.0,0.0,0.0,0.0,0.0,0.0,0.0,0.0,0.0,0.0,0.0,0.0,0.0,1.0,0.0,0.0,0.0,0.0,0.0,0.0,1.0,0.0,0.0,False
0.4000000000000057,0.21794871794871795,0.5454545454545454,0.06358540850363477,0.48974668275030164,0.18064286905512894,0.3730519351125494,0.1660854802513465,0.6868686868686869,0.32,0.0,0.29146111143661374,0.12385338996271487,0.10376668917399683,0.0,0.0,0.0,0.0,1.0,0.0,0.0,0.0,0.0,0.0,0.0,0.0,0.0,0.0,0.0,0.0,0.0,0.0,1.0,0.0,0.0,0.0,0.0,0.0,1.0,0.0,0.0,0.0,False
0.5,0.20512820512820507,0.7727272727272727,0.12137650790244818,0.6815440289505429,0.013781514433012116,0.007278142063280203,0.13760937312986238,0.04040404040404041,0.95,0.0,0.022836421891278047,0.1743029878587577,0.10798196182103102,0.0,0.0,0.0,0.0,0.0,0.0,1.0,0.0,0.0,0.0,0.0,0.0,0.0,0.0,0.0,0.0,1.0,0.0,0.0,0.0,0.0,0.0,0.0,0.0,0.0,1.0,0.0,0.0,False
0.75,0.1923076923076923,0.8181818181818181,0.12503920863014545,0.7153196622436672,0.07695431177626474,0.3667564392647459,0.3591626944943148,0.494949494949495,0.5,0.0,0.12961408294732588,0.17161913710789273,0.10587733590506189,0.0,0.0,0.0,0.0,0.0,0.0,0.0,1.0,0.0,0.0,0.0,0.0,0.0,0.0,0.0,0.0,0.0,0.0,1.0,0.0,0.0,0.0,0.0,0.0,1.0,0.0,0.0,0.0,False
0.5500000000000114,0.15384615384615385,0.5757575757575757,0.090223435175189,0.5283474065138722,0.4344260512061952,0.22501334219087293,0.36783741023339317,0.36363636363636365,0.63,0.0,0.781413262199143,0.16398849897108453,0.26379079688020746,1.0,0.0,0.0,0.0,0.0,0.0,0.0,0.0,0.0,0.0,0.0,0.0,0.0,0.0,0.0,0.0,0.0,0.0,1.0,0.0,0.0,0.0,0.0,0.0,1.0,0.0,0.0,0.0,False
0.0,0.1794871794871794,0.46969696969696967,0.011400863819207421,0.36308805790108567,0.06462770007178438,0.1547313821582778,0.032547172351885104,0.8181818181818182,0.18,0.0,0.11129130593122863,0.029013253756236087,0.10376668917399683,0.0,0.0,0.0,0.0,1.0,0.0,0.0,0.0,0.0,0.0,0.0,0.0,0.0,0.0,0.0,0.0,0.0,0.0,1.0,0.0,0.0,0.0,0.0,0.0,1.0,0.0,0.0,0.0,False
0.20000000000000284,0.1923076923076923,0.3636363636363636,0.009243923500516695,0.29553679131483723,0.3256618302843097,0.37211359881326,0.003254039497307002,0.98989898989899,0.01,0.0,0.5479819242080746,0.028147106877739577,0.10376668917399683,0.0,0.0,0.0,0.0,1.0,0.0,0.0,0.0,0.0,0.0,0.0,0.0,0.0,0.0,0.0,0.0,0.0,0.0,1.0,0.0,0.0,0.0,0.0,1.0,0.0,0.0,0.0,0.0,False
0.15000000000000568,0.5833333333333333,0.8030303030303032,0.11227191008054813,0.6972255729794934,0.5794450124353758,0.7404213656788953,0.5788225613405147,0.5454545454545456,0.45,0.5384615384615385,0.5883756236217624,0.1578323210044298,0.2859195739287712,0.0,1.0,0.0,0.0,0.0,0.0,0.0,0.0,0.0,0.0,0.0,0.0,0.0,0.0,0.0,0.0,0.0,0.0,1.0,0.0,0.0,0.0,0.0,0.0,0.0,1.0,0.0,0.0,True
0.0,0.28205128205128205,0.6818181818181819,0.07773404292572005,0.5922798552472859,0.25315234966971933,0.4745583808063797,0.32033052064631956,0.5858585858585859,0.41,0.07692307692307693,0.37015193800421964,0.127175149052504,0.10800812381772883,0.0,0.0,0.0,0.0,0.0,1.0,0.0,0.0,0.0,0.0,0.0,0.0,0.0,0.0,0.0,0.0,0.0,0.0,1.0,0.0,0.0,0.0,0.0,0.0,0.0,1.0,0.0,0.0,False
0.7000000000000028,0.1923076923076923,0.6515151515151516,0.07292022897094948,0.5681544028950544,0.03562390782594824,0.16443578859149172,0.15392960053859964,0.5050505050505052,0.49,0.0,0.06008939795647259,0.1239679580851699,0.10587733590506189,0.0,0.0,0.0,0.0,0.0,0.0,0.0,1.0,0.0,0.0,0.0,0.0,0.0,0.0,0.0,0.0,0.0,0.0,1.0,0.0,0.0,0.0,0.0,0.0,0.0,1.0,0.0,0.0,False
0.9500000000000028,0.15384615384615385,0.6363636363636362,0.0643438766364248,0.5512665862484922,0.12263528456345667,0.30156705812492185,0.39293764213046084,0.42424242424242425,0.57,0.0,0.22075745401518979,0.1124650775355855,0.26379079688020746,1.0,0.0,0.0,0.0,0.0,0.0,0.0,0.0,0.0,0.0,0.0,0.0,0.0,0.0,0.0,0.0,0.0,0.0,1.0,0.0,0.0,0.0,0.0,0.0,0.0,1.0,0.0,0.0,False
0.9000000000000057,0.4935897435897435,0.7121212121212122,0.141113070611297,0.6477683956574186,0.4996845837593265,0.3624888293205435,0.7831996484141234,0.30303030303030304,0.69,0.0,0.558175393060117,0.21248980675778545,0.26379079688020746,1.0,0.0,0.0,0.0,0.0,0.0,0.0,0.0,0.0,0.0,0.0,0.0,0.0,0.0,0.0,0.0,0.0,0.0,1.0,0.0,0.0,0.0,0.0,0.0,0.0,1.0,0.0,0.0,False
0.05000000000001137,0.2435897435897436,0.6363636363636362,0.09741621646591103,0.5741857659831122,0.5794450124353758,0.2963842705362433,0.44906342010771994,0.38383838383838387,0.61,0.0,0.8975979795294577,0.16402205775345224,0.10376668917399683,0.0,0.0,0.0,0.0,1.0,0.0,0.0,0.0,0.0,0.0,0.0,0.0,0.0,0.0,0.0,0.0,0.0,0.0,1.0,0.0,0.0,0.0,0.0,0.0,1.0,0.0,0.0,0.0,False
0.3500000000000085,0.22435897435897434,0.6818181818181819,0.15285219035612985,0.6308805790108565,0.2313995054853422,0.2719519904654547,0.31780659784560145,0.4444444444444445,0.55,0.0,0.36950287251297326,0.23589539525468042,0.10800812381772883,0.0,0.0,0.0,0.0,0.0,1.0,0.0,0.0,0.0,0.0,0.0,0.0,0.0,0.0,0.0,0.0,0.0,0.0,1.0,0.0,0.0,0.0,0.0,0.0,0.0,1.0,0.0,0.0,False
0.8500000000000085,0.16666666666666663,0.6515151515151516,0.021941931739358163,0.5018094089264173,0.2749051938540964,0.572114144452249,0.38529833183722323,0.5858585858585859,0.41,0.0,0.48343209840343854,0.04177243942640466,0.39926384018223143,0.0,0.0,1.0,0.0,0.0,0.0,0.0,0.0,0.0,0.0,0.0,0.0,0.0,0.0,0.0,0.0,0.0,0.0,1.0,0.0,0.0,0.0,0.0,1.0,0.0,0.0,0.0,0.0,False
0.75,0.32692307692307687,0.8030303030303032,0.13923254647852484,0.7117008443908324,0.17339192099366993,0.22226562360126725,0.7854578096947936,0.21212121212121213,0.79,0.0,0.2379133844981749,0.192015333654297,0.26379079688020746,1.0,0.0,0.0,0.0,0.0,0.0,0.0,0.0,0.0,0.0,0.0,0.0,0.0,0.0,0.0,0.0,1.0,0.0,0.0,0.0,0.0,0.0,0.0,0.0,1.0,0.0,0.0,0.0,False
0.5500000000000114,0.14743589743589736,0.5454545454545454,0.05836702854090251,0.48612786489746684,0.12263528456345667,0.21515906329844753,0.11472704967085579,0.6464646464646466,0.36,0.0,0.22333483333891269,0.11445548970930129,0.10798196182103102,0.0,0.0,0.0,0.0,0.0,0.0,1.0,0.0,0.0,0.0,0.0,0.0,0.0,0.0,0.0,0.0,0.0,0.0,1.0,0.0,0.0,0.0,0.0,0.0,1.0,0.0,0.0,0.0,False
0.15000000000000568,0.2948717948717948,0.8484848484848486,0.04367599254644872,0.6670687575392039,0.21689760936242414,0.32525853251106984,0.04621542489527229,0.8686868686868687,0.13,0.0,0.3113092881938227,0.06396119878572017,0.10376668917399683,0.0,0.0,0.0,0.0,1.0,0.0,0.0,0.0,0.0,0.0,0.0,0.0,0.0,0.0,0.0,0.0,0.0,0.0,1.0,0.0,0.0,0.0,0.0,1.0,0.0,0.0,0.0,0.0,False
0.0,0.34615384615384615,0.5757575757575757,0.022517860881447256,0.457177322074789,0.2894070899770145,0.233318827913508,0.07624046977857571,0.7474747474747475,0.25,0.0,0.3869148402211675,0.04666022834939685,0.26379079688020746,1.0,0.0,0.0,0.0,0.0,0.0,0.0,0.0,0.0,0.0,0.0,0.0,0.0,0.0,0.0,0.0,0.0,0.0,1.0,0.0,0.0,0.0,0.0,0.0,0.0,1.0,0.0,0.0,False
0.6000000000000085,0.16025641025641024,0.7272727272727273,0.03677080329821879,0.5790108564535585,0.3981713108989,0.23984887877155708,0.6882324581089169,0.24242424242424243,0.75,0.07692307692307693,0.7080716593843815,0.06140738913507995,0.39926384018223143,0.0,0.0,1.0,0.0,0.0,0.0,0.0,0.0,0.0,0.0,0.0,0.0,0.0,0.0,0.0,0.0,0.0,1.0,0.0,0.0,0.0,0.0,0.0,1.0,0.0,0.0,0.0,0.0,False
0.6000000000000085,0.26923076923076916,0.7121212121212122,0.035332843085758306,0.5669481302774427,0.2894070899770145,0.40108945504755517,0.03110238629563136,0.9292929292929295,0.07,0.0,0.4312362125692984,0.06016217460576006,0.10376668917399683,0.0,0.0,0.0,0.0,1.0,0.0,0.0,0.0,0.0,0.0,0.0,0.0,0.0,0.0,0.0,0.0,0.0,0.0,1.0,0.0,0.0,0.0,0.0,1.0,0.0,0.0,0.0,0.0,False
0.15000000000000568,0.23717948717948711,0.6666666666666667,0.07361909253534737,0.5790108564535585,0.4344260512061952,0.27299413768260516,0.6393896992818672,0.2828282828282828,0.71,0.0,0.6797129062960072,0.1229894368376713,0.10376668917399683,0.0,0.0,0.0,0.0,1.0,0.0,0.0,0.0,0.0,0.0,0.0,0.0,0.0,0.0,0.0,0.0,0.0,0.0,1.0,0.0,0.0,0.0,0.0,0.0,1.0,0.0,0.0,0.0,False
0.25,0.2628205128205128,0.696969696969697,0.08738998300524745,0.6091676718938481,0.2894070899770145,0.37049677903259415,0.3446753141831239,0.5050505050505052,0.49,0.0,0.4353913412269357,0.13930402589332233,0.10798196182103102,0.0,0.0,0.0,0.0,0.0,0.0,1.0,0.0,0.0,0.0,0.0,0.0,0.0,0.0,0.0,0.0,0.0,0.0,1.0,0.0,0.0,0.0,0.0,0.0,1.0,0.0,0.0,0.0,False
0.15000000000000568,0.33974358974358976,0.6818181818181819,0.1829152445389177,0.6405307599517491,0.3619165705916048,0.8192976978266471,0.5362732944344704,0.595959595959596,0.4,0.0,0.48804685094009764,0.27834452414615946,0.10376668917399683,0.0,0.0,0.0,0.0,1.0,0.0,0.0,0.0,0.0,0.0,0.0,0.0,0.0,0.0,0.0,0.0,0.0,0.0,1.0,0.0,0.0,0.0,0.0,0.0,1.0,0.0,0.0,0.0,False
0.75,0.3717948717948718,0.8636363636363638,0.325361222310884,0.8118214716525936,0.21689760936242414,0.3626034445104292,0.284134881807301,0.5454545454545456,0.45,0.23076923076923078,0.280346664456421,0.3965202035022443,0.26379079688020746,1.0,0.0,0.0,0.0,0.0,0.0,0.0,0.0,0.0,0.0,0.0,0.0,0.0,0.0,0.0,0.0,0.0,0.0,1.0,0.0,0.0,0.0,0.0,0.0,0.0,1.0,0.0,0.0,False
0.45000000000000284,0.3012820512820512,0.696969696969697,0.07076775899488817,0.5971049457177322,0.1081333884405386,0.25303326061815407,0.09378245062836625,0.7171717171717172,0.28,0.0,0.1537869399297916,0.11490806473060296,0.10587733590506189,0.0,0.0,0.0,0.0,0.0,0.0,0.0,1.0,0.0,0.0,0.0,0.0,0.0,0.0,0.0,0.0,0.0,0.0,1.0,0.0,0.0,0.0,0.0,0.0,0.0,1.0,0.0,0.0,False
0.30000000000001137,0.3012820512820512,0.8484848484848486,0.09126949535047114,0.7153196622436672,0.019671822090738363,0.42242291644070573,0.4889855550568522,0.4545454545454546,0.55,0.0,0.027977198955912604,0.1252569460647022,0.26379079688020746,1.0,0.0,0.0,0.0,0.0,0.0,0.0,0.0,0.0,0.0,0.0,0.0,0.0,0.0,0.0,0.0,0.0,0.0,1.0,0.0,0.0,0.0,0.0,0.0,0.0,1.0,0.0,0.0,False
0.8000000000000114,0.16666666666666663,0.46969696969696967,0.03506685769930836,0.4137515078407721,0.07187864813324342,0.16021918504197677,0.18249620736086178,0.4545454545454546,0.54,0.0,0.12655790223513183,0.07952496945421121,0.10587733590506189,0.0,0.0,0.0,0.0,0.0,0.0,0.0,1.0,0.0,0.0,1.0,0.0,0.0,0.0,0.0,0.0,0.0,0.0,0.0,0.0,0.0,0.0,0.0,0.0,0.0,1.0,0.0,0.0,False
0.7000000000000028,0.26923076923076916,0.5454545454545454,0.08401263914872756,0.5042219541616406,0.5794450124353758,0.17915136210015456,0.7077489751645721,0.19191919191919193,0.8,0.0,0.8633695929635745,0.15936700803334464,0.26379079688020746,1.0,0.0,0.0,0.0,0.0,0.0,0.0,0.0,0.0,0.0,1.0,0.0,0.0,0.0,0.0,0.0,0.0,0.0,0.0,0.0,0.0,0.0,0.0,0.0,1.0,0.0,0.0,0.0,False
0.15000000000000568,0.22435897435897434,0.5909090909090908,0.08545581476092236,0.5355850422195416,0.2894070899770145,0.4618515105806143,0.6126327348892879,0.41414141414141414,0.58,0.0,0.46210288259746096,0.15339450496628484,0.10587733590506189,0.0,0.0,0.0,0.0,0.0,0.0,0.0,1.0,0.0,0.0,0.0,0.0,0.0,0.0,0.0,0.0,0.0,0.0,1.0,0.0,0.0,0.0,0.0,0.0,0.0,1.0,0.0,0.0,False
0.7000000000000028,0.45512820512820507,0.8484848484848486,0.37205916647481446,0.8094089264173705,0.5794450124353758,0.6643217546931425,0.9425493716337523,0.40404040404040403,0.6,0.0,0.676326786524261,0.4547137046447107,0.26379079688020746,1.0,0.0,0.0,0.0,0.0,0.0,0.0,0.0,0.0,0.0,0.0,0.0,0.0,0.0,0.0,0.0,0.0,0.0,1.0,0.0,0.0,0.0,0.0,0.0,0.0,1.0,0.0,0.0,False
0.7000000000000028,0.19871794871794868,0.4848484848484848,0.08495439132932343,0.46320868516284686,0.2894070899770145,0.29791871743091336,0.6547429383602633,0.30303030303030304,0.69,0.0,0.48180501240267115,0.1740807658706011,0.10376668917399683,0.0,0.0,0.0,0.0,1.0,0.0,0.0,0.0,0.0,0.0,0.0,0.0,0.0,0.0,0.0,0.0,0.0,0.0,1.0,0.0,0.0,0.0,0.0,0.0,0.0,1.0,0.0,0.0,False
0.8500000000000085,0.3076923076923077,0.6515151515151516,0.06290964170948883,0.5597104945717732,0.4561788953905723,0.2801405048298429,0.23178122381807303,0.5353535353535355,0.46,0.0,0.6429231725597377,0.10842931918644827,0.26379079688020746,1.0,0.0,0.0,0.0,0.0,0.0,0.0,0.0,0.0,0.0,0.0,0.0,0.0,0.0,0.0,0.0,0.0,0.0,1.0,0.0,0.0,0.0,0.0,0.0,0.0,1.0,0.0,0.0,False
0.75,0.2435897435897436,0.46969696969696967,0.0,0.00723763570566948,0.18064286905512894,0.3328264290288995,0.06993285457809695,0.8181818181818182,0.18,0.0,0.27988256572328335,1.8990019851289753e-05,0.10376668917399683,0.0,0.0,0.0,0.0,1.0,0.0,0.0,0.0,0.0,0.0,0.0,0.0,0.0,0.0,0.0,0.0,0.0,0.0,1.0,0.0,0.0,0.0,0.0,0.0,0.0,1.0,0.0,0.0,False
0.45000000000000284,0.6346153846153845,0.8636363636363638,0.4147159209017575,0.8287092882991557,0.9999999999999999,0.8324459388407829,0.5825330191502095,0.5757575757575758,0.42,0.0,0.9654010855566675,0.4956961620963637,0.26379079688020746,1.0,0.0,0.0,0.0,0.0,0.0,0.0,0.0,0.0,0.0,0.0,0.0,0.0,0.0,0.0,0.0,0.0,0.0,1.0,0.0,0.0,0.0,0.0,0.0,0.0,1.0,0.0,0.0,False
0.0,0.28205128205128205,0.5151515151515151,0.010918066815231052,0.3872135102533173,0.17339192099366993,0.0952483540187606,0.0004341337522441652,1.0,0.01,0.0,0.2535365047436148,0.02624078526238073,0.10376668917399683,0.0,0.0,0.0,0.0,1.0,0.0,0.0,0.0,0.0,0.0,0.0,0.0,0.0,0.0,0.0,0.0,0.0,0.0,1.0,0.0,0.0,0.0,0.0,0.0,1.0,0.0,0.0,0.0,False
0.6000000000000085,0.28205128205128205,0.696969696969697,0.014884750841728262,0.5066344993968637,0.2894070899770145,0.15541569405612662,0.03412563584679833,0.8181818181818182,0.19,0.0,0.42315895312267643,0.028076197764678575,0.1082061137053058,0.0,0.0,0.0,1.0,0.0,0.0,0.0,0.0,0.0,0.0,0.0,0.0,0.0,0.0,0.0,0.0,0.0,0.0,1.0,0.0,0.0,0.0,0.0,1.0,0.0,0.0,0.0,0.0,False
0.45000000000000284,0.21153846153846156,0.6818181818181819,0.16536840466137528,0.6344993968636913,0.2749051938540964,0.6883276070433251,0.8706141008378218,0.42424242424242425,0.57,0.0,0.44811642274094976,0.2538622907184137,0.10376668917399683,0.0,0.0,0.0,0.0,1.0,0.0,0.0,0.0,0.0,0.0,0.0,0.0,0.0,0.0,0.0,0.0,0.0,0.0,1.0,0.0,0.0,0.0,0.0,0.0,0.0,1.0,0.0,0.0,False
0.05000000000001137,0.39102564102564097,0.7424242424242424,0.09666594396127491,0.646562123039807,0.49243363569786747,0.5503095966473832,0.31771549222022744,0.6262626262626264,0.37,0.0,0.6211658031458149,0.14579912873028472,0.26379079688020746,1.0,0.0,0.0,0.0,0.0,0.0,0.0,0.0,0.0,0.0,0.0,0.0,1.0,0.0,0.0,0.0,0.0,0.0,0.0,0.0,0.0,0.0,0.0,0.0,0.0,1.0,0.0,0.0,False
0.0,0.17307692307692302,0.42424242424242425,0.0006020061407606586,0.2159227985524729,0.10088244037907956,0.0387816399114707,0.05597284560143627,0.40404040404040403,0.59,0.0,0.1755572958360184,0.0023522833874940505,0.10798196182103102,0.0,0.0,0.0,0.0,0.0,0.0,1.0,0.0,0.0,0.0,0.0,0.0,0.0,0.0,0.0,0.0,0.0,0.0,1.0,0.0,0.0,0.0,0.0,0.0,0.0,1.0,0.0,0.0,False
0.5,0.28846153846153844,0.6666666666666667,0.1127927049968745,0.6031363088057902,0.18064286905512894,0.6193447948419878,0.2615935368043088,0.696969696969697,0.3,0.0,0.2616838792895998,0.1814758367166517,0.10798196182103102,0.0,0.0,0.0,0.0,0.0,0.0,1.0,0.0,0.0,0.0,0.0,0.0,0.0,0.0,0.0,0.0,0.0,0.0,1.0,0.0,0.0,0.0,0.0,0.0,1.0,0.0,0.0,0.0,False
0.20000000000000284,0.3076923076923077,0.6363636363636362,0.02984922279368102,0.5090470446320869,0.1661409729322109,0.09370831122423269,0.0008804383602633154,0.98989898989899,0.01,0.0,0.23414835326785494,0.05610320576425095,0.10376668917399683,0.0,0.0,0.0,0.0,1.0,0.0,0.0,0.0,0.0,0.0,0.0,0.0,0.0,0.0,0.0,0.0,0.0,0.0,1.0,0.0,0.0,0.0,0.0,0.0,1.0,0.0,0.0,0.0,False
0.75,0.23076923076923073,0.6363636363636362,0.08537609365069786,0.5669481302774427,0.22414855742388318,0.4555705237695612,0.36163998354278876,0.5454545454545456,0.45,0.0,0.3543033759081962,0.1454359436543881,0.2859195739287712,0.0,1.0,0.0,0.0,0.0,0.0,0.0,0.0,0.0,0.0,0.0,0.0,0.0,0.0,0.0,0.0,0.0,0.0,1.0,0.0,0.0,0.0,0.0,0.0,0.0,1.0,0.0,0.0,False
0.9500000000000028,0.2948717948717948,0.5454545454545454,0.010543303091465445,0.4028950542822679,0.042874855887407276,0.14648557570005444,0.019301443746259726,0.8787878787878789,0.12,0.0,0.061544123378782414,0.024456073945477358,0.1082061137053058,0.0,0.0,0.0,1.0,0.0,0.0,0.0,0.0,0.0,0.0,0.0,0.0,0.0,0.0,0.0,0.0,0.0,0.0,1.0,0.0,0.0,0.0,0.0,0.0,0.0,1.0,0.0,0.0,False
0.30000000000001137,0.5,0.9090909090909092,0.12255220801398323,0.7780458383594693,0.09363149231762052,0.10580270943550407,0.4108104877318971,0.19191919191919193,0.8,0.3076923076923077,0.10368830455767958,0.15543204204748556,0.26379079688020746,1.0,0.0,0.0,0.0,0.0,0.0,0.0,0.0,0.0,0.0,0.0,0.0,0.0,0.0,0.0,0.0,0.0,0.0,1.0,0.0,0.0,0.0,0.0,0.0,0.0,1.0,0.0,0.0,True
0.20000000000000284,0.3205128205128205,0.5909090909090908,0.13450366903371308,0.5585042219541617,0.47068079151349035,0.40540675379229557,0.5944945317175344,0.393939393939394,0.6,0.0,0.6516051156243442,0.23233906756751319,0.26379079688020746,1.0,0.0,0.0,0.0,0.0,0.0,0.0,0.0,0.0,0.0,0.0,0.0,0.0,0.0,0.0,0.0,0.0,0.0,1.0,0.0,0.0,0.0,0.0,0.0,0.0,1.0,0.0,0.0,False
0.5,0.3717948717948718,0.42424242424242425,0.007389476366416104,0.31966224366706875,0.14438812874783377,0.4649615908129523,0.004324655894673848,0.98989898989899,0.01,0.0,0.18659872036262146,0.021014136470197363,0.10376668917399683,0.0,0.0,0.0,0.0,1.0,0.0,0.0,0.0,0.0,0.0,0.0,0.0,0.0,0.0,0.0,0.0,0.0,0.0,1.0,0.0,0.0,0.0,0.0,0.0,1.0,0.0,0.0,0.0,False
0.4000000000000057,0.14102564102564097,0.7727272727272727,0.30075124107887247,0.7382388419782872,0.18064286905512894,0.6196051436953454,0.6907970302214244,0.4545454545454546,0.54,0.0,0.3327352214500149,0.40082042611094604,0.26379079688020746,1.0,0.0,0.0,0.0,0.0,0.0,0.0,0.0,0.0,0.0,0.0,0.0,0.0,0.0,0.0,0.0,0.0,0.0,1.0,0.0,0.0,0.0,0.0,0.0,1.0,0.0,0.0,0.0,False
0.10000000000000853,0.1923076923076923,0.5303030303030303,0.011789038570861263,0.3992762364294331,0.0863805442561615,0.07824135252496535,0.017335846798324357,0.8181818181818182,0.19,0.0,0.14547059005050295,0.027572290229335314,0.10376668917399683,0.0,0.0,0.0,0.0,1.0,0.0,0.0,0.0,0.0,0.0,0.0,0.0,0.0,0.0,0.0,0.0,0.0,0.0,1.0,0.0,0.0,0.0,0.0,0.0,0.0,1.0,0.0,0.0,False
0.6000000000000085,0.1923076923076923,0.5151515151515151,0.05829103271620253,0.46562123039807,0.47068079151349035,0.346462838675369,0.045956859664871334,0.8787878787878789,0.12,0.0,0.7919281873338757,0.1188699706973272,0.26379079688020746,1.0,0.0,0.0,0.0,0.0,0.0,0.0,0.0,0.0,0.0,0.0,0.0,0.0,0.0,0.0,0.0,0.0,0.0,1.0,0.0,0.0,0.0,0.0,0.0,1.0,0.0,0.0,0.0,False
0.20000000000000284,0.423076923076923,0.7121212121212122,0.08368257885125606,0.617611580217129,0.5794450124353758,0.5103781155734374,0.22554069419509276,0.6868686868686869,0.31,0.0,0.7025757770029136,0.1317000915446107,0.10798196182103102,0.0,0.0,0.0,0.0,0.0,0.0,1.0,0.0,0.0,0.0,0.0,0.0,0.0,0.0,0.0,0.0,0.0,0.0,1.0,0.0,0.0,0.0,0.0,0.0,0.0,1.0,0.0,0.0,False
0.8500000000000085,0.33333333333333326,0.7878787878787878,0.14091861070691764,0.7020506634499397,0.3619165705916048,0.3971143897572773,0.6248099416517056,0.37373737373737376,0.62,0.0,0.4922985380597939,0.19684136303804992,0.26379079688020746,1.0,0.0,0.0,0.0,0.0,0.0,0.0,0.0,0.0,0.0,0.0,0.0,0.0,0.0,0.0,0.0,0.0,0.0,1.0,0.0,0.0,0.0,0.0,0.0,0.0,1.0,0.0,0.0,False
0.45000000000000284,0.14743589743589736,0.5303030303030303,0.01705361207409742,0.41737032569360677,0.3256618302843097,0.19450260503089378,0.24446921005385996,0.43434343434343436,0.57,0.0,0.5926581293735557,0.03835149164099359,0.2859195739287712,0.0,1.0,0.0,0.0,0.0,0.0,0.0,0.0,0.0,0.0,0.0,0.0,0.0,0.0,0.0,0.0,0.0,0.0,1.0,0.0,0.0,0.0,0.0,1.0,0.0,0.0,0.0,0.0,False
0.15000000000000568,0.2628205128205128,0.5606060606060606,0.049720640838517065,0.48854041013269,0.18064286905512894,0.2756261482542366,0.20523225613405147,0.5656565656565656,0.44,0.0,0.27178315033246814,0.09705532334497112,0.10587733590506189,0.0,0.0,0.0,0.0,0.0,0.0,0.0,1.0,0.0,0.0,0.0,0.0,0.0,0.0,0.0,0.0,0.0,0.0,1.0,0.0,0.0,0.0,0.0,0.0,0.0,1.0,0.0,0.0,False
0.5500000000000114,0.1794871794871794,0.2121212121212121,0.06416208270282876,0.26899879372738245,0.5721940643739168,0.5739522425444671,0.5648984964093358,0.494949494949495,0.51,0.0,0.9838683240350553,0.21197369595320995,0.10376668917399683,0.0,0.0,0.0,0.0,1.0,0.0,0.0,0.0,0.0,0.0,0.0,0.0,0.0,0.0,0.0,0.0,0.0,0.0,1.0,0.0,0.0,0.0,0.0,1.0,0.0,0.0,0.0,0.0,False
0.5,0.21794871794871795,0.6515151515151516,0.07715885884073585,0.571773220747889,0.18064286905512894,0.18203211894607535,0.04343373728306404,0.7979797979797981,0.2,0.0,0.29146111143661374,0.13041053527029314,0.26379079688020746,1.0,0.0,0.0,0.0,0.0,0.0,0.0,0.0,0.0,0.0,0.0,0.0,0.0,0.0,0.0,0.0,0.0,0.0,1.0,0.0,0.0,0.0,0.0,0.0,1.0,0.0,0.0,0.0,False
0.5500000000000114,0.28205128205128205,0.7727272727272727,0.1160612705160787,0.6791314837153197,0.1081333884405386,0.10648234774939962,0.34070662776780375,0.22222222222222224,0.77,0.0,0.1581238775303926,0.16722097970058655,0.10798196182103102,0.0,0.0,0.0,0.0,0.0,0.0,1.0,0.0,0.0,0.0,0.0,0.0,0.0,0.0,0.0,0.0,0.0,0.0,1.0,0.0,0.0,0.0,0.0,0.0,1.0,0.0,0.0,0.0,False
0.0,0.28846153846153844,0.409090909090909,0.008510042252188418,0.3172496984318456,0.18064286905512894,0.11537076812592183,0.07010914123279474,0.6161616161616162,0.39,0.0,0.2616838792895998,0.02436709680665912,0.10376668917399683,0.0,0.0,0.0,0.0,1.0,0.0,0.0,0.0,0.0,0.0,0.0,0.0,0.0,0.0,0.0,0.0,0.0,0.0,1.0,0.0,0.0,0.0,0.0,0.0,1.0,0.0,0.0,0.0,False
0.20000000000000284,0.21794871794871795,0.7878787878787878,0.29144100749601953,0.7466827503015682,0.1298862326249157,0.6661830424423892,0.3296512118491921,0.6565656565656567,0.34,0.0,0.20960079324336814,0.3842846536281952,0.10376668917399683,0.0,0.0,0.0,0.0,1.0,0.0,0.0,0.0,0.0,0.0,0.0,0.0,0.0,0.0,0.0,0.0,0.0,0.0,1.0,0.0,0.0,0.0,0.0,0.0,1.0,0.0,0.0,0.0,False
0.20000000000000284,0.2948717948717948,0.5757575757575757,0.11148587483487672,0.5392038600723764,0.14438812874783377,0.5481708235702836,0.3160885323159785,0.6262626262626264,0.37,0.0,0.20724046952088923,0.1988993164082971,0.10376668917399683,0.0,0.0,0.0,0.0,1.0,0.0,0.0,0.0,0.0,0.0,0.0,0.0,0.0,0.0,0.0,0.0,0.0,0.0,1.0,0.0,0.0,0.0,0.0,0.0,1.0,0.0,0.0,0.0,False
0.6500000000000057,0.3205128205128205,0.6818181818181819,0.045650393874438505,0.5621230398069964,0.2894070899770145,0.23020822839406402,0.11295631358467983,0.6565656565656567,0.34,0.0,0.4006426989130665,0.07835827211524132,0.10376668917399683,0.0,0.0,0.0,0.0,1.0,0.0,0.0,0.0,0.0,0.0,0.0,0.0,0.0,0.0,0.0,0.0,0.0,0.0,1.0,0.0,0.0,0.0,0.0,0.0,1.0,0.0,0.0,0.0,False
0.6500000000000057,0.23717948717948711,0.5909090909090908,0.10611997356537392,0.5464414957780458,0.21689760936242414,0.2725212841446192,0.3704672277079593,0.41414141414141414,0.58,0.0,0.33940786923551475,0.18701921872457297,0.10798196182103102,0.0,0.0,0.0,0.0,0.0,0.0,1.0,0.0,0.0,0.0,0.0,0.0,0.0,0.0,0.0,0.0,0.0,0.0,1.0,0.0,0.0,0.0,0.0,0.0,0.0,1.0,0.0,0.0,False
0.8000000000000114,0.33333333333333326,0.6666666666666667,0.05480118523684248,0.5621230398069964,0.14438812874783377,0.09714700718797213,0.0788349117295033,0.5454545454545456,0.46,0.0,0.19638111452893095,0.09407449768511274,0.26379079688020746,1.0,0.0,0.0,0.0,0.0,0.0,0.0,0.0,0.0,0.0,0.0,0.0,0.0,0.0,0.0,0.0,0.0,0.0,1.0,0.0,0.0,0.0,0.0,0.0,0.0,1.0,0.0,0.0,False
0.9000000000000057,0.2564102564102564,0.5757575757575757,0.011047706751483966,0.4221954161640531,0.1298862326249157,0.32835105773900625,0.03137692998204668,0.9090909090909093,0.09,0.0,0.19733877609375577,0.024574609013709146,0.10376668917399683,0.0,0.0,0.0,0.0,1.0,0.0,0.0,0.0,0.0,0.0,0.0,0.0,0.0,0.0,0.0,0.0,0.0,0.0,1.0,0.0,0.0,0.0,0.0,0.0,1.0,0.0,0.0,0.0,False
0.9000000000000057,0.35256410256410253,0.8181818181818181,0.0817595864635045,0.6875753920386007,0.3474146744686868,0.5212878493839217,0.397912657091562,0.5555555555555557,0.44,0.0,0.4605333909011137,0.1164333170097452,0.10376668917399683,0.0,0.0,0.0,0.0,1.0,0.0,0.0,0.0,0.0,0.0,0.0,0.0,0.0,0.0,0.0,0.0,0.0,0.0,1.0,0.0,0.0,0.0,0.0,0.0,1.0,0.0,0.0,0.0,False
0.6500000000000057,0.41666666666666663,0.8484848484848486,0.07224967757653786,0.6996381182147167,0.22414855742388318,0.7356447303620304,0.018330999401555956,0.9797979797979799,0.03,0.0,0.273828252718649,0.10122469434535573,0.1082061137053058,0.0,0.0,0.0,1.0,0.0,0.0,0.0,0.0,0.0,0.0,0.0,0.0,0.0,0.0,0.0,0.0,0.0,0.0,1.0,0.0,0.0,0.0,0.0,0.0,1.0,0.0,0.0,0.0,False
0.45000000000000284,0.17307692307692302,0.6212121212121213,0.08525166911417927,0.5560916767189386,0.07912959619470246,0.2138238056369437,0.3032679682824656,0.40404040404040403,0.59,0.0,0.13774562505151922,0.14783365499483433,0.10587733590506189,0.0,0.0,0.0,0.0,0.0,0.0,0.0,1.0,0.0,0.0,1.0,0.0,0.0,0.0,0.0,0.0,0.0,0.0,0.0,0.0,0.0,0.0,0.0,0.0,0.0,1.0,0.0,0.0,False
0.30000000000001137,0.2628205128205128,0.6212121212121213,0.20573261837653548,0.6031363088057902,0.6156997527426711,0.4837067935107837,0.7215005610412927,0.38383838383838387,0.61,0.0,0.9262159139103382,0.3310472765406123,0.26379079688020746,1.0,0.0,0.0,0.0,0.0,0.0,0.0,0.0,0.0,0.0,0.0,0.0,0.0,0.0,0.0,0.0,0.0,0.0,1.0,0.0,0.0,0.0,0.0,0.0,1.0,0.0,0.0,0.0,False
0.3500000000000085,0.2628205128205128,0.7424242424242424,0.2073151196673469,0.6924004825090471,0.16251549890148137,0.5571139396051115,0.456147434171155,0.5353535353535355,0.46,0.0,0.24451511851672358,0.29338277700062126,0.11537708435120664,0.0,0.0,0.0,0.0,0.0,0.0,0.0,0.0,1.0,0.0,0.0,0.0,0.0,0.0,0.0,0.0,0.0,0.0,1.0,0.0,0.0,0.0,0.0,0.0,1.0,0.0,0.0,0.0,False
0.8500000000000085,0.35256410256410253,0.7727272727272727,0.11381715851611447,0.6779252110977081,0.2096466613009651,0.21450341294862396,0.15464263913824058,0.5656565656565656,0.43,0.0,0.2778837947387025,0.16425926343731193,0.10376668917399683,0.0,0.0,0.0,0.0,1.0,0.0,0.0,0.0,0.0,0.0,0.0,0.0,0.0,0.0,0.0,0.0,0.0,0.0,1.0,0.0,0.0,0.0,0.0,0.0,1.0,0.0,0.0,0.0,False
0.15000000000000568,0.45512820512820507,0.5454545454545454,0.0698722003547962,0.49457177322074797,0.49243363569786747,0.2604987568189179,0.3141831238779174,0.4444444444444445,0.56,0.0,0.5747431933718752,0.13489307583903615,0.10798196182103102,0.0,0.0,0.0,0.0,0.0,0.0,1.0,0.0,0.0,0.0,0.0,0.0,0.0,0.0,0.0,0.0,0.0,0.0,1.0,0.0,0.0,0.0,0.0,0.0,0.0,1.0,0.0,0.0,False
0.25,0.25,0.7121212121212122,0.06053141943064226,0.5983112183353438,0.14438812874783377,0.09593387500300529,0.0496979578096948,0.6464646464646466,0.35,0.0,0.22152442502501735,0.09809695292080003,0.10376668917399683,0.0,0.0,0.0,0.0,1.0,0.0,0.0,0.0,0.0,0.0,0.0,0.0,0.0,0.0,0.0,0.0,0.0,0.0,1.0,0.0,0.0,0.0,0.0,0.0,0.0,1.0,0.0,0.0,False
0.8000000000000114,0.1282051282051282,0.6515151515151516,0.07807900436528958,0.571773220747889,0.25315234966971933,0.05246924971647311,0.15787105774985039,0.24242424242424243,0.75,0.0,0.4774432457138671,0.13196626277239862,0.26379079688020746,1.0,0.0,0.0,0.0,0.0,0.0,0.0,0.0,0.0,0.0,0.0,0.0,0.0,0.0,0.0,0.0,0.0,1.0,0.0,0.0,0.0,0.0,0.0,0.0,0.0,1.0,0.0,0.0,False
0.4000000000000057,0.32692307692307687,0.696969696969697,0.10335357653487352,0.6188178528347408,0.0863805442561615,0.2945492029105686,0.04029892280071813,0.8787878787878789,0.12,0.0,0.11850810833659862,0.16237486413568053,0.2859195739287712,0.0,1.0,0.0,0.0,0.0,0.0,0.0,0.0,0.0,0.0,0.0,0.0,0.0,0.0,0.0,0.0,0.0,0.0,1.0,0.0,0.0,0.0,0.0,0.0,0.0,1.0,0.0,0.0,False
0.8000000000000114,0.26923076923076916,0.6060606060606062,0.06192095093128413,0.5295536791314838,0.3256618302843097,0.42366386536333145,0.44684174895272294,0.47474747474747475,0.52,0.0,0.48525288511858294,0.11229737674699546,0.10376668917399683,0.0,0.0,0.0,0.0,1.0,0.0,0.0,0.0,0.0,0.0,0.0,0.0,0.0,0.0,0.0,0.0,0.0,0.0,1.0,0.0,0.0,0.0,0.0,0.0,0.0,1.0,0.0,0.0,False
0.20000000000000284,0.41025641025641024,0.8484848484848486,0.14457311580646098,0.7466827503015682,0.12263528456345667,0.553377901394633,0.28578200179533214,0.6464646464646466,0.35,0.38461538461538464,0.150944974695452,0.1906059979680221,0.10376668917399683,0.0,0.0,0.0,0.0,1.0,0.0,0.0,0.0,0.0,0.0,0.0,0.0,0.0,0.0,0.0,0.0,0.0,0.0,1.0,0.0,0.0,0.0,0.0,0.0,0.0,1.0,0.0,0.0,True
0.8500000000000085,0.3205128205128205,0.8636363636363638,0.4091846169549665,0.827503015681544,0.24590140160826027,0.8348956021326982,0.8910773862956314,0.47474747474747475,0.53,0.23076923076923078,0.34041171890235983,0.4897578917516004,0.26379079688020746,1.0,0.0,0.0,0.0,0.0,0.0,0.0,0.0,0.0,0.0,0.0,0.0,0.0,0.0,0.0,0.0,0.0,1.0,0.0,0.0,0.0,0.0,0.0,0.0,0.0,1.0,0.0,0.0,False
0.6500000000000057,0.45512820512820507,0.893939393939394,0.3473977763025647,0.83956574185766,0.3981713108989,0.8292763963595401,0.8355098444045482,0.48484848484848486,0.51,0.46153846153846156,0.46469430079012386,0.4101472958303534,0.2859195739287712,0.0,1.0,0.0,0.0,0.0,0.0,0.0,0.0,0.0,0.0,0.0,0.0,0.0,0.0,0.0,0.0,0.0,0.0,1.0,0.0,0.0,0.0,0.0,0.0,1.0,0.0,0.0,0.0,False
0.10000000000000853,0.2435897435897436,0.8181818181818181,0.15914196243571088,0.7310012062726177,0.07912959619470246,0.3191367808282425,0.04648282465589468,0.8686868686868687,0.13,0.0,0.12264591493625722,0.21404170737958353,0.10798196182103102,0.0,0.0,0.0,0.0,0.0,0.0,1.0,0.0,0.0,0.0,0.0,0.0,0.0,0.0,0.0,0.0,0.0,0.0,1.0,0.0,0.0,0.0,0.0,1.0,0.0,0.0,0.0,0.0,False
0.0,0.39102564102564097,0.8181818181818181,0.041007943053795355,0.6429433051869724,0.09725696634835004,0.053945691466356575,0.08171674895272292,0.38383838383838387,0.61,0.23076923076923078,0.1226006278824591,0.06214899172210483,0.1082061137053058,0.0,0.0,0.0,1.0,0.0,0.0,0.0,0.0,0.0,0.0,0.0,0.0,0.0,0.0,0.0,0.0,0.0,1.0,0.0,0.0,0.0,0.0,0.0,0.0,0.0,1.0,0.0,0.0,False
0.05000000000001137,0.4358974358974359,0.8030303030303032,0.06663939757662726,0.6646562123039808,0.1298862326249157,0.31935009932102204,0.3474373803111909,0.46464646464646464,0.53,0.5384615384615385,0.15496773464547686,0.09794455619335295,0.10376668917399683,0.0,0.0,0.0,0.0,1.0,0.0,0.0,0.0,0.0,0.0,0.0,0.0,0.0,0.0,0.0,0.0,0.0,0.0,1.0,0.0,0.0,0.0,0.0,0.0,0.0,1.0,0.0,0.0,True
0.25,0.23717948717948711,0.7424242424242424,0.057043062065492006,0.6139927623642945,0.007345210386258003,0.22822105614967772,0.12455537851585877,0.6363636363636365,0.36,0.0,0.01158068353390706,0.09025095820606921,0.10587733590506189,0.0,0.0,0.0,0.0,0.0,0.0,0.0,1.0,0.0,0.0,0.0,0.0,0.0,0.0,0.0,0.0,0.0,0.0,1.0,0.0,0.0,0.0,0.0,0.0,1.0,0.0,0.0,0.0,False
0.25,0.3589743589743589,0.7272727272727273,0.0986798333158245,0.6369119420989143,0.1298862326249157,0.581038550650156,0.5243443297426691,0.5151515151515152,0.48,0.0,0.17068520380216137,0.1509346115969231,0.10798196182103102,0.0,0.0,0.0,0.0,0.0,0.0,1.0,0.0,0.0,0.0,0.0,0.0,0.0,0.0,0.0,0.0,0.0,0.0,1.0,0.0,0.0,0.0,0.0,0.0,1.0,0.0,0.0,0.0,False
0.10000000000000853,0.25,0.6666666666666667,0.010018037832509671,0.46682750301568154,0.18064286905512894,0.0775724874808792,0.035174783064033516,0.6767676767676769,0.32,0.0,0.2771298232375161,0.020345139213361618,0.10798196182103102,0.0,0.0,0.0,0.0,0.0,0.0,1.0,0.0,0.0,0.0,0.0,0.0,0.0,0.0,0.0,0.0,0.0,1.0,0.0,0.0,0.0,0.0,0.0,0.0,1.0,0.0,0.0,0.0,False
0.15000000000000568,0.3205128205128205,0.8181818181818181,0.1065223044020209,0.704463208685163,0.028372959764489204,0.3747975070932681,0.5499132480550569,0.393939393939394,0.6,0.0,0.03925681884882676,0.14830676980616841,0.2859195739287712,0.0,1.0,0.0,0.0,0.0,0.0,0.0,0.0,0.0,0.0,0.0,0.0,0.0,0.0,0.0,0.0,0.0,1.0,0.0,0.0,0.0,0.0,0.0,1.0,0.0,0.0,0.0,0.0,False
0.9000000000000057,0.28205128205128205,0.5151515151515151,0.10115044267567888,0.4921592279855248,0.6374525969270481,0.3946552010347175,0.819250643327349,0.31313131313131315,0.68,0.0,0.9320262982598614,0.19616974323917769,0.26379079688020746,1.0,0.0,0.0,0.0,0.0,0.0,0.0,0.0,0.0,0.0,0.0,0.0,0.0,0.0,0.0,0.0,0.0,0.0,1.0,0.0,0.0,0.0,0.0,0.0,0.0,1.0,0.0,0.0,False
0.25,0.25,0.5,0.013068301619977662,0.3872135102533173,0.21689760936242414,0.3849500660494446,0.3065675718132855,0.5454545454545456,0.45,0.0,0.3327352214500149,0.03141707356780041,0.2859195739287712,0.0,1.0,0.0,0.0,0.0,0.0,0.0,0.0,0.0,0.0,0.0,0.0,0.0,0.0,0.0,0.0,0.0,0.0,1.0,0.0,0.0,0.0,0.0,1.0,0.0,0.0,0.0,0.0,False
0.8000000000000114,0.4871794871794871,0.9393939393939394,0.397822496105214,0.8841978287092884,0.2894070899770145,0.5200971938050319,0.847950486235787,0.36363636363636365,0.63,0.46153846153846156,0.32553452240091435,0.4472027060540395,0.1082061137053058,0.0,0.0,0.0,1.0,0.0,0.0,0.0,0.0,0.0,1.0,0.0,0.0,0.0,0.0,0.0,0.0,0.0,0.0,0.0,0.0,0.0,0.0,0.0,0.0,0.0,1.0,0.0,0.0,True
0.3500000000000085,0.21153846153846156,0.6515151515151516,0.1197336569861397,0.5958986731001207,0.5069355318207855,0.14033089191404718,0.4444267654099342,0.23232323232323232,0.77,0.0,0.8262331305859414,0.19481128935889214,0.26379079688020746,1.0,0.0,0.0,0.0,0.0,0.0,0.0,0.0,0.0,0.0,0.0,0.0,0.0,0.0,0.0,0.0,0.0,0.0,1.0,0.0,0.0,0.0,0.0,0.0,1.0,0.0,0.0,0.0,False
0.5,0.4487179487179487,0.7272727272727273,0.035688235324796466,0.5765983112183354,0.1661409729322109,0.02012635913905546,0.16060997905445842,0.10101010101010102,0.89,0.07692307692307693,0.19526864301189764,0.05982847338683236,0.2859195739287712,0.0,1.0,0.0,0.0,0.0,0.0,0.0,0.0,0.0,0.0,0.0,0.0,0.0,0.0,0.0,0.0,0.0,0.0,1.0,0.0,0.0,0.0,0.0,0.0,1.0,0.0,0.0,0.0,False
0.25,0.3589743589743589,0.5303030303030303,0.03151815070866106,0.4463208685162847,0.18064286905512894,0.1969370927384302,0.11168919808497905,0.6262626262626264,0.37,0.0,0.23741168165715987,0.06676271146071601,0.26379079688020746,1.0,0.0,0.0,0.0,0.0,0.0,0.0,0.0,0.0,0.0,0.0,0.0,0.0,0.0,0.0,0.0,0.0,0.0,1.0,0.0,0.0,0.0,0.0,0.0,1.0,0.0,0.0,0.0,False
0.30000000000001137,0.4871794871794871,0.3636363636363636,1.5646199202937907e-05,0.06031363088057902,0.5069355318207855,0.425556845127147,0.29893632555356076,0.5757575757575758,0.42,0.0,0.5703582900703333,0.00013566211065238397,0.26379079688020746,1.0,0.0,0.0,0.0,0.0,0.0,0.0,0.0,0.0,0.0,0.0,0.0,0.0,0.0,0.0,0.0,0.0,0.0,1.0,0.0,0.0,0.0,0.0,0.0,1.0,0.0,0.0,0.0,False
0.30000000000001137,0.23076923076923073,0.4393939393939394,0.03310810257052151,0.3920386007237636,0.2894070899770145,0.5430105978437743,0.5337895646319569,0.494949494949495,0.5,0.0,0.4574261144113757,0.07878561019015363,0.10376668917399683,0.0,0.0,0.0,0.0,1.0,0.0,0.0,0.0,0.0,0.0,0.0,0.0,0.0,0.0,0.0,0.0,0.0,0.0,1.0,0.0,0.0,0.0,0.0,0.0,1.0,0.0,0.0,0.0,False
0.05000000000001137,0.1217948717948718,0.6212121212121213,0.026557560504224843,0.49457177322074797,0.18064286905512894,0.6264860776259198,0.1649932974266906,0.7878787878787881,0.21,0.07692307692307693,0.3449412844722707,0.051243796477831276,0.39926384018223143,0.0,0.0,1.0,0.0,0.0,0.0,0.0,0.0,0.0,0.0,0.0,0.0,0.0,0.0,0.0,0.0,0.0,0.0,1.0,0.0,1.0,0.0,0.0,0.0,0.0,0.0,0.0,0.0,False
0.8000000000000114,0.1794871794871794,0.5757575757575757,0.05764581326335757,0.5054282267792521,0.25315234966971933,0.23444555692449284,0.3795581986834231,0.36363636363636365,0.63,0.0,0.4353913412269357,0.10909847152755071,0.26379079688020746,1.0,0.0,0.0,0.0,0.0,0.0,0.0,0.0,0.0,0.0,0.0,0.0,0.0,0.0,0.0,0.0,0.0,0.0,1.0,0.0,0.0,0.0,0.0,0.0,0.0,1.0,0.0,0.0,False
0.15000000000000568,0.3076923076923077,0.7727272727272727,0.27782508890393903,0.7334137515078409,0.4344260512061952,0.821740889406123,0.5232014512268103,0.595959595959596,0.4,0.0,0.6122650611128466,0.37254838413336333,0.26379079688020746,1.0,0.0,0.0,0.0,0.0,0.0,0.0,0.0,0.0,0.0,0.0,0.0,0.0,0.0,0.0,0.0,0.0,0.0,1.0,0.0,0.0,0.0,0.0,0.0,1.0,0.0,0.0,0.0,False
0.45000000000000284,0.25,0.5303030303030303,0.10314198031708141,0.503015681544029,0.11538433650199763,0.12478157582989172,0.11483593656493118,0.5050505050505052,0.49,0.0,0.17704010645501836,0.19609258916795275,0.10376668917399683,0.0,0.0,0.0,0.0,1.0,0.0,0.0,0.0,0.0,0.0,0.0,0.0,0.0,0.0,0.0,0.0,0.0,0.0,1.0,0.0,0.0,0.0,0.0,0.0,0.0,1.0,0.0,0.0,False
0.9500000000000028,0.23717948717948711,0.6515151515151516,0.057385043276641935,0.5548854041013269,0.06462770007178438,0.2173490520351877,0.27268119389587075,0.43434343434343436,0.56,0.0,0.10119434329317006,0.0996949615437611,0.10376668917399683,0.0,0.0,0.0,0.0,1.0,0.0,0.0,0.0,0.0,0.0,0.0,0.0,0.0,0.0,0.0,0.0,0.0,0.0,1.0,0.0,0.0,0.0,0.0,0.0,1.0,0.0,0.0,0.0,False
0.6500000000000057,0.34615384615384615,0.9090909090909092,0.3676528987564252,0.8552472858866105,0.03562390782594824,0.21076228262428606,0.20870736086175942,0.494949494949495,0.51,0.46153846153846156,0.04757933318079049,0.4265290866659136,0.1082061137053058,0.0,0.0,0.0,1.0,0.0,0.0,0.0,0.0,0.0,0.0,0.0,0.0,0.0,0.0,0.0,0.0,0.0,0.0,1.0,0.0,0.0,0.0,0.0,0.0,0.0,1.0,0.0,0.0,True
0.30000000000001137,0.2564102564102564,0.5303030303030303,0.04344726001524386,0.46200241254523533,0.20239571323950606,0.13347658888639718,0.15584421753441055,0.4444444444444445,0.55,0.0,0.30746985604860766,0.08921731254783433,0.10376668917399683,0.0,0.0,0.0,0.0,1.0,0.0,0.0,0.0,0.0,0.0,0.0,0.0,0.0,0.0,0.0,0.0,0.0,0.0,1.0,0.0,0.0,0.0,0.0,0.0,1.0,0.0,0.0,0.0,False
0.05000000000001137,0.5705128205128205,0.7575757575757578,0.04140580354781292,0.6043425814234018,0.5214374279437035,0.21470716725799002,0.07114222022740874,0.7474747474747475,0.26,0.0,0.5364265749021156,0.06646722732125589,0.10798196182103102,0.0,0.0,0.0,0.0,0.0,0.0,1.0,0.0,0.0,0.0,0.0,0.0,0.0,0.0,0.0,0.0,0.0,0.0,1.0,0.0,0.0,0.0,0.0,1.0,0.0,0.0,0.0,0.0,False
0.30000000000001137,0.2628205128205128,0.696969696969697,0.09011614695208314,0.6115802171290712,0.0863805442561615,0.5055145732965922,0.3655500149611012,0.5656565656565656,0.43,0.0,0.12998938489059633,0.1431256665893537,0.10800812381772883,0.0,0.0,0.0,0.0,0.0,1.0,0.0,0.0,0.0,0.0,0.0,0.0,0.0,0.0,0.0,0.0,0.0,0.0,1.0,0.0,0.0,0.0,0.0,0.0,1.0,0.0,0.0,0.0,False
0.20000000000000284,0.1794871794871794,0.45454545454545464,0.017852313290552153,0.37394451145958996,0.2894070899770145,0.10824691633753036,0.05399749401555955,0.6565656565656567,0.34,0.0,0.4977182710914947,0.04428464292244997,0.10376668917399683,0.0,0.0,0.0,0.0,1.0,0.0,0.0,0.0,0.0,0.0,0.0,0.0,0.0,0.0,0.0,0.0,0.0,0.0,1.0,0.0,0.0,0.0,0.0,1.0,0.0,0.0,0.0,0.0,False
0.20000000000000284,0.15384615384615385,0.45454545454545464,0.03483738011099861,0.4028950542822679,0.2096466613009651,0.13159383985362366,0.05794368641532017,0.6868686868686869,0.31,0.0,0.37721954002001384,0.08090668087556856,0.10376668917399683,0.0,0.0,0.0,0.0,1.0,0.0,0.0,0.0,0.0,0.0,0.0,0.0,0.0,0.0,0.0,0.0,0.0,0.0,1.0,0.0,0.0,0.0,0.0,0.0,0.0,1.0,0.0,0.0,False
0.0,0.33333333333333326,0.7121212121212122,0.016368159537587756,0.5211097708082026,0.1298862326249157,0.1325021505074156,0.06870897666068224,0.6464646464646466,0.35,0.0,0.1766532862935401,0.030092324973064945,0.10798196182103102,0.0,0.0,0.0,0.0,0.0,0.0,1.0,0.0,0.0,0.0,0.0,0.0,0.0,0.0,0.0,0.0,0.0,0.0,1.0,0.0,0.0,0.0,0.0,0.0,1.0,0.0,0.0,0.0,False
0.3500000000000085,0.39102564102564097,0.8333333333333335,0.07269969206789854,0.689987937273824,0.14438812874783377,0.15157674399203033,0.019302820167564332,0.8787878787878789,0.12,0.0,0.18206252951937307,0.10318758384339839,0.10798196182103102,0.0,0.0,0.0,0.0,0.0,0.0,1.0,0.0,0.0,0.0,0.0,0.0,0.0,0.0,0.0,0.0,0.0,0.0,1.0,0.0,0.0,0.0,0.0,0.0,0.0,1.0,0.0,0.0,False
0.15000000000000568,0.14743589743589736,0.7272727272727273,0.04159653816666778,0.586248492159228,0.4344260512061952,0.2044468756037197,0.4061162851585877,0.32323232323232326,0.67,0.0,0.7905098951064,0.06867926816348856,0.39926384018223143,0.0,0.0,1.0,0.0,0.0,0.0,0.0,0.0,0.0,0.0,0.0,0.0,0.0,0.0,0.0,0.0,0.0,0.0,1.0,0.0,0.0,0.0,0.0,1.0,0.0,0.0,0.0,0.0,False
0.5500000000000114,0.26923076923076916,0.8333333333333335,0.4325175703091763,0.8069963811821472,0.19514476517804702,0.6134126217055903,0.6178934769599043,0.48484848484848486,0.51,0.0,0.29079286394115866,0.5301020999452069,0.08760754858480077,0.0,0.0,0.0,0.0,0.0,0.0,0.0,0.0,1.0,0.0,0.0,0.0,0.0,0.0,0.0,0.0,0.0,0.0,1.0,0.0,0.0,0.0,0.0,0.0,1.0,0.0,0.0,0.0,False
0.4000000000000057,0.2628205128205128,0.7424242424242424,0.2734314871563331,0.7092882991556093,0.3619165705916048,0.7563446227331897,0.9391880685218432,0.43434343434343436,0.56,0.0,0.544463468489914,0.3783346315164335,0.10376668917399683,0.0,0.0,0.0,0.0,1.0,0.0,0.0,0.0,0.0,0.0,0.0,0.0,0.0,0.0,0.0,0.0,0.0,0.0,1.0,0.0,0.0,0.0,0.0,0.0,1.0,0.0,0.0,0.0,False
0.25,0.3589743589743589,0.696969696969697,0.04609370285185508,0.571773220747889,0.18064286905512894,0.30186830665078584,0.02214854129263914,0.9292929292929295,0.07,0.0,0.23741168165715987,0.07788741122147716,0.10376668917399683,0.0,0.0,0.0,0.0,1.0,0.0,0.0,0.0,0.0,0.0,0.0,0.0,0.0,0.0,0.0,0.0,0.0,0.0,1.0,0.0,0.0,0.0,0.0,1.0,0.0,0.0,0.0,0.0,False
0.9000000000000057,0.3012820512820512,0.5606060606060606,0.040846265662031665,0.47768395657418583,0.2313995054853422,0.3773783872613509,0.3421889961101137,0.5151515151515152,0.48,0.0,0.3290955953851967,0.08137130411720261,0.10376668917399683,0.0,0.0,0.0,0.0,1.0,0.0,0.0,0.0,0.0,0.0,0.0,0.0,0.0,0.0,0.0,0.0,1.0,0.0,0.0,0.0,0.0,0.0,0.0,0.0,1.0,0.0,0.0,0.0,False
0.25,0.23717948717948711,0.5303030303030303,0.02308857462380204,0.43184559710494574,0.07187864813324342,0.127340901707802,0.02420309694793537,0.8383838383838385,0.16,0.0,0.11253784452851981,0.050371069229889334,0.10376668917399683,0.0,0.0,0.0,0.0,1.0,0.0,0.0,0.0,0.0,0.0,0.0,0.0,0.0,0.0,0.0,0.0,0.0,0.0,1.0,0.0,0.0,0.0,0.0,1.0,0.0,0.0,0.0,0.0,False
0.30000000000001137,0.39743589743589736,0.8333333333333335,0.06988114104005502,0.6875753920386007,0.14003755991095834,0.061658693852798596,0.1410110712148414,0.29292929292929293,0.7,0.0,0.1751539713476504,0.09951060223391785,0.10798196182103102,0.0,0.0,0.0,0.0,0.0,0.0,1.0,0.0,0.0,0.0,0.0,0.0,0.0,0.0,0.0,0.0,1.0,0.0,0.0,0.0,0.0,0.0,0.0,0.0,1.0,0.0,0.0,0.0,False
0.3500000000000085,0.2948717948717948,0.6212121212121213,0.0926582817940081,0.5609167671893849,0.1081333884405386,0.45082595249384844,0.16598533064033513,0.7171717171717172,0.28,0.0,0.1552060601844225,0.15940812796590867,0.10587733590506189,0.0,0.0,0.0,0.0,0.0,0.0,0.0,1.0,0.0,0.0,0.0,0.0,0.0,0.0,0.0,0.0,0.0,0.0,1.0,0.0,0.0,0.0,0.0,0.0,0.0,1.0,0.0,0.0,False
0.0,0.3012820512820512,0.7121212121212122,0.09651320725477004,0.6248492159227986,0.3981713108989,0.44048262915650765,0.3167038076002394,0.5656565656565656,0.43,0.0,0.5662778939425097,0.15026610031877993,0.26379079688020746,1.0,0.0,0.0,0.0,0.0,0.0,0.0,0.0,0.0,0.0,0.0,0.0,0.0,0.0,0.0,0.0,0.0,0.0,1.0,0.0,0.0,0.0,0.0,0.0,1.0,0.0,0.0,0.0,False
0.10000000000000853,0.3012820512820512,0.6818181818181819,0.0342167475426154,0.5452352231604343,0.3619165705916048,0.20252186280096737,0.04158914572112508,0.8282828282828283,0.18,0.0,0.51471652469092,0.060393698009301854,0.26379079688020746,1.0,0.0,0.0,0.0,0.0,0.0,0.0,0.0,0.0,0.0,0.0,0.0,0.0,0.0,0.0,0.0,0.0,0.0,1.0,0.0,0.0,0.0,0.0,0.0,0.0,1.0,0.0,0.0,False
0.0,0.2628205128205128,0.5909090909090908,0.03044377836339266,0.48250904704463216,0.2604032977311783,0.1803081090060831,0.065828657989228,0.7272727272727273,0.27,0.0,0.3917624903217443,0.06008523094020074,0.26379079688020746,1.0,0.0,0.0,0.0,0.0,0.0,0.0,0.0,0.0,0.0,0.0,0.0,0.0,0.0,0.0,0.0,0.0,0.0,1.0,0.0,0.0,0.0,0.0,0.0,0.0,1.0,0.0,0.0,False
0.8000000000000114,0.26923076923076916,0.6060606060606062,0.04782670567785668,0.5150784077201448,0.2894070899770145,0.1147030114110319,0.11231537253141832,0.494949494949495,0.5,0.0,0.4312362125692984,0.08895628795066723,0.26379079688020746,1.0,0.0,0.0,0.0,0.0,0.0,0.0,0.0,0.0,0.0,0.0,0.0,0.0,0.0,0.0,0.0,0.0,0.0,1.0,0.0,0.0,0.0,0.0,0.0,1.0,0.0,0.0,0.0,False
0.3500000000000085,0.6025641025641025,0.8787878787878789,0.4095474597650537,0.83956574185766,0.6156997527426711,0.25557442694846483,0.3867880760023938,0.38383838383838387,0.61,0.0,0.6132414340888622,0.4835313146161482,0.10800812381772883,0.0,0.0,0.0,0.0,0.0,1.0,0.0,0.0,0.0,0.0,0.0,0.0,0.0,0.0,0.0,0.0,0.0,0.0,1.0,0.0,0.0,0.0,0.0,0.0,0.0,1.0,0.0,0.0,False
0.30000000000001137,0.3012820512820512,0.5303030303030303,0.032064277566554084,0.44752714113389636,0.0863805442561615,0.14332515562065745,0.032859178635547576,0.8080808080808083,0.19,0.0,0.12285011837883776,0.06775490687243416,0.10376668917399683,0.0,0.0,0.0,0.0,1.0,0.0,0.0,0.0,0.0,0.0,0.0,0.0,0.0,0.0,0.0,0.0,0.0,0.0,1.0,0.0,0.0,0.0,0.0,1.0,0.0,0.0,0.0,0.0,False
0.5500000000000114,0.23717948717948711,0.893939393939394,0.4841828101914871,0.86248492159228,0.1081333884405386,0.2709319245761365,0.30833926540993417,0.4545454545454546,0.54,0.07692307692307693,0.16925535070526854,0.5572705733512029,0.10800812381772883,0.0,0.0,0.0,0.0,0.0,1.0,0.0,0.0,0.0,0.0,0.0,0.0,0.0,0.0,0.0,0.0,0.0,0.0,1.0,0.0,0.0,0.0,0.0,0.0,0.0,1.0,0.0,0.0,False
0.75,0.3717948717948718,0.7878787878787878,0.19072716828381311,0.7201447527141135,0.2894070899770145,0.58640362351412,0.8901855176540994,0.38383838383838387,0.61,0.0,0.3740946085502206,0.26015736736190376,0.10376668917399683,0.0,0.0,0.0,0.0,1.0,0.0,0.0,0.0,0.0,0.0,0.0,0.0,0.0,0.0,0.0,0.0,0.0,0.0,1.0,0.0,0.0,0.0,0.0,0.0,1.0,0.0,0.0,0.0,False
0.6500000000000057,0.35256410256410253,0.6515151515151516,0.09273278750449829,0.5814234016887817,0.25315234966971933,0.13572417973912534,0.21922445391980852,0.37373737373737376,0.63,0.0,0.335562614579464,0.15433905120513866,0.26379079688020746,1.0,0.0,0.0,0.0,0.0,0.0,0.0,0.0,0.0,0.0,0.0,0.0,0.0,0.0,0.0,0.0,0.0,0.0,1.0,0.0,0.0,0.0,0.0,0.0,0.0,1.0,0.0,0.0,False
0.0,0.22435897435897434,0.7272727272727273,0.19400616460248596,0.6779252110977081,0.1661409729322109,0.41253138063606903,0.4454604054458408,0.46464646464646464,0.53,0.0,0.26532786116792456,0.28001928338279913,0.10587733590506189,0.0,0.0,0.0,0.0,0.0,0.0,0.0,1.0,0.0,0.0,0.0,0.0,0.0,0.0,0.0,0.0,0.0,0.0,1.0,0.0,0.0,0.0,0.0,0.0,0.0,1.0,0.0,0.0,False
0.7000000000000028,0.3589743589743589,0.6515151515151516,0.17249040552713163,0.615199034981906,0.7244639736645565,0.1776211005045471,0.5985708333333334,0.21212121212121213,0.78,0.0,0.9523382301035725,0.27250214720037186,0.26379079688020746,1.0,0.0,0.0,0.0,0.0,0.0,0.0,0.0,0.0,0.0,0.0,0.0,0.0,0.0,0.0,0.0,0.0,1.0,0.0,0.0,0.0,0.0,0.0,0.0,1.0,0.0,0.0,0.0,False
0.25,0.41025641025641024,0.893939393939394,0.0416039887377168,0.6924004825090471,0.18064286905512894,0.03893125660240615,0.09851560442848595,0.27272727272727276,0.72,0.0,0.2224001005874189,0.05883918186679906,0.1082061137053058,0.0,0.0,0.0,1.0,0.0,0.0,0.0,0.0,0.0,0.0,0.0,0.0,0.0,0.0,0.0,0.0,1.0,0.0,0.0,0.0,0.0,0.0,0.0,0.0,1.0,0.0,0.0,0.0,False
0.25,0.3205128205128205,0.7727272727272727,0.014034640685035304,0.5476477683956575,0.004140291343093109,0.24770541366418608,0.2745460876720527,0.46464646464646464,0.53,0.0,0.005708162982863164,0.024644788351432346,0.10587733590506189,0.0,0.0,0.0,0.0,0.0,0.0,0.0,1.0,0.0,1.0,0.0,0.0,0.0,0.0,0.0,0.0,0.0,0.0,0.0,0.0,0.0,0.0,0.0,0.0,0.0,1.0,0.0,0.0,False
0.3500000000000085,0.21153846153846156,0.8030303030303032,0.11978432086927303,0.7020506634499397,0.18064286905512894,0.636842445145339,0.4137838195691203,0.595959595959596,0.4,0.0,0.294506510178922,0.16731312377682012,0.10798196182103102,0.0,0.0,0.0,0.0,0.0,0.0,1.0,0.0,0.0,0.0,0.0,0.0,0.0,0.0,0.0,0.0,0.0,0.0,1.0,0.0,0.0,0.0,0.0,1.0,0.0,0.0,0.0,0.0,False
0.0,0.22435897435897434,0.7272727272727273,0.09165170964528577,0.6332931242460798,0.17339192099366993,0.44300148164237146,0.3673635472770796,0.5353535353535355,0.46,0.0,0.2769028624284855,0.14092616985341525,0.10376668917399683,0.0,0.0,0.0,0.0,1.0,0.0,0.0,0.0,0.0,0.0,0.0,0.0,0.0,0.0,0.0,0.0,0.0,0.0,1.0,0.0,0.0,0.0,0.0,0.0,0.0,1.0,0.0,0.0,False
0.10000000000000853,0.25,0.6666666666666667,0.02384406252817247,0.5162846803377563,0.0863805442561615,0.5865387389188588,0.009588711849192102,0.9797979797979799,0.02,0.0,0.13255578788501934,0.04423214874066979,0.10376668917399683,0.0,0.0,0.0,0.0,1.0,0.0,0.0,0.0,0.0,0.0,0.0,0.0,0.0,0.0,0.0,0.0,0.0,0.0,1.0,0.0,0.0,0.0,0.0,0.0,1.0,0.0,0.0,0.0,False
0.5,0.39743589743589736,0.5757575757575757,0.09028452985779095,0.5283474065138722,0.3764184667145229,0.8555104631779016,0.7929383602633154,0.5050505050505052,0.49,0.0,0.4709924835655718,0.16409957378203943,0.10376668917399683,0.0,0.0,0.0,0.0,1.0,0.0,0.0,0.0,0.0,0.0,0.0,0.0,0.0,0.0,0.0,0.0,0.0,0.0,1.0,0.0,0.0,0.0,0.0,0.0,1.0,0.0,0.0,0.0,False
0.15000000000000568,0.25,0.7272727272727273,0.034784481056550576,0.5753920386007239,0.055926562398033536,0.07769940279967676,0.09209596798324357,0.4444444444444445,0.55,0.0,0.0858472533865204,0.05842514740871096,0.10800812381772883,0.0,0.0,0.0,0.0,0.0,1.0,0.0,0.0,0.0,0.0,0.0,1.0,0.0,0.0,0.0,0.0,0.0,0.0,0.0,0.0,0.0,0.0,0.0,0.0,0.0,0.0,0.0,1.0,False
0.05000000000001137,0.2628205128205128,0.46969696969696967,0.012075885556248457,0.36550060313630883,0.12263528456345667,0.15228643120308485,0.0001413375224416517,1.0,0.0,0.0,0.1845254485220855,0.03055404588351253,0.10376668917399683,0.0,0.0,0.0,0.0,1.0,0.0,0.0,0.0,0.0,0.0,0.0,0.0,0.0,0.0,0.0,0.0,0.0,0.0,1.0,0.0,0.0,0.0,0.0,0.0,1.0,0.0,0.0,0.0,False
0.45000000000000284,0.16666666666666663,0.5303030303030303,0.0816351619269859,0.4921592279855248,0.21689760936242414,0.4542631758523621,0.42385053859964095,0.5050505050505052,0.49,0.0,0.38146804235535087,0.1583135626170898,0.10376668917399683,0.0,0.0,0.0,0.0,1.0,0.0,0.0,0.0,0.0,0.0,0.0,0.0,0.0,0.0,0.0,0.0,0.0,0.0,1.0,0.0,0.0,0.0,0.0,1.0,0.0,0.0,0.0,0.0,False
0.3500000000000085,0.2948717948717948,0.696969696969697,0.11751040658511272,0.6260554885404102,0.07187864813324342,0.45082595249384844,0.16598533064033513,0.7171717171717172,0.28,0.0,0.10317165084795579,0.18264017370153082,0.10587733590506189,0.0,0.0,0.0,0.0,0.0,0.0,0.0,1.0,0.0,0.0,0.0,0.0,0.0,0.0,0.0,0.0,0.0,0.0,1.0,0.0,0.0,0.0,0.0,0.0,0.0,1.0,0.0,0.0,False
0.25,0.5192307692307692,0.9242424242424243,0.14158096647317533,0.7985524728588661,0.6374525969270481,0.4770064087314391,0.35076301615798927,0.5656565656565656,0.43,0.23076923076923078,0.6923167965575069,0.17522343830969378,0.1082061137053058,0.0,0.0,0.0,1.0,0.0,0.0,0.0,0.0,0.0,0.0,0.0,0.0,0.0,0.0,0.0,0.0,0.0,0.0,1.0,0.0,0.0,0.0,0.0,0.0,1.0,0.0,0.0,0.0,False
0.25,0.39743589743589736,0.7727272727272727,0.14385264558602096,0.6924004825090471,0.5214374279437035,0.48482136190282543,0.2574650807899462,0.6464646464646466,0.36,0.0,0.6524885033311678,0.20355949993034375,0.26379079688020746,1.0,0.0,0.0,0.0,0.0,0.0,0.0,0.0,0.0,0.0,0.0,0.0,0.0,0.0,0.0,0.0,0.0,0.0,1.0,0.0,0.0,0.0,0.0,0.0,0.0,1.0,0.0,0.0,False
0.5500000000000114,0.23717948717948711,0.9545454545454546,3.725285524509026e-06,0.1037394451145959,0.11538433650199763,0.3454157311037739,0.6639824506283662,0.33333333333333337,0.67,0.7692307692307693,0.18059885194061828,0.0,0.10376668917399683,0.0,0.0,0.0,0.0,1.0,0.0,0.0,0.0,0.0,0.0,0.0,1.0,0.0,0.0,0.0,0.0,0.0,0.0,0.0,0.0,0.0,0.0,0.0,0.0,1.0,0.0,0.0,0.0,True
0.9500000000000028,0.33974358974358976,0.46969696969696967,0.00016540267728820074,0.17611580217129075,0.10088244037907956,0.31473438875311555,0.07279530221424298,0.8080808080808083,0.19,0.07692307692307693,0.1360071574292434,0.0007388200506087657,0.1082061137053058,0.0,0.0,0.0,1.0,0.0,0.0,0.0,0.0,0.0,0.0,0.0,0.0,0.0,0.0,0.0,0.0,0.0,0.0,1.0,0.0,0.0,0.0,0.0,1.0,0.0,0.0,0.0,0.0,False
0.20000000000000284,0.33333333333333326,0.696969696969697,0.04341671267394289,0.5693606755126659,0.4344260512061952,0.5769249674620125,0.19472125224416517,0.7373737373737375,0.26,0.0,0.5909376792367483,0.0736480827423272,0.26379079688020746,1.0,0.0,0.0,0.0,0.0,0.0,0.0,0.0,0.0,0.0,0.0,0.0,0.0,0.0,0.0,0.0,0.0,0.0,1.0,0.0,0.0,0.0,0.0,0.0,1.0,0.0,0.0,0.0,False
0.30000000000001137,0.3012820512820512,0.8787878787878789,0.23563175999624492,0.8009650180940894,0.19514476517804702,0.1735377754785157,0.25294296080191503,0.393939393939394,0.6,0.0,0.277534226133607,0.2908249493746047,0.10800812381772883,0.0,0.0,0.0,0.0,0.0,1.0,0.0,0.0,0.0,0.0,0.0,0.0,0.0,0.0,0.0,0.0,0.0,0.0,1.0,0.0,0.0,0.0,0.0,0.0,0.0,1.0,0.0,0.0,False
0.05000000000001137,0.39743589743589736,0.8484848484848486,0.033193784137585225,0.6489746682750303,0.1298862326249157,0.12061547488906595,0.06161371184919211,0.6565656565656567,0.35,0.0,0.16244924996405868,0.04986209696454283,0.10798196182103102,0.0,0.0,0.0,0.0,0.0,0.0,1.0,0.0,0.0,0.0,0.0,0.0,0.0,0.0,0.0,0.0,0.0,0.0,1.0,0.0,0.0,0.0,0.0,0.0,0.0,1.0,0.0,0.0,False
0.25,0.4294871794871794,0.7424242424242424,0.024812636764544815,0.5645355850422196,0.47068079151349035,0.015309095419067718,0.3029622980251347,0.04040404040404041,0.95,0.0,0.5662778939425097,0.04240221268049069,0.10800812381772883,0.0,0.0,0.0,0.0,0.0,1.0,0.0,0.0,0.0,0.0,0.0,1.0,0.0,0.0,0.0,0.0,0.0,0.0,0.0,0.0,0.0,0.0,0.0,0.0,1.0,0.0,0.0,0.0,False
0.20000000000000284,0.23076923076923073,0.4393939393939394,0.023450672376784318,0.37756332931242464,0.14438812874783377,0.10430098537906077,0.006969711250748055,0.9393939393939394,0.06,0.0,0.22826447329319902,0.057690280378599204,0.10376668917399683,0.0,0.0,0.0,0.0,1.0,0.0,0.0,0.0,0.0,0.0,0.0,0.0,0.0,0.0,0.0,0.0,0.0,0.0,1.0,0.0,0.0,0.0,0.0,0.0,1.0,0.0,0.0,0.0,False
0.8500000000000085,0.19871794871794868,0.8333333333333335,0.22097052628598718,0.7635705669481304,0.07187864813324342,0.37863918535230895,0.22447140933572712,0.6161616161616162,0.38,0.38461538461538464,0.11977837723193455,0.28529142482025505,0.10376668917399683,0.0,0.0,0.0,0.0,1.0,0.0,0.0,0.0,0.0,0.0,0.0,0.0,0.0,0.0,0.0,0.0,0.0,0.0,1.0,0.0,0.0,0.0,0.0,0.0,0.0,1.0,0.0,0.0,False
0.7000000000000028,0.27564102564102566,0.7727272727272727,0.07072305556859405,0.6477683956574186,0.07187864813324342,0.11142921623036035,0.1104962223219629,0.494949494949495,0.51,0.0,0.10611699477266145,0.10647281736937717,0.1082061137053058,0.0,0.0,0.0,1.0,0.0,0.0,0.0,0.0,0.0,0.0,0.0,0.0,0.0,0.0,0.0,0.0,0.0,0.0,1.0,0.0,0.0,0.0,0.0,0.0,1.0,0.0,0.0,0.0,False
0.9000000000000057,0.4294871794871794,0.696969696969697,0.0626116188675281,0.5898673100120628,0.25315234966971933,0.3543136071559561,0.16112714691801316,0.6767676767676769,0.32,0.0,0.3045047885113617,0.10281304973584818,0.26379079688020746,1.0,0.0,0.0,0.0,0.0,0.0,0.0,0.0,0.0,0.0,0.0,0.0,0.0,0.0,0.0,0.0,0.0,0.0,1.0,0.0,0.0,0.0,0.0,0.0,0.0,1.0,0.0,0.0,False
0.05000000000001137,0.27564102564102566,0.5909090909090908,0.028488748520130322,0.47889022919179736,0.15889002487075185,0.1398600147672852,0.04091374925194494,0.7676767676767678,0.23,0.0,0.2345339898898284,0.0566101953961738,0.10800812381772883,0.0,0.0,0.0,0.0,0.0,1.0,0.0,0.0,0.0,0.0,0.0,0.0,0.0,0.0,0.0,0.0,0.0,0.0,1.0,0.0,0.0,0.0,0.0,0.0,1.0,0.0,0.0,0.0,False
0.5,0.28205128205128205,0.42424242424242425,0.015570203378237923,0.35102533172496986,0.18064286905512894,0.11346299255486451,0.05054142728904848,0.6868686868686869,0.31,0.0,0.2641379077673061,0.04083792904232814,0.10587733590506189,0.0,0.0,0.0,0.0,0.0,0.0,0.0,1.0,0.0,0.0,0.0,0.0,0.0,0.0,0.0,0.0,0.0,0.0,1.0,0.0,0.0,0.0,0.0,0.0,0.0,1.0,0.0,0.0,False
0.30000000000001137,0.5128205128205128,0.8484848484848486,0.22793084975997985,0.7768395657418578,0.14438812874783377,0.26505143988316254,0.7557401630760024,0.24242424242424243,0.75,0.5384615384615385,0.15775319910299082,0.2895458709532612,0.10798196182103102,0.0,0.0,0.0,0.0,0.0,0.0,1.0,0.0,0.0,0.0,0.0,0.0,0.0,0.0,0.0,0.0,0.0,0.0,1.0,0.0,0.0,0.0,0.0,0.0,0.0,1.0,0.0,0.0,True
0.45000000000000284,0.3782051282051282,0.7272727272727273,0.03312970922656367,0.571773220747889,0.13713718068637473,0.2847443958031743,0.05667627917414722,0.8282828282828283,0.17,0.0,0.17576391698784624,0.05596865936995066,0.1082061137053058,0.0,0.0,0.0,1.0,0.0,0.0,0.0,0.0,0.0,0.0,0.0,0.0,0.0,0.0,0.0,0.0,0.0,0.0,1.0,0.0,0.0,0.0,0.0,0.0,0.0,1.0,0.0,0.0,False
0.05000000000001137,0.39102564102564097,0.7424242424242424,0.04561239596208851,0.600723763570567,0.3256618302843097,0.15212782386971854,0.07245812387791742,0.6666666666666669,0.33,0.0,0.4107621511998116,0.07363313052304567,0.10800812381772883,0.0,0.0,0.0,0.0,0.0,1.0,0.0,0.0,0.0,0.0,0.0,0.0,0.0,0.0,0.0,0.0,0.0,0.0,1.0,0.0,0.0,0.0,0.0,0.0,0.0,1.0,0.0,0.0,False
0.05000000000001137,0.17307692307692302,0.6212121212121213,0.005239986618774396,0.4077201447527141,0.09363149231762052,0.17152600297630569,0.0011635921603830042,0.98989898989899,0.01,0.0,0.16295340557451865,0.012004157634245132,0.10376668917399683,0.0,0.0,0.0,0.0,1.0,0.0,0.0,0.0,0.0,0.0,0.0,0.0,0.0,0.0,0.0,0.0,0.0,0.0,1.0,0.0,0.0,0.0,0.0,0.0,0.0,1.0,0.0,0.0,False
0.9000000000000057,0.39102564102564097,0.6666666666666667,0.03862599548942428,0.5428226779252112,0.18064286905512894,0.12682544337546914,0.2262440903650509,0.3434343434343434,0.65,0.15384615384615385,0.22780245385546077,0.06846044413675767,0.1082061137053058,0.0,0.0,0.0,1.0,0.0,0.0,0.0,0.0,0.0,0.0,0.0,0.0,0.0,0.0,0.0,0.0,0.0,1.0,0.0,0.0,0.0,0.0,0.0,0.0,0.0,1.0,0.0,0.0,False
0.05000000000001137,0.2564102564102564,0.7272727272727273,0.030697842836164176,0.5681544028950544,0.18789381711658798,0.0574478489647717,0.0852567025733094,0.393939393939394,0.6,0.0,0.2854436400576373,0.05216174919066508,0.10376668917399683,0.0,0.0,0.0,0.0,1.0,0.0,0.0,0.0,0.0,0.0,0.0,0.0,0.0,0.0,0.0,0.0,0.0,0.0,1.0,0.0,0.0,0.0,0.0,0.0,1.0,0.0,0.0,0.0,False
0.3500000000000085,0.25,0.5454545454545454,0.029078833747212554,0.4523522316043427,0.28215614191555544,0.3299328992702838,0.20056440754039498,0.6060606060606061,0.39,0.0,0.43282493823251267,0.060849616298716845,0.10376668917399683,0.0,0.0,0.0,0.0,1.0,0.0,0.0,0.0,0.0,0.0,0.0,0.0,0.0,0.0,0.0,0.0,0.0,0.0,1.0,0.0,0.0,0.0,0.0,0.0,1.0,0.0,0.0,0.0,False
0.75,0.28205128205128205,0.5909090909090908,0.01880449627061666,0.457177322074789,0.1298862326249157,0.20304618776686997,0.1206177513464991,0.6161616161616162,0.38,0.0,0.18992808660146665,0.03895840577312843,0.10376668917399683,0.0,0.0,0.0,0.0,1.0,0.0,0.0,0.0,0.0,0.0,0.0,0.0,0.0,0.0,0.0,0.0,0.0,0.0,1.0,0.0,0.0,0.0,0.0,0.0,1.0,0.0,0.0,0.0,False
0.25,0.17307692307692302,0.5909090909090908,0.020699921545486853,0.46200241254523533,0.006620115580112099,0.07706049364610373,0.1686021394374626,0.30303030303030304,0.69,0.0,0.011706722436522057,0.0424836120772754,0.10798196182103102,0.0,0.0,0.0,0.0,0.0,0.0,1.0,0.0,0.0,0.0,0.0,0.0,0.0,0.0,0.0,0.0,0.0,0.0,1.0,0.0,0.0,0.0,0.0,0.0,1.0,0.0,0.0,0.0,False
0.75,0.423076923076923,0.9393939393939394,0.35336642876993307,0.8757539203860073,0.14438812874783377,0.34839267232259713,0.4012154248952723,0.4545454545454546,0.54,0.46153846153846156,0.17497106838199514,0.4008536417456276,0.1082061137053058,0.0,0.0,0.0,1.0,0.0,0.0,0.0,0.0,0.0,0.0,0.0,0.0,0.0,0.0,0.0,0.0,0.0,0.0,1.0,0.0,0.0,0.0,0.0,0.0,0.0,1.0,0.0,0.0,True
0.5,0.2435897435897436,0.46969696969696967,0.03534997939917105,0.4137515078407721,0.3474146744686868,0.4643911810540378,0.3922819569120287,0.5252525252525254,0.47,0.0,0.5381999205876836,0.08016738231138568,0.10376668917399683,0.0,0.0,0.0,0.0,1.0,0.0,0.0,0.0,0.0,0.0,0.0,0.0,0.0,0.0,0.0,0.0,0.0,0.0,1.0,0.0,0.0,0.0,0.0,1.0,0.0,0.0,0.0,0.0,False
0.9000000000000057,0.21794871794871795,0.5,0.04873344017452217,0.44752714113389636,0.09363149231762052,0.5377617135321213,0.5054422277079593,0.5050505050505052,0.49,0.0,0.15112913739104986,0.10300107265598572,0.26379079688020746,1.0,0.0,0.0,0.0,0.0,0.0,0.0,0.0,0.0,0.0,0.0,0.0,0.0,0.0,0.0,0.0,0.0,0.0,1.0,0.0,0.0,0.0,0.0,0.0,0.0,1.0,0.0,0.0,False
0.5,0.3846153846153846,0.8030303030303032,0.021686377152376844,0.5922798552472859,0.25315234966971933,0.46200167756087096,0.00454747157390784,0.98989898989899,0.01,0.0,0.3218853876524541,0.03544688676764884,0.1082061137053058,0.0,0.0,0.0,1.0,0.0,0.0,0.0,0.0,0.0,0.0,0.0,0.0,0.0,0.0,0.0,0.0,0.0,0.0,1.0,0.0,0.0,0.0,0.0,1.0,0.0,0.0,0.0,0.0,False
0.6000000000000085,0.3782051282051282,0.696969696969697,0.03601531539384836,0.5585042219541617,0.0863805442561615,0.708726994941787,0.03383678934769599,0.9494949494949495,0.05,0.0,0.11067825416206903,0.06217925274074399,0.10376668917399683,0.0,0.0,0.0,0.0,1.0,0.0,0.0,0.0,0.0,0.0,0.0,0.0,0.0,0.0,0.0,0.0,0.0,0.0,1.0,0.0,0.0,0.0,0.0,0.0,1.0,0.0,0.0,0.0,False
0.0,0.3141025641025641,0.6363636363636362,0.007254621030428877,0.4330518697225574,0.11538433650199763,0.03591550836060766,0.014072553859964095,0.7171717171717172,0.28,0.0,0.16115284982287587,0.01575762270211897,0.10376668917399683,0.0,0.0,0.0,0.0,1.0,0.0,0.0,0.0,0.0,0.0,0.0,0.0,0.0,0.0,0.0,0.0,0.0,0.0,1.0,0.0,0.0,0.0,0.0,0.0,0.0,1.0,0.0,0.0,False
0.25,0.26923076923076916,0.5,0.08572999577552622,0.47406513872135103,0.5069355318207855,0.2178466918442891,0.22336760921603832,0.48484848484848486,0.51,0.0,0.7553362478650054,0.1720180542006829,0.26379079688020746,1.0,0.0,0.0,0.0,0.0,0.0,0.0,0.0,0.0,0.0,0.0,0.0,0.0,0.0,0.0,0.0,0.0,1.0,0.0,0.0,0.0,0.0,0.0,0.0,0.0,1.0,0.0,0.0,False
0.5500000000000114,0.3205128205128205,0.7424242424242424,0.01844537874605399,0.5464414957780458,0.26765424579263736,0.5594480266384675,0.17688349790544586,0.7474747474747475,0.25,0.0,0.3705272089077131,0.032469954317831264,0.10798196182103102,0.0,0.0,0.0,0.0,0.0,0.0,1.0,0.0,0.0,0.0,1.0,0.0,0.0,0.0,0.0,0.0,0.0,0.0,0.0,0.0,0.0,0.0,0.0,1.0,0.0,0.0,0.0,0.0,False
0.8500000000000085,0.21153846153846156,0.3636363636363636,0.018419301747382426,0.3220747889022919,0.053026183173449926,0.17276535528484457,0.055943102932375824,0.7474747474747475,0.25,0.0,0.08654232086417664,0.05209955662957506,0.10798196182103102,0.0,0.0,0.0,0.0,0.0,0.0,1.0,0.0,0.0,0.0,0.0,0.0,0.0,0.0,0.0,0.0,0.0,0.0,1.0,0.0,0.0,0.0,0.0,0.0,1.0,0.0,0.0,0.0,False
0.4000000000000057,0.14102564102564097,0.5,0.02640780402613958,0.41978287092882993,0.05737675201032534,0.2001460777880614,0.16926059245960504,0.5252525252525254,0.47,0.0,0.10586519674301995,0.0591050047422928,0.10587733590506189,0.0,0.0,0.0,0.0,0.0,0.0,0.0,1.0,0.0,0.0,0.0,0.0,0.0,0.0,0.0,0.0,0.0,0.0,1.0,0.0,0.0,0.0,0.0,0.0,1.0,0.0,0.0,0.0,False
0.0,0.1923076923076923,0.696969696969697,0.12788458171376546,0.6308805790108565,0.11538433650199763,0.5304144365287694,0.38310518402154403,0.5656565656565656,0.43,0.0,0.19425984267566312,0.1973556573274988,0.10376668917399683,0.0,0.0,0.0,0.0,1.0,0.0,0.0,0.0,0.0,0.0,0.0,0.0,0.0,0.0,0.0,0.0,0.0,0.0,1.0,0.0,0.0,0.0,0.0,0.0,0.0,1.0,0.0,0.0,False
0.5500000000000114,0.3141025641025641,0.7727272727272727,0.037646990453583315,0.6091676718938481,0.1298862326249157,0.33907377843637504,0.02444287851585877,0.9292929292929295,0.07,0.0,0.18140910202885754,0.05998532640724726,0.1082061137053058,0.0,0.0,0.0,1.0,0.0,0.0,0.0,0.0,0.0,0.0,0.0,0.0,0.0,0.0,0.0,0.0,0.0,0.0,1.0,0.0,0.0,0.0,0.0,1.0,0.0,0.0,0.0,0.0,False
0.6000000000000085,0.3012820512820512,0.6818181818181819,0.06432897549432677,0.5814234016887817,0.18789381711658798,0.12325842924269076,0.10241676391382407,0.5353535353535355,0.46,0.0,0.26722195228328904,0.10705156042037953,0.10800812381772883,0.0,0.0,0.0,0.0,0.0,1.0,0.0,0.0,0.0,0.0,0.0,0.0,0.0,0.0,0.0,0.0,0.0,0.0,1.0,0.0,0.0,0.0,0.0,0.0,0.0,1.0,0.0,0.0,False
0.8500000000000085,0.21153846153846156,0.7121212121212122,0.10932148394513698,0.632086851628468,0.03562390782594824,0.43076609310656594,0.5221081762417714,0.43434343434343436,0.56,0.0,0.058183567775802275,0.16840264763430707,0.10376668917399683,0.0,0.0,0.0,0.0,1.0,0.0,0.0,0.0,0.0,0.0,0.0,0.0,0.0,0.0,0.0,0.0,0.0,0.0,1.0,0.0,0.0,0.0,0.0,0.0,1.0,0.0,0.0,0.0,False
0.10000000000000853,0.39743589743589736,0.8030303030303032,0.09669574624547099,0.6887816646562124,0.21689760936242414,0.5030976870967804,0.3053431253740275,0.6060606060606061,0.39,0.15384615384615385,0.2713468618234163,0.13748675507620833,0.10376668917399683,0.0,0.0,0.0,0.0,1.0,0.0,0.0,0.0,0.0,0.0,0.0,0.0,0.0,0.0,0.0,0.0,0.0,0.0,1.0,0.0,0.0,0.0,0.0,0.0,0.0,1.0,0.0,0.0,False
0.9500000000000028,0.16666666666666663,0.6363636363636362,0.07516732119933332,0.5597104945717732,0.3619165705916048,0.34656025538632873,0.34912478306403355,0.48484848484848486,0.51,0.0,0.63637818247557,0.12956507769906261,0.26379079688020746,1.0,0.0,0.0,0.0,0.0,0.0,0.0,0.0,0.0,0.0,0.0,0.0,0.0,0.0,0.0,0.0,0.0,0.0,1.0,0.0,0.0,0.0,0.0,0.0,0.0,1.0,0.0,0.0,False
0.3500000000000085,0.3782051282051282,0.8787878787878789,0.23570328547831548,0.8009650180940894,0.3474146744686868,0.41466874311237345,0.12275062836624777,0.7676767676767678,0.23,0.15384615384615385,0.4454045201232091,0.2909132428257587,0.26379079688020746,1.0,0.0,0.0,0.0,0.0,0.0,0.0,0.0,0.0,0.0,0.0,0.0,0.0,0.0,0.0,0.0,0.0,0.0,1.0,0.0,0.0,0.0,0.0,0.0,0.0,1.0,0.0,0.0,False
0.30000000000001137,0.3846153846153846,0.8636363636363638,0.14048722264317948,0.7551266586248493,0.042874855887407276,0.13564700747474262,0.23198314631956912,0.35353535353535354,0.64,0.07692307692307693,0.054436984542582084,0.18327054926319347,0.1082061137053058,0.0,0.0,0.0,1.0,0.0,0.0,0.0,0.0,0.0,0.0,0.0,0.0,0.0,0.0,0.0,0.0,0.0,1.0,0.0,0.0,0.0,0.0,0.0,0.0,0.0,1.0,0.0,0.0,True
0.30000000000001137,0.32692307692307687,0.37878787878787884,0.02998482318677315,0.34981905910735833,0.5069355318207855,0.045466616589821734,0.2443008827049671,0.15151515151515152,0.85,0.0,0.6956336097842173,0.07892207234233331,0.10798196182103102,0.0,0.0,0.0,0.0,0.0,0.0,1.0,0.0,0.0,0.0,0.0,0.0,0.0,0.0,0.0,0.0,0.0,1.0,0.0,0.0,0.0,0.0,0.0,0.0,0.0,1.0,0.0,0.0,False
0.15000000000000568,0.3846153846153846,0.7121212121212122,0.011593088552272087,0.5018094089264173,0.25315234966971933,0.044071454897845454,0.17670984440454818,0.19191919191919193,0.8,0.0,0.3218853876524541,0.02204971138523018,0.1082061137053058,0.0,0.0,0.0,1.0,0.0,0.0,0.0,0.0,0.0,0.0,0.0,0.0,1.0,0.0,0.0,0.0,0.0,0.0,0.0,0.0,0.0,0.0,0.0,0.0,1.0,0.0,0.0,0.0,False
0.4000000000000057,0.21153846153846156,0.7878787878787878,0.19288485365960875,0.721351025331725,0.11538433650199763,0.1791278081670965,0.5475208782166368,0.23232323232323232,0.76,0.07692307692307693,0.18816118609751808,0.2626885724259659,0.10376668917399683,0.0,0.0,0.0,0.0,1.0,0.0,0.0,0.0,0.0,0.0,0.0,0.0,0.0,0.0,0.0,0.0,1.0,0.0,0.0,0.0,0.0,0.0,0.0,0.0,1.0,0.0,0.0,0.0,True
0.20000000000000284,0.532051282051282,0.8787878787878789,0.2737898596237909,0.8118214716525936,0.4344260512061952,0.6030448531215022,0.39589376122082587,0.595959595959596,0.41,0.0,0.4652741158195325,0.33366236495422147,0.26379079688020746,1.0,0.0,0.0,0.0,0.0,0.0,0.0,0.0,0.0,0.0,0.0,0.0,0.0,0.0,0.0,0.0,0.0,0.0,1.0,0.0,0.0,0.0,0.0,0.0,0.0,1.0,0.0,0.0,False
0.05000000000001137,0.2435897435897436,0.5606060606060606,0.026751275351499314,0.457177322074789,0.23865045354680123,0.40034326272800985,0.21095152603231598,0.6464646464646466,0.35,0.0,0.3697320804587269,0.055440676960624206,0.26379079688020746,1.0,0.0,0.0,0.0,0.0,0.0,0.0,0.0,0.0,0.0,0.0,0.0,0.0,0.0,0.0,0.0,0.0,0.0,1.0,0.0,0.0,0.0,0.0,0.0,0.0,1.0,0.0,0.0,False
0.7000000000000028,0.23076923076923073,0.9393939393939394,0.6105146928986372,0.9143546441495779,0.22414855742388318,0.45880355878769497,0.8500569793536805,0.33333333333333337,0.66,0.6923076923076923,0.3543033759081962,0.6648179580530152,0.2859195739287712,0.0,1.0,0.0,0.0,0.0,0.0,0.0,0.0,0.0,0.0,0.0,0.0,0.0,0.0,0.0,0.0,0.0,0.0,1.0,0.0,0.0,0.0,0.0,0.0,0.0,1.0,0.0,0.0,True
0.5500000000000114,0.3205128205128205,0.6818181818181819,0.02286952783496091,0.5223160434258143,0.026197675346051497,0.49279030307750155,0.538776421304608,0.46464646464646464,0.53,0.0,0.03624526984829143,0.0419735284267362,0.26379079688020746,1.0,0.0,0.0,0.0,0.0,0.0,0.0,0.0,0.0,0.0,0.0,0.0,0.0,0.0,0.0,0.0,0.0,1.0,0.0,0.0,0.0,0.0,0.0,0.0,1.0,0.0,0.0,0.0,False
0.20000000000000284,0.14743589743589736,0.6515151515151516,0.058256760089377045,0.5560916767189386,0.40542225896035905,0.35910348041874507,0.08068651256732495,0.8080808080808083,0.19,0.0,0.7377494242443082,0.10100795800094545,0.26379079688020746,1.0,0.0,0.0,0.0,0.0,0.0,0.0,0.0,0.0,0.0,0.0,0.0,0.0,0.0,0.0,0.0,0.0,0.0,1.0,0.0,0.0,0.0,0.0,0.0,1.0,0.0,0.0,0.0,False
0.45000000000000284,0.21794871794871795,0.45454545454545464,0.07422184373321293,0.43667068757539207,0.4344260512061952,0.3350733688351068,0.1422847172351885,0.696969696969697,0.31,0.0,0.7007627024028418,0.16040883036464704,0.10376668917399683,0.0,0.0,0.0,0.0,1.0,0.0,0.0,0.0,0.0,0.0,0.0,0.0,0.0,0.0,0.0,0.0,0.0,0.0,1.0,0.0,0.0,0.0,0.0,0.0,1.0,0.0,0.0,0.0,False
0.05000000000001137,0.20512820512820507,0.6666666666666667,0.014007818629258838,0.48612786489746684,0.03562390782594824,0.040366473156522635,0.001251892579293836,0.9696969696969697,0.03,0.0,0.05880547025581048,0.027435290987992928,0.10376668917399683,0.0,0.0,0.0,0.0,1.0,0.0,0.0,0.0,0.0,0.0,0.0,0.0,0.0,0.0,0.0,0.0,0.0,0.0,1.0,0.0,0.0,0.0,0.0,0.0,0.0,1.0,0.0,0.0,False
0.6500000000000057,0.21794871794871795,0.6666666666666667,0.05734332007876743,0.5645355850422196,0.024747485733759688,0.13418977159722437,0.0780927289048474,0.6262626262626264,0.38,0.0,0.040032991271645134,0.09805277969720388,0.10587733590506189,0.0,0.0,0.0,0.0,0.0,0.0,0.0,1.0,0.0,0.0,0.0,0.0,0.0,0.0,0.0,0.0,0.0,0.0,1.0,0.0,0.0,0.0,0.0,0.0,1.0,0.0,0.0,0.0,False
0.9000000000000057,0.4423076923076923,0.8030303030303032,0.1122637144523942,0.6972255729794934,0.4344260512061952,0.36994313372159165,0.21122984739676842,0.6262626262626264,0.37,0.6153846153846154,0.51471652469092,0.15782079618730158,0.1082061137053058,0.0,0.0,0.0,1.0,0.0,0.0,0.0,0.0,0.0,0.0,0.0,0.0,0.0,0.0,0.0,0.0,0.0,0.0,1.0,0.0,0.0,0.0,0.0,0.0,0.0,1.0,0.0,0.0,True
0.45000000000000284,0.3012820512820512,0.6060606060606062,0.02840008672464701,0.48854041013269,0.0,0.25303326061815407,0.09378245062836625,0.7171717171717172,0.28,0.0,0.0,0.0554184148756178,0.10587733590506189,0.0,0.0,0.0,0.0,0.0,0.0,0.0,1.0,0.0,0.0,0.0,0.0,0.0,0.0,0.0,0.0,0.0,0.0,1.0,0.0,0.0,0.0,0.0,0.0,0.0,1.0,0.0,0.0,False
0.3500000000000085,0.16666666666666663,0.6363636363636362,0.07180934882754089,0.5572979493365501,0.14438812874783377,0.12946510374372056,0.041688891382405745,0.7474747474747475,0.25,0.0,0.25401297229524133,0.12426830040128813,0.10587733590506189,0.0,0.0,0.0,0.0,0.0,0.0,0.0,1.0,0.0,0.0,0.0,0.0,0.0,0.0,0.0,0.0,0.0,0.0,1.0,0.0,0.0,0.0,0.0,0.0,0.0,1.0,0.0,0.0,False
0.20000000000000284,0.4358974358974359,0.6818181818181819,0.06351239290735439,0.5802171290711702,0.5431902721280807,0.33034235327802464,0.09532678785158588,0.7676767676767678,0.23,0.0,0.6485399258019163,0.10589505216361335,0.10376668917399683,0.0,0.0,0.0,0.0,1.0,0.0,0.0,0.0,0.0,0.0,0.0,0.0,0.0,0.0,0.0,0.0,0.0,0.0,1.0,0.0,0.0,0.0,0.0,0.0,1.0,0.0,0.0,0.0,False
0.6500000000000057,0.4294871794871794,0.5909090909090908,0.10105954570888086,0.5440289505428227,0.4344260512061952,0.2407347283203795,0.48048438061041293,0.32323232323232326,0.67,0.0,0.5226490430373184,0.17882456077150546,0.26379079688020746,1.0,0.0,0.0,0.0,0.0,0.0,0.0,0.0,0.0,0.0,0.0,0.0,0.0,0.0,0.0,0.0,0.0,0.0,1.0,0.0,0.0,0.0,0.0,0.0,1.0,0.0,0.0,0.0,False
0.75,0.3782051282051282,0.696969696969697,0.025641885322300526,0.5379975874547649,0.07187864813324342,0.2555603364416206,0.3957211250748055,0.38383838383838387,0.62,0.0,0.09208235049756125,0.04580679697862783,0.10376668917399683,0.0,0.0,0.0,0.0,1.0,0.0,0.0,0.0,0.0,0.0,0.0,0.0,0.0,0.0,0.0,0.0,0.0,1.0,0.0,0.0,0.0,0.0,0.0,1.0,0.0,0.0,0.0,0.0,False
0.45000000000000284,0.20512820512820507,0.5757575757575757,0.10158853625336114,0.5343787696019301,0.3619165705916048,0.15834235743232153,0.15180754787552364,0.494949494949495,0.5,0.0,0.5961292129829038,0.18273909264056684,0.26379079688020746,1.0,0.0,0.0,0.0,0.0,0.0,0.0,0.0,0.0,0.0,0.0,0.0,0.0,0.0,0.0,0.0,0.0,0.0,1.0,0.0,0.0,0.0,0.0,0.0,0.0,1.0,0.0,0.0,False
0.45000000000000284,0.21794871794871795,0.6818181818181819,0.10704533448966196,0.6103739445114597,0.0033571889524555334,0.5029871021948809,0.19828796379413527,0.7070707070707071,0.29,0.0,0.00553471431877735,0.17033323421435764,0.10587733590506189,0.0,0.0,0.0,0.0,0.0,0.0,0.0,1.0,0.0,0.0,0.0,0.0,0.0,0.0,0.0,0.0,0.0,0.0,1.0,0.0,0.0,0.0,0.0,0.0,0.0,1.0,0.0,0.0,False
0.10000000000000853,0.16025641025641024,0.5909090909090908,0.027171487558663932,0.4764776839565742,0.09363149231762052,0.22984311530472568,0.010526900059844404,0.9595959595959597,0.05,0.0,0.16667728224268905,0.054239091684080254,0.10376668917399683,0.0,0.0,0.0,0.0,1.0,0.0,0.0,0.0,0.0,0.0,0.0,0.0,0.0,0.0,0.0,0.0,0.0,0.0,1.0,0.0,0.0,0.0,0.0,0.0,1.0,0.0,0.0,0.0,False
0.25,0.3141025641025641,0.6515151515151516,0.005582712887029226,0.4270205066344994,0.07187864813324342,0.13389679291228596,0.0008976660682226212,0.98989898989899,0.01,0.0,0.1003840932049308,0.012270540066291797,0.10376668917399683,0.0,0.0,0.0,0.0,1.0,0.0,0.0,0.0,0.0,0.0,0.0,0.0,0.0,0.0,0.0,0.0,0.0,0.0,1.0,0.0,0.0,0.0,0.0,0.0,1.0,0.0,0.0,0.0,False
0.8000000000000114,0.4487179487179487,0.8030303030303032,0.04304269400728219,0.6369119420989143,0.14438812874783377,0.09642374100662551,0.10046111609814483,0.47474747474747475,0.52,0.0,0.16968179812013132,0.06580970144748693,0.10798196182103102,0.0,0.0,0.0,0.0,0.0,0.0,1.0,0.0,0.0,0.0,0.0,0.0,0.0,0.0,0.0,0.0,0.0,1.0,0.0,0.0,0.0,0.0,0.0,0.0,1.0,0.0,0.0,0.0,False
0.0,0.23076923076923073,0.6212121212121213,0.05818374449309667,0.5355850422195416,0.3837632275420011,0.544314907543876,0.27574985038898864,0.6565656565656567,0.34,0.0,0.6065294258038301,0.10442645346118358,0.26379079688020746,1.0,0.0,0.0,0.0,0.0,0.0,0.0,0.0,0.0,0.0,0.0,0.0,1.0,0.0,0.0,0.0,0.0,0.0,0.0,0.0,0.0,0.0,0.0,0.0,0.0,1.0,0.0,0.0,False
0.20000000000000284,0.39743589743589736,0.8787878787878789,0.01932901647246753,0.6308805790108565,0.07912959619470246,0.028445989622411464,0.0710097695990425,0.2828282828282828,0.72,0.23076923076923078,0.09892564304610012,0.029790429320925068,0.10800812381772883,0.0,0.0,0.0,0.0,0.0,1.0,0.0,0.0,0.0,0.0,0.0,0.0,0.0,0.0,0.0,0.0,0.0,1.0,0.0,0.0,0.0,0.0,0.0,0.0,0.0,1.0,0.0,0.0,False
0.75,0.2435897435897436,0.6212121212121213,0.01778600320821589,0.4728588661037395,0.1298862326249157,0.20707192617802103,0.1084918013165769,0.6464646464646466,0.35,0.0,0.20126424032977028,0.03573563317532054,0.10376668917399683,0.0,0.0,0.0,0.0,1.0,0.0,0.0,0.0,0.0,0.0,0.0,0.0,0.0,0.0,0.0,0.0,0.0,0.0,1.0,0.0,0.0,0.0,0.0,0.0,1.0,0.0,0.0,0.0,False
0.5,0.1858974358974359,0.5757575757575757,0.038174490883853794,0.4849215922798553,0.1516390768092928,0.33043906468858686,0.04721378665469779,0.8686868686868687,0.13,0.0,0.2580305777645274,0.07501289822376225,0.10376668917399683,0.0,0.0,0.0,0.0,1.0,0.0,0.0,0.0,0.0,0.0,0.0,0.0,0.0,0.0,0.0,0.0,0.0,0.0,1.0,0.0,0.0,0.0,0.0,0.0,0.0,1.0,0.0,0.0,False
0.4000000000000057,0.16666666666666663,0.3181818181818182,0.00011771902257448523,0.1170084439083233,0.0863805442561615,0.24481454234553057,0.07202345152603232,0.7676767676767678,0.23,0.0,0.15204891624715375,0.0007189738151100622,0.10587733590506189,0.0,0.0,0.0,0.0,0.0,0.0,0.0,1.0,0.0,0.0,0.0,0.0,0.0,0.0,0.0,0.0,0.0,0.0,1.0,0.0,0.0,0.0,0.0,0.0,0.0,1.0,0.0,0.0,False
0.25,0.3205128205128205,0.6212121212121213,0.0004254276068989307,0.27382388419782877,0.5431902721280807,0.26766416707689056,0.32142936864153204,0.4444444444444445,0.55,0.0,0.7519900823088551,0.001345431603020348,0.26379079688020746,1.0,0.0,0.0,0.0,0.0,0.0,0.0,0.0,0.0,0.0,0.0,0.0,0.0,0.0,0.0,0.0,0.0,0.0,1.0,0.0,0.0,0.0,0.0,0.0,0.0,1.0,0.0,0.0,False
0.30000000000001137,0.25,0.7121212121212122,0.09826036616576478,0.6260554885404102,0.3256618302843097,0.2851432315521822,0.21521229802513467,0.5555555555555557,0.44,0.0,0.49955141608751114,0.15271339060518252,0.26379079688020746,1.0,0.0,0.0,0.0,0.0,0.0,0.0,0.0,0.0,0.0,0.0,0.0,0.0,0.0,0.0,0.0,0.0,0.0,1.0,0.0,0.0,0.0,0.0,0.0,1.0,0.0,0.0,0.0,False
0.75,0.23717948717948711,0.5757575757575757,0.248180756814106,0.5790108564535585,0.6338271228963186,0.43412753154983064,0.8360662253141832,0.32323232323232326,0.67,0.0,0.9916591902681252,0.4147225120824949,0.26379079688020746,1.0,0.0,0.0,0.0,0.0,0.0,0.0,0.0,0.0,0.0,0.0,0.0,0.0,0.0,0.0,0.0,0.0,0.0,1.0,0.0,0.0,0.0,0.0,0.0,1.0,0.0,0.0,0.0,False
0.8500000000000085,0.17307692307692302,0.46969696969696967,0.0159330461883251,0.3787696019300363,0.0863805442561615,0.11003003975150548,0.06857481298623579,0.6060606060606061,0.39,0.0,0.15034951531301896,0.039072034356233624,0.10798196182103102,0.0,0.0,0.0,0.0,0.0,0.0,1.0,0.0,0.0,0.0,0.0,0.0,0.0,0.0,0.0,0.0,0.0,0.0,1.0,0.0,0.0,0.0,0.0,0.0,1.0,0.0,0.0,0.0,False
0.15000000000000568,0.33974358974358976,0.5606060606060606,0.047672478857142,0.48612786489746684,0.5794450124353758,0.15018130328011653,0.18292803710353084,0.43434343434343436,0.56,0.0,0.781413262199143,0.09347581399890356,0.26379079688020746,1.0,0.0,0.0,0.0,0.0,0.0,0.0,0.0,0.0,0.0,0.0,0.0,0.0,0.0,0.0,0.0,0.0,0.0,1.0,0.0,0.0,0.0,0.0,0.0,1.0,0.0,0.0,0.0,False
0.8500000000000085,0.14743589743589736,0.22727272727272724,0.04907020598593779,0.27020506634499397,0.3619165705916048,0.6664268593644493,0.9850922576301616,0.393939393939394,0.61,0.0,0.6586087179511705,0.1614909094430188,0.39926384018223143,0.0,0.0,1.0,0.0,0.0,0.0,0.0,0.0,0.0,0.0,0.0,0.0,0.0,0.0,0.0,0.0,0.0,0.0,1.0,0.0,0.0,0.0,0.0,1.0,0.0,0.0,0.0,0.0,False
0.10000000000000853,0.34615384615384615,0.8787878787878789,0.20254898936729004,0.7913148371531967,0.5794450124353758,0.8087677101511127,0.5726115798922801,0.5757575757575758,0.42,0.46153846153846156,0.7747268482673128,0.25286046326604755,0.10800812381772883,0.0,0.0,0.0,0.0,0.0,1.0,0.0,0.0,0.0,0.0,0.0,0.0,0.0,0.0,0.0,0.0,0.0,0.0,1.0,0.0,0.0,0.0,0.0,0.0,0.0,1.0,0.0,0.0,True
0.6000000000000085,0.423076923076923,0.7121212121212122,0.07592876956054297,0.6115802171290712,0.35466562253014583,0.09851939775282613,0.41975451077199283,0.18181818181818182,0.81,0.3076923076923077,0.42998001088210575,0.12058561134792285,0.10798196182103102,0.0,0.0,0.0,0.0,0.0,0.0,1.0,0.0,0.0,0.0,0.0,0.0,0.0,0.0,0.0,0.0,0.0,1.0,0.0,0.0,0.0,0.0,0.0,0.0,0.0,1.0,0.0,0.0,True
0.15000000000000568,0.11538461538461531,0.7878787878787878,0.06928509535613357,0.6562123039806996,0.021122011703030172,0.009005058460954857,0.06541791591861161,0.12121212121212123,0.87,0.0,0.04111579971335474,0.10305618305933148,0.10800812381772883,0.0,0.0,0.0,0.0,0.0,1.0,0.0,0.0,0.0,0.0,0.0,0.0,0.0,0.0,0.0,0.0,0.0,0.0,1.0,0.0,0.0,0.0,0.0,0.0,0.0,1.0,0.0,0.0,False
0.5500000000000114,0.23076923076923073,0.6818181818181819,0.07820268384470327,0.5922798552472859,0.14438812874783377,0.04340010967653699,0.18562782016756435,0.18181818181818182,0.81,0.0,0.22826447329319902,0.12794213223620607,0.1082061137053058,0.0,0.0,0.0,1.0,0.0,0.0,0.0,0.0,0.0,0.0,0.0,0.0,0.0,0.0,0.0,0.0,0.0,1.0,0.0,0.0,0.0,0.0,0.0,0.0,0.0,1.0,0.0,0.0,False
0.3500000000000085,0.2628205128205128,0.696969696969697,0.07772510224046122,0.6019300361881785,0.2894070899770145,0.39115102839230925,0.7130747531418313,0.3434343434343434,0.65,0.0,0.4353913412269357,0.12527240281221375,0.10376668917399683,0.0,0.0,0.0,0.0,1.0,0.0,0.0,0.0,0.0,0.0,0.0,0.0,0.0,0.0,0.0,0.0,0.0,0.0,1.0,0.0,0.0,0.0,0.0,0.0,1.0,0.0,0.0,0.0,False
0.20000000000000284,0.3205128205128205,0.8636363636363638,0.3686058267935946,0.8202653799758747,0.09363149231762052,0.4482424138858054,0.28990667265110714,0.595959595959596,0.4,0.0,0.12960328886488667,0.4448609620847184,0.10798196182103102,0.0,0.0,0.0,0.0,0.0,0.0,1.0,0.0,0.0,0.0,0.0,0.0,0.0,0.0,0.0,0.0,0.0,0.0,1.0,0.0,0.0,0.0,0.0,0.0,0.0,1.0,0.0,0.0,False
0.9500000000000028,0.21794871794871795,0.8636363636363638,0.06850576562440629,0.706875753920386,0.04432504549969908,0.15773970536951704,0.024348735786953922,0.8585858585858587,0.14,0.0,0.07160768543189701,0.09505653361232957,0.2859195739287712,0.0,1.0,0.0,0.0,0.0,0.0,0.0,0.0,0.0,0.0,0.0,0.0,0.0,0.0,0.0,0.0,0.0,0.0,1.0,0.0,0.0,0.0,0.0,0.0,1.0,0.0,0.0,0.0,False
0.8000000000000114,0.19871794871794868,0.6212121212121213,0.02363321136748526,0.4873341375150785,0.1298862326249157,0.4618129515753613,0.23147094554159187,0.6565656565656567,0.34,0.0,0.2163188132774643,0.046213149379210394,0.10376668917399683,0.0,0.0,0.0,0.0,1.0,0.0,0.0,0.0,0.0,0.0,0.0,0.0,0.0,0.0,0.0,0.0,0.0,0.0,1.0,0.0,0.0,0.0,0.0,0.0,1.0,0.0,0.0,0.0,False
0.20000000000000284,0.19871794871794868,0.6363636363636362,0.15066544775324306,0.5971049457177322,0.3619165705916048,0.39602507266958015,0.584540065828845,0.393939393939394,0.6,0.0,0.6024805574595834,0.24469189812901262,0.26379079688020746,1.0,0.0,0.0,0.0,0.0,0.0,0.0,0.0,0.0,0.0,0.0,0.0,1.0,0.0,0.0,0.0,0.0,0.0,0.0,0.0,0.0,0.0,0.0,0.0,0.0,1.0,0.0,0.0,False
0.05000000000001137,0.28846153846153844,0.6363636363636362,0.022087962931918916,0.49336550060313633,0.21689760936242414,0.08698445776792205,0.051372800718132855,0.6161616161616162,0.38,0.0,0.31420008871251526,0.04270712351046159,0.26379079688020746,1.0,0.0,0.0,0.0,0.0,0.0,0.0,0.0,0.0,0.0,0.0,0.0,0.0,0.0,0.0,0.0,0.0,0.0,1.0,0.0,0.0,0.0,0.0,0.0,1.0,0.0,0.0,0.0,False
0.6000000000000085,0.2948717948717948,0.8636363636363638,0.18814778058664305,0.7744270205066346,0.1081333884405386,0.31698428927088196,0.10528706612806703,0.7373737373737375,0.26,0.0,0.1552060601844225,0.23970139840331292,0.26379079688020746,1.0,0.0,0.0,0.0,0.0,0.0,0.0,0.0,0.0,0.0,0.0,0.0,0.0,0.0,0.0,0.0,0.0,0.0,1.0,0.0,0.0,0.0,0.0,0.0,0.0,1.0,0.0,0.0,False
0.3500000000000085,0.3205128205128205,0.6060606060606062,0.01896542860527545,0.46682750301568154,0.14438812874783377,0.14724484320389356,0.04411351735487732,0.7575757575757577,0.24,0.0,0.1998727655440444,0.0385550780994198,0.10376668917399683,0.0,0.0,0.0,0.0,1.0,0.0,0.0,0.0,0.0,0.0,0.0,0.0,0.0,0.0,0.0,0.0,0.0,0.0,1.0,0.0,0.0,0.0,0.0,0.0,0.0,1.0,0.0,0.0,False
0.15000000000000568,0.34615384615384615,0.6212121212121213,0.11132494250021793,0.5705669481302775,0.5069355318207855,0.9054937537589217,0.6791665843806104,0.5555555555555557,0.44,0.0,0.6777738462557764,0.1885434392774665,0.26379079688020746,1.0,0.0,0.0,0.0,0.0,0.0,0.0,0.0,0.0,0.0,0.0,0.0,0.0,0.0,0.0,0.0,0.0,0.0,1.0,0.0,0.0,0.0,0.0,0.0,1.0,0.0,0.0,0.0,False
0.0,0.46794871794871795,0.8181818181818181,0.06487510235221979,0.6731001206272619,0.3111599341613916,0.40070067951740523,0.2112885248354279,0.6464646464646466,0.35,0.0,0.35775765064563936,0.09423349384828279,0.10798196182103102,0.0,0.0,0.0,0.0,0.0,0.0,1.0,0.0,0.0,0.0,0.0,0.0,0.0,0.0,0.0,0.0,0.0,0.0,1.0,0.0,0.0,0.0,0.0,0.0,1.0,0.0,0.0,0.0,False
0.05000000000001137,0.1923076923076923,0.6515151515151516,0.04415878955042509,0.5404101326899879,0.0863805442561615,0.24083795794670407,0.0007854578096947936,1.0,0.0,0.0,0.14547059005050295,0.07859414548892475,0.10376668917399683,0.0,0.0,0.0,0.0,1.0,0.0,0.0,0.0,0.0,0.0,0.0,0.0,0.0,0.0,0.0,0.0,0.0,0.0,1.0,0.0,0.0,0.0,0.0,0.0,0.0,1.0,0.0,0.0,False
0.45000000000000284,0.23717948717948711,0.8787878787878789,0.17580367447262996,0.7816646562123041,0.4344260512061952,0.582695425292962,0.36887049670855776,0.595959595959596,0.4,0.07692307692307693,0.6797129062960072,0.22201818494383552,0.39926384018223143,0.0,0.0,1.0,0.0,0.0,0.0,0.0,0.0,0.0,0.0,0.0,0.0,0.0,0.0,0.0,0.0,0.0,0.0,1.0,0.0,0.0,0.0,0.0,1.0,0.0,0.0,0.0,0.0,False
0.45000000000000284,0.4935897435897435,0.7727272727272727,0.22858500989808364,0.7201447527141135,0.7425913438182041,0.7518000389976865,0.8752244165170557,0.4444444444444445,0.55,0.0,0.8296091726202718,0.3118057481754146,0.1082061137053058,0.0,0.0,0.0,1.0,0.0,0.0,0.0,0.0,0.0,0.0,0.0,0.0,0.0,0.0,0.0,0.0,0.0,0.0,1.0,0.0,0.0,0.0,0.0,0.0,0.0,1.0,0.0,0.0,False
0.15000000000000568,0.057692307692307654,0.5151515151515151,0.01255570233180522,0.39324487334137526,0.14438812874783377,0.37044924488601794,0.6568074281867146,0.3434343434343434,0.65,0.0,0.31420008871251526,0.029770048478330074,0.39926384018223143,0.0,0.0,1.0,0.0,0.0,0.0,0.0,0.0,0.0,0.0,0.0,0.0,0.0,0.0,0.0,0.0,0.0,0.0,1.0,0.0,1.0,0.0,0.0,0.0,0.0,0.0,0.0,0.0,False
0.8500000000000085,0.3012820512820512,0.4393939393939394,0.0003650779814018845,0.20024125452352234,0.1298862326249157,0.15805509865610204,0.15079709006582886,0.494949494949495,0.5,0.0,0.18472376148074546,0.0015044578891660859,0.10798196182103102,0.0,0.0,0.0,0.0,0.0,0.0,1.0,0.0,0.0,0.0,0.0,0.0,0.0,0.0,0.0,0.0,1.0,0.0,0.0,0.0,0.0,0.0,0.0,0.0,1.0,0.0,0.0,0.0,False
0.5,0.28205128205128205,0.5454545454545454,0.06618193251421756,0.4921592279855248,0.26765424579263736,0.3469952862216746,0.08030760023937762,0.8080808080808083,0.19,0.0,0.39135474405160237,0.12833704055842043,0.26379079688020746,1.0,0.0,0.0,0.0,0.0,0.0,0.0,0.0,0.0,0.0,0.0,0.0,0.0,0.0,0.0,0.0,0.0,0.0,1.0,0.0,0.0,0.0,0.0,0.0,0.0,1.0,0.0,0.0,False
0.4000000000000057,0.33333333333333326,0.7272727272727273,0.08550349841563606,0.6284680337756334,0.2894070899770145,0.20701622294771885,0.3843860113704369,0.33333333333333337,0.66,0.0,0.3936593968828396,0.13240720798699246,0.1082061137053058,0.0,0.0,0.0,1.0,0.0,0.0,0.0,0.0,0.0,0.0,0.0,0.0,0.0,0.0,0.0,0.0,0.0,1.0,0.0,0.0,0.0,0.0,0.0,0.0,1.0,0.0,0.0,0.0,False
0.9500000000000028,0.2948717948717948,0.8484848484848486,0.024609236174906624,0.6284680337756334,0.1298862326249157,0.203766299472812,0.05514022292040695,0.7777777777777779,0.22,0.0,0.18642670578630255,0.038076365589438256,0.10376668917399683,0.0,0.0,0.0,0.0,1.0,0.0,0.0,0.0,0.0,0.0,0.0,0.0,0.0,0.0,0.0,0.0,0.0,0.0,1.0,0.0,0.0,0.0,0.0,1.0,0.0,0.0,0.0,0.0,False
0.0,0.3846153846153846,0.6060606060606062,0.09241464812070521,0.5500603136308806,0.5939469085582939,0.26738779007823393,0.45991320317175344,0.35353535353535354,0.64,0.0,0.7553362478650054,0.1618746706574936,0.26379079688020746,1.0,0.0,0.0,0.0,0.0,0.0,0.0,0.0,0.0,0.0,0.0,0.0,0.0,0.0,0.0,0.0,0.0,0.0,1.0,0.0,0.0,0.0,0.0,0.0,1.0,0.0,0.0,0.0,False
0.9500000000000028,0.3589743589743589,0.6515151515151516,0.05301379324218305,0.5500603136308806,0.4344260512061952,0.2482794351811806,0.3312454593058049,0.41414141414141414,0.58,0.0,0.5710440709321525,0.09284050700629035,0.26379079688020746,1.0,0.0,0.0,0.0,0.0,0.0,0.0,0.0,0.0,0.0,0.0,0.0,0.0,0.0,0.0,0.0,0.0,1.0,0.0,0.0,0.0,0.0,0.0,0.0,0.0,1.0,0.0,0.0,False
0.5,0.26923076923076916,0.7121212121212122,0.14841239506801998,0.6501809408926418,0.090006018286891,0.20530094013132758,0.1413675194494315,0.5858585858585859,0.42,0.0,0.13414451354823362,0.22271144746176796,0.26379079688020746,1.0,0.0,0.0,0.0,0.0,0.0,0.0,0.0,0.0,0.0,0.0,0.0,0.0,0.0,0.0,0.0,0.0,0.0,1.0,0.0,0.0,0.0,0.0,0.0,0.0,1.0,0.0,0.0,False
0.9500000000000028,0.23076923076923073,0.7272727272727273,0.13680440537364985,0.6562123039806996,0.3474146744686868,0.5659298380495428,0.3716884874326751,0.595959595959596,0.41,0.0,0.5490907708586464,0.2035305734403416,0.26379079688020746,1.0,0.0,0.0,0.0,0.0,0.0,0.0,0.0,0.0,0.0,0.0,0.0,0.0,0.0,0.0,0.0,0.0,0.0,1.0,0.0,0.0,0.0,0.0,0.0,0.0,1.0,0.0,0.0,False
0.3500000000000085,0.3012820512820512,0.7727272727272727,0.09461256658016554,0.6658624849215923,0.5250629019744331,0.3676218118503767,0.29534994015559546,0.5454545454545456,0.45,0.0,0.7467426863230738,0.13884292375297216,0.26379079688020746,1.0,0.0,0.0,0.0,0.0,0.0,0.0,0.0,0.0,0.0,0.0,0.0,0.0,0.0,0.0,0.0,0.0,0.0,1.0,0.0,0.0,0.0,0.0,0.0,0.0,1.0,0.0,0.0,False
0.25,0.19871794871794868,0.7272727272727273,0.0743723452684031,0.6200241254523523,0.007526484087794478,0.12415959388586092,0.018799723219628965,0.8686868686868687,0.14,0.0,0.012678830993924962,0.11661981034425609,0.10376668917399683,0.0,0.0,0.0,0.0,1.0,0.0,0.0,0.0,0.0,0.0,0.0,0.0,0.0,0.0,0.0,0.0,0.0,0.0,1.0,0.0,0.0,0.0,0.0,0.0,0.0,1.0,0.0,0.0,False
0.20000000000000284,0.3589743589743589,0.6212121212121213,0.027871096180166727,0.496984318455971,0.3619165705916048,0.2897266843150911,0.09150283512866547,0.7474747474747475,0.25,0.0,0.4757205311392974,0.05354230434077885,0.10376668917399683,0.0,0.0,0.0,0.0,1.0,0.0,0.0,0.0,0.0,0.0,0.0,0.0,0.0,0.0,0.0,0.0,0.0,0.0,1.0,0.0,0.0,0.0,0.0,0.0,1.0,0.0,0.0,0.0,False
0.4000000000000057,0.21153846153846156,0.6212121212121213,0.026649202528127768,0.49457177322074797,0.26765424579263736,0.37126444813677384,0.389720249850389,0.47474747474747475,0.52,0.0,0.4363002756207938,0.051420775653581725,0.2859195739287712,0.0,1.0,0.0,0.0,0.0,0.0,0.0,0.0,0.0,0.0,0.0,0.0,0.0,0.0,0.0,0.0,0.0,0.0,1.0,0.0,0.0,0.0,0.0,1.0,0.0,0.0,0.0,0.0,False
0.25,0.2628205128205128,0.4848484848484848,0.059517396710870904,0.4463208685162847,0.38366941477598193,0.6213241700292316,0.230395631358468,0.7171717171717172,0.28,0.0,0.5771851066688076,0.1261102068454347,0.10376668917399683,0.0,0.0,0.0,0.0,1.0,0.0,0.0,0.0,0.0,0.0,0.0,0.0,0.0,0.0,0.0,0.0,0.0,0.0,1.0,0.0,0.0,0.0,0.0,0.0,1.0,0.0,0.0,0.0,False
0.7000000000000028,0.32692307692307687,0.696969696969697,0.09175303741155241,0.6115802171290712,0.20239571323950606,0.2030839252134181,0.2433182525433872,0.4444444444444445,0.55,0.0,0.27771514321870033,0.14572626008611994,0.26379079688020746,1.0,0.0,0.0,0.0,0.0,0.0,0.0,0.0,0.0,0.0,0.0,0.0,0.0,0.0,0.0,0.0,0.0,0.0,1.0,0.0,0.0,0.0,0.0,0.0,0.0,1.0,0.0,0.0,False
0.6000000000000085,0.19871794871794868,0.893939393939394,0.2633314930422842,0.8202653799758747,0.11538433650199763,0.35193227274651523,0.1701877618192699,0.6666666666666669,0.33,0.07692307692307693,0.19218370426608183,0.31779466414346863,0.10376668917399683,0.0,0.0,0.0,0.0,1.0,0.0,0.0,0.0,0.0,0.0,0.0,0.0,0.0,0.0,0.0,0.0,0.0,0.0,1.0,0.0,0.0,0.0,0.0,0.0,1.0,0.0,0.0,0.0,False
0.9000000000000057,0.2628205128205128,0.5757575757575757,0.02464872420146642,0.46200241254523533,0.24590140160826027,0.0975840919200802,0.2127968880909635,0.30303030303030304,0.69,0.0,0.36994806486914866,0.05059630450444655,0.26379079688020746,1.0,0.0,0.0,0.0,0.0,0.0,0.0,0.0,0.0,0.0,0.0,0.0,0.0,0.0,0.0,0.0,0.0,0.0,1.0,0.0,0.0,0.0,0.0,0.0,1.0,0.0,0.0,0.0,False
0.0,0.3012820512820512,0.6666666666666667,0.02644058653875526,0.5211097708082026,0.17339192099366993,0.19426731371803538,0.03134609515260323,0.8585858585858587,0.14,0.0,0.24659740458265317,0.04863755330700194,0.10376668917399683,0.0,0.0,0.0,0.0,1.0,0.0,0.0,0.0,0.0,0.0,0.0,0.0,1.0,0.0,0.0,0.0,0.0,0.0,0.0,0.0,0.0,0.0,0.0,0.0,0.0,1.0,0.0,0.0,False
0.4000000000000057,0.1923076923076923,0.6363636363636362,0.028815828589182215,0.5078407720144753,0.4344260512061952,0.3935115060614214,0.2698992743865949,0.5858585858585859,0.42,0.0,0.7309416215524254,0.05427694333674714,0.39926384018223143,0.0,0.0,1.0,0.0,0.0,0.0,0.0,0.0,0.0,0.0,0.0,0.0,0.0,0.0,0.0,0.0,0.0,1.0,0.0,0.0,1.0,0.0,0.0,0.0,0.0,0.0,0.0,0.0,False
0.6000000000000085,0.27564102564102566,0.5606060606060606,0.06609997623267835,0.5018094089264173,0.6156997527426711,0.5024689621709264,0.8833285083782166,0.35353535353535354,0.65,0.07692307692307693,0.908723214254955,0.1259284254267163,0.2859195739287712,0.0,1.0,0.0,0.0,0.0,0.0,0.0,0.0,0.0,0.0,0.0,0.0,0.0,0.0,0.0,0.0,0.0,0.0,1.0,0.0,0.0,0.0,0.0,1.0,0.0,0.0,0.0,0.0,False
0.6000000000000085,0.21794871794871795,0.6515151515151516,0.10942132159719382,0.5910735826296744,0.1081333884405386,0.11564571127212181,0.17133758976660682,0.393939393939394,0.6,0.0,0.17451779973197717,0.1793728162667004,0.10800812381772883,0.0,0.0,0.0,0.0,0.0,1.0,0.0,0.0,0.0,0.0,0.0,0.0,0.0,0.0,0.0,0.0,0.0,0.0,1.0,0.0,0.0,0.0,0.0,0.0,0.0,1.0,0.0,0.0,False
0.30000000000001137,0.8333333333333334,0.6212121212121213,0.015263984908123281,0.4644149577804584,0.0773168591793377,0.024571960551727202,0.16422594254937165,0.12121212121212123,0.87,0.0,0.06228554630974244,0.031168039832090703,0.10798196182103102,0.0,0.0,0.0,0.0,0.0,0.0,1.0,0.0,0.0,0.0,0.0,0.0,0.0,1.0,0.0,0.0,0.0,0.0,0.0,0.0,0.0,1.0,0.0,0.0,0.0,0.0,0.0,0.0,False
0.25,0.19871794871794868,0.5454545454545454,0.04476079569118575,0.4728588661037395,0.4344260512061952,0.6391577758384515,0.3559499925194495,0.6262626262626264,0.37,0.0,0.7231561025164955,0.08999994944189002,0.2859195739287712,0.0,1.0,0.0,0.0,0.0,0.0,0.0,0.0,0.0,0.0,0.0,0.0,0.0,0.0,0.0,0.0,0.0,0.0,1.0,0.0,0.0,0.0,0.0,1.0,0.0,0.0,0.0,0.0,False
0.4000000000000057,0.3076923076923077,0.8030303030303032,0.13683644282916063,0.7104945717732208,0.14438812874783377,0.2321722187319756,0.2600399162178336,0.4545454545454546,0.54,0.0,0.2034902418209637,0.18901017310796422,0.10800812381772883,0.0,0.0,0.0,0.0,0.0,1.0,0.0,0.0,0.0,0.0,0.0,0.0,0.0,0.0,0.0,0.0,0.0,1.0,0.0,0.0,0.0,0.0,0.0,0.0,0.0,1.0,0.0,0.0,False
0.9500000000000028,0.35256410256410253,0.5,1.1920913678428884e-05,0.07599517490952956,0.21689760936242414,0.05920414771197683,0.17865936564931179,0.24242424242424243,0.76,0.0,0.2874969313788295,8.06230855547756e-05,0.26379079688020746,1.0,0.0,0.0,0.0,0.0,0.0,0.0,0.0,0.0,0.0,0.0,1.0,0.0,0.0,0.0,0.0,0.0,0.0,0.0,0.0,0.0,0.0,0.0,0.0,0.0,1.0,0.0,0.0,False
0.75,0.2948717948717948,0.6515151515151516,0.07776757049544063,0.571773220747889,0.0863805442561615,0.2472055339450308,0.4002991921005386,0.36363636363636365,0.63,0.0,0.12398541458254249,0.1314397088486091,0.2859195739287712,0.0,1.0,0.0,0.0,0.0,0.0,0.0,0.0,0.0,0.0,0.0,0.0,0.0,0.0,0.0,0.0,0.0,0.0,1.0,0.0,0.0,0.0,0.0,0.0,1.0,0.0,0.0,0.0,False
0.30000000000001137,0.34615384615384615,0.7727272727272727,0.03148685831025519,0.5971049457177322,0.10088244037907956,0.0863233897809785,0.07077939856373429,0.5353535353535355,0.46,0.0,0.13483703499117314,0.05110113928107573,0.1082061137053058,0.0,0.0,0.0,1.0,0.0,0.0,0.0,0.0,0.0,0.0,0.0,0.0,0.0,0.0,0.0,0.0,0.0,0.0,1.0,0.0,0.0,0.0,0.0,0.0,0.0,1.0,0.0,0.0,False
0.5500000000000114,0.17307692307692302,0.6818181818181819,0.06620949962709892,0.5826296743063933,0.03562390782594824,0.1915241137013066,0.007393252543387194,0.9595959595959597,0.04,0.0,0.062122283482520926,0.10997154009944904,0.10376668917399683,0.0,0.0,0.0,0.0,1.0,0.0,0.0,0.0,0.0,0.0,0.0,0.0,0.0,0.0,0.0,0.0,0.0,0.0,1.0,0.0,0.0,0.0,0.0,0.0,0.0,1.0,0.0,0.0,False
0.7000000000000028,0.27564102564102566,1.0,0.6513624486748787,0.9674306393244874,0.02329729612146788,0.10065570615381109,0.26847726660682225,0.26262626262626265,0.73,0.38461538461538464,0.03441750583224325,0.6722338414793898,0.10798196182103102,0.0,0.0,0.0,0.0,0.0,0.0,1.0,0.0,0.0,0.0,0.0,0.0,0.0,0.0,0.0,0.0,0.0,0.0,1.0,0.0,0.0,0.0,0.0,0.0,0.0,1.0,0.0,0.0,True
0.05000000000001137,0.3076923076923077,0.8181818181818181,0.09120840066786919,0.6948130277442703,0.039249381856677756,0.047377228863577064,0.01904666367444644,0.7070707070707071,0.29,0.07692307692307693,0.05530936982765622,0.1286289337692442,0.10376668917399683,0.0,0.0,0.0,0.0,1.0,0.0,0.0,0.0,0.0,0.0,0.0,0.0,0.0,0.0,0.0,0.0,0.0,0.0,1.0,0.0,0.0,0.0,0.0,0.0,0.0,1.0,0.0,0.0,False
0.10000000000000853,0.3589743589743589,0.9090909090909092,0.4110174574330249,0.86248492159228,0.4344260512061952,0.9421308774329125,0.6909974640933573,0.5656565656565656,0.43,0.0,0.5710440709321525,0.4730537377521854,0.26379079688020746,1.0,0.0,0.0,0.0,0.0,0.0,0.0,0.0,0.0,0.0,0.0,0.0,0.0,0.0,0.0,0.0,0.0,0.0,1.0,0.0,0.0,0.0,0.0,0.0,1.0,0.0,0.0,0.0,False
0.05000000000001137,0.3782051282051282,0.8787878787878789,0.32950672004255765,0.8238841978287095,0.3256618302843097,0.5931251750559462,0.2112831089168163,0.7272727272727273,0.27,0.15384615384615385,0.4175106646264474,0.39601798768888297,0.10800812381772883,0.0,0.0,0.0,0.0,0.0,1.0,0.0,0.0,0.0,0.0,0.0,0.0,0.0,0.0,0.0,0.0,0.0,0.0,1.0,0.0,0.0,0.0,0.0,0.0,0.0,1.0,0.0,0.0,True
0.3500000000000085,0.3717948717948718,0.893939393939394,0.3803658081373647,0.8455971049457178,0.11538433650199763,0.1823873500792936,0.4259425493716338,0.2828282828282828,0.71,0.0,0.14909954272510162,0.44604417679935415,0.26379079688020746,1.0,0.0,0.0,0.0,0.0,0.0,0.0,0.0,0.0,0.0,0.0,0.0,0.0,0.0,0.0,0.0,0.0,1.0,0.0,0.0,0.0,0.0,0.0,0.0,0.0,1.0,0.0,0.0,False
0.3500000000000085,0.5448717948717948,0.9393939393939394,0.46777143734181503,0.8950542822677926,0.14438812874783377,0.14144187955022422,0.28665560293237585,0.31313131313131315,0.68,0.15384615384615385,0.15239338940947839,0.5197899664361056,0.2859195739287712,0.0,1.0,0.0,0.0,0.0,0.0,0.0,0.0,0.0,0.0,0.0,0.0,0.0,0.0,0.0,0.0,0.0,0.0,1.0,0.0,0.0,0.0,0.0,0.0,0.0,1.0,0.0,0.0,False
0.7000000000000028,0.17307692307692302,0.5606060606060606,0.03199275208448352,0.46562123039807,0.20239571323950606,0.1572721764620052,0.38165694943147815,0.2828282828282828,0.71,0.0,0.35201175949701446,0.06522145485750194,0.26379079688020746,1.0,0.0,0.0,0.0,0.0,0.0,0.0,0.0,0.0,0.0,0.0,1.0,0.0,0.0,0.0,0.0,0.0,0.0,0.0,0.0,0.0,0.0,0.0,0.0,1.0,0.0,0.0,0.0,False
0.05000000000001137,0.3782051282051282,0.7272727272727273,0.11773839405921267,0.6477683956574186,0.25315234966971933,0.2441228441698916,0.3213311564931179,0.41414141414141414,0.58,0.0,0.3245311463039085,0.17728434708461413,0.10587733590506189,0.0,0.0,0.0,0.0,0.0,0.0,0.0,1.0,0.0,0.0,0.0,0.0,0.0,0.0,0.0,0.0,0.0,0.0,1.0,0.0,0.0,0.0,0.0,0.0,0.0,1.0,0.0,0.0,False
0.05000000000001137,0.27564102564102566,0.6818181818181819,0.023864179070004817,0.5247285886610374,0.1516390768092928,0.31093388143596495,0.029021992818671457,0.9090909090909093,0.09,0.0,0.22383257363006448,0.0436163550376249,0.10798196182103102,0.0,0.0,0.0,0.0,0.0,0.0,1.0,0.0,0.0,0.0,0.0,0.0,1.0,0.0,0.0,0.0,0.0,0.0,0.0,0.0,0.0,0.0,0.0,0.0,0.0,1.0,0.0,0.0,False
0.6000000000000085,0.33333333333333326,0.7272727272727273,0.1681459775484492,0.6682750301568156,0.6156997527426711,0.9786495571434305,0.61118171005386,0.6060606060606061,0.39,0.0,0.837535532179134,0.24595699370998508,0.26379079688020746,1.0,0.0,0.0,0.0,0.0,0.0,0.0,0.0,0.0,0.0,0.0,0.0,0.0,0.0,0.0,0.0,1.0,0.0,0.0,0.0,0.0,0.0,0.0,0.0,0.0,1.0,0.0,0.0,False
0.15000000000000568,0.40384615384615385,0.8484848484848486,0.05196102755295679,0.6779252110977081,0.11900981053272715,0.10025490951468684,0.02785394973070018,0.7777777777777779,0.22,0.23076923076923078,0.14764868168555473,0.07496439243799718,0.10800812381772883,0.0,0.0,0.0,0.0,0.0,1.0,0.0,0.0,0.0,0.0,0.0,0.0,0.0,0.0,0.0,0.0,0.0,0.0,1.0,0.0,0.0,0.0,0.0,0.0,0.0,1.0,0.0,0.0,False
0.25,0.23717948717948711,0.5303030303030303,0.018179393359604046,0.41978287092882993,0.3619165705916048,0.15186908713155553,0.014047860562537403,0.9090909090909093,0.09,0.0,0.5662778939425097,0.04067505764399607,0.10376668917399683,0.0,0.0,0.0,0.0,1.0,0.0,0.0,0.0,0.0,0.0,0.0,0.0,0.0,0.0,0.0,0.0,0.0,0.0,1.0,0.0,0.0,0.0,0.0,0.0,1.0,0.0,0.0,0.0,False
0.05000000000001137,0.21794871794871795,0.6212121212121213,0.019911651128500744,0.47889022919179736,0.1661409729322109,0.2111093679254398,0.08488085727109515,0.7070707070707071,0.29,0.0,0.26807244909568645,0.03955334321762665,0.10376668917399683,0.0,0.0,0.0,0.0,1.0,0.0,0.0,0.0,0.0,0.0,0.0,0.0,0.0,0.0,0.0,0.0,0.0,0.0,1.0,0.0,0.0,0.0,0.0,0.0,1.0,0.0,0.0,0.0,False
0.0,0.3589743589743589,0.7121212121212122,0.025343862480339804,0.5476477683956575,0.06462770007178438,0.046120182040667805,0.05246917265110712,0.4545454545454546,0.54,0.0,0.08489401798859186,0.04453987653472623,0.26379079688020746,1.0,0.0,0.0,0.0,0.0,0.0,0.0,0.0,0.0,0.0,0.0,0.0,0.0,0.0,0.0,0.0,0.0,0.0,1.0,0.0,0.0,0.0,0.0,0.0,0.0,1.0,0.0,0.0,False
0.0,0.21794871794871795,0.4393939393939394,0.008253742608102197,0.3329312424607962,0.20239571323950606,0.12951297891466484,0.10877211998803113,0.5353535353535355,0.46,0.0,0.3265441049480047,0.022657685896480914,0.10798196182103102,0.0,0.0,0.0,0.0,0.0,0.0,1.0,0.0,0.0,0.0,0.0,0.0,0.0,0.0,0.0,0.0,0.0,0.0,1.0,0.0,0.0,0.0,0.0,0.0,0.0,1.0,0.0,0.0,False
0.30000000000001137,0.1858974358974359,0.5909090909090908,0.06643376181567437,0.5223160434258143,0.2313995054853422,0.6207643165246194,0.14256034560143627,0.8080808080808083,0.19,0.0,0.3936593968828396,0.12201388193183206,0.10376668917399683,0.0,0.0,0.0,0.0,1.0,0.0,0.0,0.0,0.0,0.0,0.0,0.0,0.0,0.0,0.0,0.0,0.0,0.0,1.0,0.0,0.0,0.0,0.0,1.0,0.0,0.0,0.0,0.0,False
0.75,0.26923076923076916,0.7121212121212122,0.18871178881505374,0.6646562123039808,0.47068079151349035,0.4166532491662458,0.7877019748653501,0.33333333333333337,0.66,0.0,0.701319575315721,0.2774469361972438,0.10376668917399683,0.0,0.0,0.0,0.0,1.0,0.0,0.0,0.0,0.0,0.0,0.0,0.0,0.0,0.0,0.0,0.0,0.0,0.0,1.0,0.0,0.0,0.0,0.0,0.0,0.0,1.0,0.0,0.0,False
0.0,0.26923076923076916,0.5606060606060606,0.0071637240636308564,0.3920386007237636,0.3619165705916048,0.04794885545944128,0.0587528052064632,0.4444444444444445,0.56,0.0,0.5392695576678675,0.017013819324120275,0.10376668917399683,0.0,0.0,0.0,0.0,1.0,0.0,0.0,0.0,0.0,0.0,0.0,0.0,0.0,0.0,0.0,0.0,0.0,0.0,1.0,0.0,0.0,0.0,0.0,0.0,0.0,1.0,0.0,0.0,False
0.0,0.1282051282051282,0.5454545454545454,0.10548965525462699,0.5150784077201448,0.09363149231762052,0.361367285430064,0.1978674670855775,0.6363636363636365,0.36,0.0,0.17677212863230754,0.1962613025956629,0.10376668917399683,0.0,0.0,0.0,0.0,1.0,0.0,0.0,0.0,0.0,0.0,0.0,0.0,0.0,0.0,0.0,0.0,0.0,0.0,1.0,0.0,0.0,0.0,0.0,0.0,1.0,0.0,0.0,0.0,False
0.10000000000000853,0.46153846153846145,0.8636363636363638,0.1344708865210974,0.7527141133896261,0.03199843379521872,0.10059831330277622,0.08111840215439857,0.5454545454545456,0.45,0.0,0.0369145029595215,0.17594856116483296,0.10798196182103102,0.0,0.0,0.0,0.0,0.0,0.0,1.0,0.0,0.0,0.0,0.0,0.0,0.0,0.0,0.0,0.0,0.0,0.0,1.0,0.0,0.0,0.0,0.0,0.0,0.0,1.0,0.0,0.0,False
0.5500000000000114,0.32692307692307687,0.6212121212121213,0.07409667413958944,0.5488540410132691,0.26765424579263736,0.25532291372646176,0.475111894075404,0.33333333333333337,0.66,0.0,0.3672691003398825,0.1300420675958118,0.10798196182103102,0.0,0.0,0.0,0.0,0.0,0.0,1.0,0.0,0.0,0.0,0.0,0.0,0.0,0.0,0.0,0.0,0.0,0.0,1.0,0.0,0.0,0.0,0.0,0.0,1.0,0.0,0.0,0.0,False
0.45000000000000284,0.39743589743589736,0.6363636363636362,0.03807539828890185,0.5223160434258143,0.4344260512061952,0.3136473193260261,0.2812938061041293,0.5151515151515152,0.48,0.0,0.5435908914718103,0.06991119966009122,0.10376668917399683,0.0,0.0,0.0,0.0,1.0,0.0,0.0,0.0,0.0,0.0,0.0,0.0,0.0,0.0,0.0,0.0,0.0,0.0,1.0,0.0,0.0,0.0,0.0,0.0,1.0,0.0,0.0,0.0,False
0.15000000000000568,0.3717948717948718,0.7727272727272727,0.20383123264482605,0.7141133896260556,0.15889002487075185,0.4019870854381835,0.3271825777977259,0.5353535353535355,0.46,0.0,0.20534830918138136,0.28023491716813065,0.26379079688020746,1.0,0.0,0.0,0.0,0.0,0.0,0.0,0.0,0.0,0.0,0.0,0.0,0.0,0.0,0.0,0.0,0.0,0.0,1.0,0.0,0.0,0.0,0.0,0.0,0.0,1.0,0.0,0.0,False
0.3500000000000085,0.14743589743589736,0.893939393939394,0.08775953132927873,0.7442702050663451,0.0004568097278719193,0.07235008681162818,0.08600238629563137,0.4444444444444445,0.55,0.07692307692307693,0.0010813498323507826,0.11603670496331824,0.10798196182103102,0.0,0.0,0.0,0.0,0.0,0.0,1.0,0.0,0.0,0.0,0.0,0.0,0.0,0.0,0.0,0.0,1.0,0.0,0.0,0.0,0.0,0.0,0.0,0.0,0.0,1.0,0.0,0.0,True
0.30000000000001137,0.21794871794871795,0.8181818181818181,0.1022359908775208,0.7020506634499397,0.03562390782594824,0.18634635622205703,0.0212216262716936,0.8989898989898991,0.11,0.0,0.05757448802734062,0.14279508741921784,0.10376668917399683,0.0,0.0,0.0,0.0,1.0,0.0,0.0,0.0,0.0,0.0,0.0,0.0,0.0,0.0,0.0,0.0,0.0,0.0,1.0,0.0,0.0,0.0,0.0,0.0,0.0,1.0,0.0,0.0,False
0.3500000000000085,0.34615384615384615,0.7272727272727273,0.09885566679258131,0.6369119420989143,0.5431902721280807,0.9205081188678877,0.6334610487731898,0.5757575757575758,0.42,0.0,0.7262503472615446,0.15120363709133575,0.10376668917399683,0.0,0.0,0.0,0.0,1.0,0.0,0.0,0.0,0.0,0.0,0.0,0.0,0.0,0.0,0.0,0.0,0.0,0.0,1.0,0.0,0.0,0.0,0.0,1.0,0.0,0.0,0.0,0.0,False
0.6000000000000085,0.3205128205128205,0.8333333333333335,0.4332022777885811,0.8069963811821472,0.21689760936242414,0.5144903656663239,0.8230147666068223,0.37373737373737376,0.62,0.0,0.3002577322285554,0.5309413651136664,0.26379079688020746,1.0,0.0,0.0,0.0,0.0,0.0,0.0,0.0,0.0,0.0,0.0,0.0,0.0,0.0,0.0,0.0,0.0,0.0,1.0,0.0,0.0,0.0,0.0,0.0,0.0,1.0,0.0,0.0,False
0.5500000000000114,0.2564102564102564,0.7878787878787878,0.06982749692850208,0.6574185765983113,0.3256618302843097,0.6861266280212686,0.5726585876720527,0.5353535353535355,0.46,0.07692307692307693,0.4946926919718559,0.10368569036559597,0.2859195739287712,0.0,1.0,0.0,0.0,0.0,0.0,0.0,0.0,0.0,0.0,0.0,0.0,0.0,0.0,0.0,0.0,0.0,0.0,1.0,0.0,0.0,0.0,0.0,1.0,0.0,0.0,0.0,0.0,True
